0,1,2,3
6.097560975609757e-07,6.097560975609757e-07,6.097560975609757e-07,6.097560975609757e-07
1.2195121951219514e-06,1.2195121951219514e-06,1.2195121951219514e-06,1.2195121951219514e-06
1.8292682926829268e-06,1.8292682926829268e-06,1.8292682926829268e-06,1.8292682926829268e-06
2.4390243902439027e-06,2.4390243902439027e-06,2.4390243902439027e-06,2.4390243902439027e-06
3.0487804878048782e-06,3.0487804878048782e-06,3.0487804878048782e-06,3.0487804878048782e-06
3.6585365853658537e-06,3.6585365853658537e-06,3.6585365853658537e-06,3.6585365853658537e-06
4.26829268292683e-06,4.26829268292683e-06,4.26829268292683e-06,4.26829268292683e-06
4.8780487804878055e-06,4.8780487804878055e-06,4.8780487804878055e-06,4.8780487804878055e-06
5.487804878048781e-06,5.487804878048781e-06,5.487804878048781e-06,5.487804878048781e-06
6.0975609756097564e-06,6.0975609756097564e-06,6.0975609756097564e-06,6.0975609756097564e-06
6.707317073170733e-06,6.707317073170733e-06,6.707317073170733e-06,6.707317073170733e-06
7.317073170731707e-06,7.317073170731707e-06,7.317073170731707e-06,7.317073170731707e-06
7.926829268292683e-06,7.926829268292683e-06,7.926829268292683e-06,7.926829268292683e-06
8.53658536585366e-06,8.53658536585366e-06,8.53658536585366e-06,8.53658536585366e-06
9.146341463414634e-06,9.146341463414634e-06,9.146341463414634e-06,9.146341463414634e-06
9.756097560975611e-06,9.756097560975611e-06,9.756097560975611e-06,9.756097560975611e-06
1.0365853658536585e-05,1.0365853658536585e-05,1.0365853658536585e-05,1.0365853658536585e-05
1.0975609756097562e-05,1.0975609756097562e-05,1.0975609756097562e-05,1.0975609756097562e-05
1.1585365853658537e-05,1.1585365853658537e-05,1.1585365853658537e-05,1.1585365853658537e-05
1.2195121951219513e-05,1.2195121951219513e-05,1.2195121951219513e-05,1.2195121951219513e-05
1.2804878048780488e-05,1.2804878048780488e-05,1.2804878048780488e-05,1.2804878048780488e-05
1.3414634146341466e-05,1.3414634146341466e-05,1.3414634146341466e-05,1.3414634146341466e-05
1.4024390243902441e-05,1.4024390243902441e-05,1.4024390243902441e-05,1.4024390243902441e-05
1.4634146341463415e-05,1.4634146341463415e-05,1.4634146341463415e-05,1.4634146341463415e-05
1.524390243902439e-05,1.524390243902439e-05,1.524390243902439e-05,1.524390243902439e-05
1.5853658536585366e-05,1.5853658536585366e-05,1.5853658536585366e-05,1.5853658536585366e-05
1.6463414634146345e-05,1.6463414634146345e-05,1.6463414634146345e-05,1.6463414634146345e-05
1.707317073170732e-05,1.707317073170732e-05,1.707317073170732e-05,1.707317073170732e-05
1.7682926829268292e-05,1.7682926829268292e-05,1.7682926829268292e-05,1.7682926829268292e-05
1.8292682926829268e-05,1.8292682926829268e-05,1.8292682926829268e-05,1.8292682926829268e-05
1.8902439024390246e-05,1.8902439024390246e-05,1.8902439024390246e-05,1.8902439024390246e-05
1.9512195121951222e-05,1.9512195121951222e-05,1.9512195121951222e-05,1.9512195121951222e-05
2.0121951219512197e-05,2.0121951219512197e-05,2.0121951219512197e-05,2.0121951219512197e-05
2.073170731707317e-05,2.073170731707317e-05,2.073170731707317e-05,2.073170731707317e-05
2.134146341463415e-05,2.134146341463415e-05,2.134146341463415e-05,2.134146341463415e-05
2.1951219512195124e-05,2.1951219512195124e-05,2.1951219512195124e-05,2.1951219512195124e-05
2.25609756097561e-05,2.25609756097561e-05,2.25609756097561e-05,2.25609756097561e-05
2.3170731707317075e-05,2.3170731707317075e-05,2.3170731707317075e-05,2.3170731707317075e-05
2.378048780487805e-05,2.378048780487805e-05,2.378048780487805e-05,2.378048780487805e-05
2.4390243902439026e-05,2.4390243902439026e-05,2.4390243902439026e-05,2.4390243902439026e-05
2.5e-05,2.5e-05,2.5e-05,2.5e-05
2.5609756097560977e-05,2.5609756097560977e-05,2.5609756097560977e-05,2.5609756097560977e-05
2.6219512195121952e-05,2.6219512195121952e-05,2.6219512195121952e-05,2.6219512195121952e-05
2.682926829268293e-05,2.682926829268293e-05,2.682926829268293e-05,2.682926829268293e-05
2.7439024390243906e-05,2.7439024390243906e-05,2.7439024390243906e-05,2.7439024390243906e-05
2.8048780487804882e-05,2.8048780487804882e-05,2.8048780487804882e-05,2.8048780487804882e-05
2.8658536585365854e-05,2.8658536585365854e-05,2.8658536585365854e-05,2.8658536585365854e-05
2.926829268292683e-05,2.926829268292683e-05,2.926829268292683e-05,2.926829268292683e-05
2.9878048780487805e-05,2.9878048780487805e-05,2.9878048780487805e-05,2.9878048780487805e-05
3.048780487804878e-05,3.048780487804878e-05,3.048780487804878e-05,3.048780487804878e-05
3.109756097560976e-05,3.109756097560976e-05,3.109756097560976e-05,3.109756097560976e-05
3.170731707317073e-05,3.170731707317073e-05,3.170731707317073e-05,3.170731707317073e-05
3.231707317073171e-05,3.231707317073171e-05,3.231707317073171e-05,3.231707317073171e-05
3.292682926829269e-05,3.292682926829269e-05,3.292682926829269e-05,3.292682926829269e-05
3.353658536585366e-05,3.353658536585366e-05,3.353658536585366e-05,3.353658536585366e-05
3.414634146341464e-05,3.414634146341464e-05,3.414634146341464e-05,3.414634146341464e-05
3.475609756097561e-05,3.475609756097561e-05,3.475609756097561e-05,3.475609756097561e-05
3.5365853658536584e-05,3.5365853658536584e-05,3.5365853658536584e-05,3.5365853658536584e-05
3.597560975609756e-05,3.597560975609756e-05,3.597560975609756e-05,3.597560975609756e-05
3.6585365853658535e-05,3.6585365853658535e-05,3.6585365853658535e-05,3.6585365853658535e-05
3.7195121951219514e-05,3.7195121951219514e-05,3.7195121951219514e-05,3.7195121951219514e-05
3.780487804878049e-05,3.780487804878049e-05,3.780487804878049e-05,3.780487804878049e-05
3.8414634146341465e-05,3.8414634146341465e-05,3.8414634146341465e-05,3.8414634146341465e-05
3.9024390243902444e-05,3.9024390243902444e-05,3.9024390243902444e-05,3.9024390243902444e-05
3.9634146341463416e-05,3.9634146341463416e-05,3.9634146341463416e-05,3.9634146341463416e-05
4.0243902439024395e-05,4.0243902439024395e-05,4.0243902439024395e-05,4.0243902439024395e-05
4.085365853658537e-05,4.085365853658537e-05,4.085365853658537e-05,4.085365853658537e-05
4.146341463414634e-05,4.146341463414634e-05,4.146341463414634e-05,4.146341463414634e-05
4.207317073170732e-05,4.207317073170732e-05,4.207317073170732e-05,4.207317073170732e-05
4.26829268292683e-05,4.26829268292683e-05,4.26829268292683e-05,4.26829268292683e-05
4.329268292682927e-05,4.329268292682927e-05,4.329268292682927e-05,4.329268292682927e-05
4.390243902439025e-05,4.390243902439025e-05,4.390243902439025e-05,4.390243902439025e-05
4.451219512195122e-05,4.451219512195122e-05,4.451219512195122e-05,4.451219512195122e-05
4.51219512195122e-05,4.51219512195122e-05,4.51219512195122e-05,4.51219512195122e-05
4.573170731707318e-05,4.573170731707318e-05,4.573170731707318e-05,4.573170731707318e-05
4.634146341463415e-05,4.634146341463415e-05,4.634146341463415e-05,4.634146341463415e-05
4.695121951219512e-05,4.695121951219512e-05,4.695121951219512e-05,4.695121951219512e-05
4.75609756097561e-05,4.75609756097561e-05,4.75609756097561e-05,4.75609756097561e-05
4.817073170731707e-05,4.817073170731707e-05,4.817073170731707e-05,4.817073170731707e-05
4.878048780487805e-05,4.878048780487805e-05,4.878048780487805e-05,4.878048780487805e-05
4.9390243902439024e-05,4.9390243902439024e-05,4.9390243902439024e-05,4.9390243902439024e-05
5e-05,5e-05,5e-05,5e-05
5.060975609756098e-05,5.060975609756098e-05,5.060975609756098e-05,5.060975609756098e-05
5.121951219512195e-05,5.121951219512195e-05,5.121951219512195e-05,5.121951219512195e-05
5.182926829268293e-05,5.182926829268293e-05,5.182926829268293e-05,5.182926829268293e-05
5.2439024390243904e-05,5.2439024390243904e-05,5.2439024390243904e-05,5.2439024390243904e-05
5.304878048780488e-05,5.304878048780488e-05,5.304878048780488e-05,5.304878048780488e-05
5.365853658536586e-05,5.365853658536586e-05,5.365853658536586e-05,5.365853658536586e-05
5.4268292682926834e-05,5.4268292682926834e-05,5.4268292682926834e-05,5.4268292682926834e-05
5.487804878048781e-05,5.487804878048781e-05,5.487804878048781e-05,5.487804878048781e-05
5.5487804878048785e-05,5.5487804878048785e-05,5.5487804878048785e-05,5.5487804878048785e-05
5.6097560975609764e-05,5.6097560975609764e-05,5.6097560975609764e-05,5.6097560975609764e-05
5.670731707317073e-05,5.670731707317073e-05,5.670731707317073e-05,5.670731707317073e-05
5.731707317073171e-05,5.731707317073171e-05,5.731707317073171e-05,5.731707317073171e-05
5.792682926829268e-05,5.792682926829268e-05,5.792682926829268e-05,5.792682926829268e-05
5.853658536585366e-05,5.853658536585366e-05,5.853658536585366e-05,5.853658536585366e-05
5.914634146341463e-05,5.914634146341463e-05,5.914634146341463e-05,5.914634146341463e-05
5.975609756097561e-05,5.975609756097561e-05,5.975609756097561e-05,5.975609756097561e-05
6.036585365853659e-05,6.036585365853659e-05,6.036585365853659e-05,6.036585365853659e-05
6.097560975609756e-05,6.097560975609756e-05,6.097560975609756e-05,6.097560975609756e-05
6.158536585365854e-05,6.158536585365854e-05,6.158536585365854e-05,6.158536585365854e-05
6.219512195121952e-05,6.219512195121952e-05,6.219512195121952e-05,6.219512195121952e-05
6.28048780487805e-05,6.28048780487805e-05,6.28048780487805e-05,6.28048780487805e-05
6.341463414634146e-05,6.341463414634146e-05,6.341463414634146e-05,6.341463414634146e-05
6.402439024390244e-05,6.402439024390244e-05,6.402439024390244e-05,6.402439024390244e-05
6.463414634146342e-05,6.463414634146342e-05,6.463414634146342e-05,6.463414634146342e-05
6.52439024390244e-05,6.52439024390244e-05,6.52439024390244e-05,6.52439024390244e-05
6.585365853658538e-05,6.585365853658538e-05,6.585365853658538e-05,6.585365853658538e-05
6.646341463414634e-05,6.646341463414634e-05,6.646341463414634e-05,6.646341463414634e-05
6.707317073170732e-05,6.707317073170732e-05,6.707317073170732e-05,6.707317073170732e-05
6.76829268292683e-05,6.76829268292683e-05,6.76829268292683e-05,6.76829268292683e-05
6.829268292682928e-05,6.829268292682928e-05,6.829268292682928e-05,6.829268292682928e-05
6.890243902439025e-05,6.890243902439025e-05,6.890243902439025e-05,6.890243902439025e-05
6.951219512195122e-05,6.951219512195122e-05,6.951219512195122e-05,6.951219512195122e-05
7.012195121951219e-05,7.012195121951219e-05,7.012195121951219e-05,7.012195121951219e-05
7.073170731707317e-05,7.073170731707317e-05,7.073170731707317e-05,7.073170731707317e-05
7.134146341463415e-05,7.134146341463415e-05,7.134146341463415e-05,7.134146341463415e-05
7.195121951219513e-05,7.195121951219513e-05,7.195121951219513e-05,7.195121951219513e-05
7.25609756097561e-05,7.25609756097561e-05,7.25609756097561e-05,7.25609756097561e-05
7.317073170731707e-05,7.317073170731707e-05,7.317073170731707e-05,7.317073170731707e-05
7.378048780487805e-05,7.378048780487805e-05,7.378048780487805e-05,7.378048780487805e-05
7.439024390243903e-05,7.439024390243903e-05,7.439024390243903e-05,7.439024390243903e-05
7.500000000000001e-05,7.500000000000001e-05,7.500000000000001e-05,7.500000000000001e-05
7.560975609756099e-05,7.560975609756099e-05,7.560975609756099e-05,7.560975609756099e-05
7.621951219512195e-05,7.621951219512195e-05,7.621951219512195e-05,7.621951219512195e-05
7.682926829268293e-05,7.682926829268293e-05,7.682926829268293e-05,7.682926829268293e-05
7.743902439024391e-05,7.743902439024391e-05,7.743902439024391e-05,7.743902439024391e-05
7.804878048780489e-05,7.804878048780489e-05,7.804878048780489e-05,7.804878048780489e-05
7.865853658536587e-05,7.865853658536587e-05,7.865853658536587e-05,7.865853658536587e-05
7.926829268292683e-05,7.926829268292683e-05,7.926829268292683e-05,7.926829268292683e-05
7.987804878048781e-05,7.987804878048781e-05,7.987804878048781e-05,7.987804878048781e-05
8.048780487804879e-05,8.048780487804879e-05,8.048780487804879e-05,8.048780487804879e-05
8.109756097560977e-05,8.109756097560977e-05,8.109756097560977e-05,8.109756097560977e-05
8.170731707317073e-05,8.170731707317073e-05,8.170731707317073e-05,8.170731707317073e-05
8.231707317073171e-05,8.231707317073171e-05,8.231707317073171e-05,8.231707317073171e-05
8.292682926829268e-05,8.292682926829268e-05,8.292682926829268e-05,8.292682926829268e-05
8.353658536585366e-05,8.353658536585366e-05,8.353658536585366e-05,8.353658536585366e-05
8.414634146341464e-05,8.414634146341464e-05,8.414634146341464e-05,8.414634146341464e-05
8.475609756097561e-05,8.475609756097561e-05,8.475609756097561e-05,8.475609756097561e-05
8.53658536585366e-05,8.53658536585366e-05,8.53658536585366e-05,8.53658536585366e-05
8.597560975609756e-05,8.597560975609756e-05,8.597560975609756e-05,8.597560975609756e-05
8.658536585365854e-05,8.658536585365854e-05,8.658536585365854e-05,8.658536585365854e-05
8.719512195121952e-05,8.719512195121952e-05,8.719512195121952e-05,8.719512195121952e-05
8.78048780487805e-05,8.78048780487805e-05,8.78048780487805e-05,8.78048780487805e-05
8.841463414634147e-05,8.841463414634147e-05,8.841463414634147e-05,8.841463414634147e-05
8.902439024390244e-05,8.902439024390244e-05,8.902439024390244e-05,8.902439024390244e-05
8.963414634146342e-05,8.963414634146342e-05,8.963414634146342e-05,8.963414634146342e-05
9.02439024390244e-05,9.02439024390244e-05,9.02439024390244e-05,9.02439024390244e-05
9.085365853658538e-05,9.085365853658538e-05,9.085365853658538e-05,9.085365853658538e-05
9.146341463414635e-05,9.146341463414635e-05,9.146341463414635e-05,9.146341463414635e-05
9.207317073170732e-05,9.207317073170732e-05,9.207317073170732e-05,9.207317073170732e-05
9.26829268292683e-05,9.26829268292683e-05,9.26829268292683e-05,9.26829268292683e-05
9.329268292682928e-05,9.329268292682928e-05,9.329268292682928e-05,9.329268292682928e-05
9.390243902439024e-05,9.390243902439024e-05,9.390243902439024e-05,9.390243902439024e-05
9.451219512195122e-05,9.451219512195122e-05,9.451219512195122e-05,9.451219512195122e-05
9.51219512195122e-05,9.51219512195122e-05,9.51219512195122e-05,9.51219512195122e-05
9.573170731707317e-05,9.573170731707317e-05,9.573170731707317e-05,9.573170731707317e-05
9.634146341463415e-05,9.634146341463415e-05,9.634146341463415e-05,9.634146341463415e-05
9.695121951219512e-05,9.695121951219512e-05,9.695121951219512e-05,9.695121951219512e-05
9.75609756097561e-05,9.75609756097561e-05,9.75609756097561e-05,9.75609756097561e-05
9.817073170731708e-05,9.817073170731708e-05,9.817073170731708e-05,9.817073170731708e-05
9.878048780487805e-05,9.878048780487805e-05,9.878048780487805e-05,9.878048780487805e-05
9.939024390243903e-05,9.939024390243903e-05,9.939024390243903e-05,9.939024390243903e-05
0.0001,0.0001,0.0001,0.0001
0.0001,0.0001,0.0001,0.0001
9.999992418300315e-05,9.999992418300315e-05,9.999992418300315e-05,9.999992418300315e-05
9.999969673224247e-05,9.999969673224247e-05,9.999969673224247e-05,9.999969673224247e-05
9.999931764840778e-05,9.999931764840778e-05,9.999931764840778e-05,9.999931764840778e-05
9.999878693264872e-05,9.999878693264872e-05,9.999878693264872e-05,9.999878693264872e-05
9.999810458657478e-05,9.999810458657478e-05,9.999810458657478e-05,9.999810458657478e-05
9.999727061225529e-05,9.999727061225529e-05,9.999727061225529e-05,9.999727061225529e-05
9.999628501221943e-05,9.999628501221943e-05,9.999628501221943e-05,9.999628501221943e-05
9.99951477894562e-05,9.99951477894562e-05,9.99951477894562e-05,9.99951477894562e-05
9.999385894741445e-05,9.999385894741445e-05,9.999385894741445e-05,9.999385894741445e-05
9.99924184900028e-05,9.99924184900028e-05,9.99924184900028e-05,9.99924184900028e-05
9.999082642158973e-05,9.999082642158973e-05,9.999082642158973e-05,9.999082642158973e-05
9.998908274700344e-05,9.998908274700344e-05,9.998908274700344e-05,9.998908274700344e-05
9.998718747153197e-05,9.998718747153197e-05,9.998718747153197e-05,9.998718747153197e-05
9.998514060092306e-05,9.998514060092306e-05,9.998514060092306e-05,9.998514060092306e-05
9.99829421413842e-05,9.99829421413842e-05,9.99829421413842e-05,9.99829421413842e-05
9.998059209958266e-05,9.998059209958266e-05,9.998059209958266e-05,9.998059209958266e-05
9.997809048264533e-05,9.997809048264533e-05,9.997809048264533e-05,9.997809048264533e-05
9.997543729815882e-05,9.997543729815882e-05,9.997543729815882e-05,9.997543729815882e-05
9.99726325541694e-05,9.99726325541694e-05,9.99726325541694e-05,9.99726325541694e-05
9.996967625918295e-05,9.996967625918295e-05,9.996967625918295e-05,9.996967625918295e-05
9.996656842216495e-05,9.996656842216495e-05,9.996656842216495e-05,9.996656842216495e-05
9.99633090525405e-05,9.99633090525405e-05,9.99633090525405e-05,9.99633090525405e-05
9.995989816019422e-05,9.995989816019422e-05,9.995989816019422e-05,9.995989816019422e-05
9.995633575547026e-05,9.995633575547026e-05,9.995633575547026e-05,9.995633575547026e-05
9.995262184917225e-05,9.995262184917225e-05,9.995262184917225e-05,9.995262184917225e-05
9.994875645256325e-05,9.994875645256325e-05,9.994875645256325e-05,9.994875645256325e-05
9.994473957736581e-05,9.994473957736581e-05,9.994473957736581e-05,9.994473957736581e-05
9.994057123576181e-05,9.994057123576181e-05,9.994057123576181e-05,9.994057123576181e-05
9.99362514403925e-05,9.99362514403925e-05,9.99362514403925e-05,9.99362514403925e-05
9.993178020435842e-05,9.993178020435842e-05,9.993178020435842e-05,9.993178020435842e-05
9.992715754121943e-05,9.992715754121943e-05,9.992715754121943e-05,9.992715754121943e-05
9.992238346499456e-05,9.992238346499456e-05,9.992238346499456e-05,9.992238346499456e-05
9.991745799016206e-05,9.991745799016206e-05,9.991745799016206e-05,9.991745799016206e-05
9.991238113165933e-05,9.991238113165933e-05,9.991238113165933e-05,9.991238113165933e-05
9.990715290488284e-05,9.990715290488284e-05,9.990715290488284e-05,9.990715290488284e-05
9.990177332568813e-05,9.990177332568813e-05,9.990177332568813e-05,9.990177332568813e-05
9.989624241038976e-05,9.989624241038976e-05,9.989624241038976e-05,9.989624241038976e-05
9.989056017576121e-05,9.989056017576121e-05,9.989056017576121e-05,9.989056017576121e-05
9.988472663903488e-05,9.988472663903488e-05,9.988472663903488e-05,9.988472663903488e-05
9.987874181790202e-05,9.987874181790202e-05,9.987874181790202e-05,9.987874181790202e-05
9.987260573051269e-05,9.987260573051269e-05,9.987260573051269e-05,9.987260573051269e-05
9.986631839547564e-05,9.986631839547564e-05,9.986631839547564e-05,9.986631839547564e-05
9.985987983185839e-05,9.985987983185839e-05,9.985987983185839e-05,9.985987983185839e-05
9.985329005918702e-05,9.985329005918702e-05,9.985329005918702e-05,9.985329005918702e-05
9.984654909744622e-05,9.984654909744622e-05,9.984654909744622e-05,9.984654909744622e-05
9.983965696707913e-05,9.983965696707913e-05,9.983965696707913e-05,9.983965696707913e-05
9.98326136889874e-05,9.98326136889874e-05,9.98326136889874e-05,9.98326136889874e-05
9.982541928453105e-05,9.982541928453105e-05,9.982541928453105e-05,9.982541928453105e-05
9.981807377552838e-05,9.981807377552838e-05,9.981807377552838e-05,9.981807377552838e-05
9.981057718425599e-05,9.981057718425599e-05,9.981057718425599e-05,9.981057718425599e-05
9.980292953344863e-05,9.980292953344863e-05,9.980292953344863e-05,9.980292953344863e-05
9.979513084629917e-05,9.979513084629917e-05,9.979513084629917e-05,9.979513084629917e-05
9.978718114645854e-05,9.978718114645854e-05,9.978718114645854e-05,9.978718114645854e-05
9.977908045803563e-05,9.977908045803563e-05,9.977908045803563e-05,9.977908045803563e-05
9.977082880559725e-05,9.977082880559725e-05,9.977082880559725e-05,9.977082880559725e-05
9.9762426214168e-05,9.9762426214168e-05,9.9762426214168e-05,9.9762426214168e-05
9.975387270923027e-05,9.975387270923027e-05,9.975387270923027e-05,9.975387270923027e-05
9.974516831672407e-05,9.974516831672407e-05,9.974516831672407e-05,9.974516831672407e-05
9.973631306304707e-05,9.973631306304707e-05,9.973631306304707e-05,9.973631306304707e-05
9.972730697505441e-05,9.972730697505441e-05,9.972730697505441e-05,9.972730697505441e-05
9.971815008005866e-05,9.971815008005866e-05,9.971815008005866e-05,9.971815008005866e-05
9.970884240582976e-05,9.970884240582976e-05,9.970884240582976e-05,9.970884240582976e-05
9.96993839805949e-05,9.96993839805949e-05,9.96993839805949e-05,9.96993839805949e-05
9.968977483303847e-05,9.968977483303847e-05,9.968977483303847e-05,9.968977483303847e-05
9.968001499230192e-05,9.968001499230192e-05,9.968001499230192e-05,9.968001499230192e-05
9.967010448798375e-05,9.967010448798375e-05,9.967010448798375e-05,9.967010448798375e-05
9.966004335013933e-05,9.966004335013933e-05,9.966004335013933e-05,9.966004335013933e-05
9.964983160928085e-05,9.964983160928085e-05,9.964983160928085e-05,9.964983160928085e-05
9.963946929637728e-05,9.963946929637728e-05,9.963946929637728e-05,9.963946929637728e-05
9.96289564428542e-05,9.96289564428542e-05,9.96289564428542e-05,9.96289564428542e-05
9.961829308059371e-05,9.961829308059371e-05,9.961829308059371e-05,9.961829308059371e-05
9.960747924193438e-05,9.960747924193438e-05,9.960747924193438e-05,9.960747924193438e-05
9.959651495967112e-05,9.959651495967112e-05,9.959651495967112e-05,9.959651495967112e-05
9.95854002670551e-05,9.95854002670551e-05,9.95854002670551e-05,9.95854002670551e-05
9.95741351977936e-05,9.95741351977936e-05,9.95741351977936e-05,9.95741351977936e-05
9.956271978605e-05,9.956271978605e-05,9.956271978605e-05,9.956271978605e-05
9.955115406644356e-05,9.955115406644356e-05,9.955115406644356e-05,9.955115406644356e-05
9.953943807404944e-05,9.953943807404944e-05,9.953943807404944e-05,9.953943807404944e-05
9.952757184439845e-05,9.952757184439845e-05,9.952757184439845e-05,9.952757184439845e-05
9.95155554134771e-05,9.95155554134771e-05,9.95155554134771e-05,9.95155554134771e-05
9.950338881772736e-05,9.950338881772736e-05,9.950338881772736e-05,9.950338881772736e-05
9.949107209404665e-05,9.949107209404665e-05,9.949107209404665e-05,9.949107209404665e-05
9.947860527978761e-05,9.947860527978761e-05,9.947860527978761e-05,9.947860527978761e-05
9.946598841275812e-05,9.946598841275812e-05,9.946598841275812e-05,9.946598841275812e-05
9.945322153122107e-05,9.945322153122107e-05,9.945322153122107e-05,9.945322153122107e-05
9.944030467389439e-05,9.944030467389439e-05,9.944030467389439e-05,9.944030467389439e-05
9.942723787995069e-05,9.942723787995069e-05,9.942723787995069e-05,9.942723787995069e-05
9.941402118901744e-05,9.941402118901744e-05,9.941402118901744e-05,9.941402118901744e-05
9.940065464117658e-05,9.940065464117658e-05,9.940065464117658e-05,9.940065464117658e-05
9.938713827696462e-05,9.938713827696462e-05,9.938713827696462e-05,9.938713827696462e-05
9.937347213737234e-05,9.937347213737234e-05,9.937347213737234e-05,9.937347213737234e-05
9.935965626384478e-05,9.935965626384478e-05,9.935965626384478e-05,9.935965626384478e-05
9.934569069828102e-05,9.934569069828102e-05,9.934569069828102e-05,9.934569069828102e-05
9.933157548303421e-05,9.933157548303421e-05,9.933157548303421e-05,9.933157548303421e-05
9.931731066091123e-05,9.931731066091123e-05,9.931731066091123e-05,9.931731066091123e-05
9.930289627517275e-05,9.930289627517275e-05,9.930289627517275e-05,9.930289627517275e-05
9.928833236953297e-05,9.928833236953297e-05,9.928833236953297e-05,9.928833236953297e-05
9.927361898815957e-05,9.927361898815957e-05,9.927361898815957e-05,9.927361898815957e-05
9.92587561756735e-05,9.92587561756735e-05,9.92587561756735e-05,9.92587561756735e-05
9.924374397714894e-05,9.924374397714894e-05,9.924374397714894e-05,9.924374397714894e-05
9.922858243811306e-05,9.922858243811306e-05,9.922858243811306e-05,9.922858243811306e-05
9.921327160454598e-05,9.921327160454598e-05,9.921327160454598e-05,9.921327160454598e-05
9.919781152288052e-05,9.919781152288052e-05,9.919781152288052e-05,9.919781152288052e-05
9.91822022400022e-05,9.91822022400022e-05,9.91822022400022e-05,9.91822022400022e-05
9.916644380324896e-05,9.916644380324896e-05,9.916644380324896e-05,9.916644380324896e-05
9.915053626041106e-05,9.915053626041106e-05,9.915053626041106e-05,9.915053626041106e-05
9.913447965973105e-05,9.913447965973105e-05,9.913447965973105e-05,9.913447965973105e-05
9.911827404990341e-05,9.911827404990341e-05,9.911827404990341e-05,9.911827404990341e-05
9.910191948007458e-05,9.910191948007458e-05,9.910191948007458e-05,9.910191948007458e-05
9.908541599984276e-05,9.908541599984276e-05,9.908541599984276e-05,9.908541599984276e-05
9.906876365925768e-05,9.906876365925768e-05,9.906876365925768e-05,9.906876365925768e-05
9.905196250882058e-05,9.905196250882058e-05,9.905196250882058e-05,9.905196250882058e-05
9.903501259948397e-05,9.903501259948397e-05,9.903501259948397e-05,9.903501259948397e-05
9.90179139826515e-05,9.90179139826515e-05,9.90179139826515e-05,9.90179139826515e-05
9.900066671017781e-05,9.900066671017781e-05,9.900066671017781e-05,9.900066671017781e-05
9.898327083436833e-05,9.898327083436833e-05,9.898327083436833e-05,9.898327083436833e-05
9.89657264079792e-05,9.89657264079792e-05,9.89657264079792e-05,9.89657264079792e-05
9.894803348421706e-05,9.894803348421706e-05,9.894803348421706e-05,9.894803348421706e-05
9.893019211673886e-05,9.893019211673886e-05,9.893019211673886e-05,9.893019211673886e-05
9.891220235965177e-05,9.891220235965177e-05,9.891220235965177e-05,9.891220235965177e-05
9.889406426751296e-05,9.889406426751296e-05,9.889406426751296e-05,9.889406426751296e-05
9.887577789532947e-05,9.887577789532947e-05,9.887577789532947e-05,9.887577789532947e-05
9.885734329855798e-05,9.885734329855798e-05,9.885734329855798e-05,9.885734329855798e-05
9.883876053310475e-05,9.883876053310475e-05,9.883876053310475e-05,9.883876053310475e-05
9.882002965532535e-05,9.882002965532535e-05,9.882002965532535e-05,9.882002965532535e-05
9.880115072202453e-05,9.880115072202453e-05,9.880115072202453e-05,9.880115072202453e-05
9.878212379045608e-05,9.878212379045608e-05,9.878212379045608e-05,9.878212379045608e-05
9.876294891832255e-05,9.876294891832255e-05,9.876294891832255e-05,9.876294891832255e-05
9.874362616377522e-05,9.874362616377522e-05,9.874362616377522e-05,9.874362616377522e-05
9.872415558541379e-05,9.872415558541379e-05,9.872415558541379e-05,9.872415558541379e-05
9.870453724228633e-05,9.870453724228633e-05,9.870453724228633e-05,9.870453724228633e-05
9.868477119388896e-05,9.868477119388896e-05,9.868477119388896e-05,9.868477119388896e-05
9.866485750016578e-05,9.866485750016578e-05,9.866485750016578e-05,9.866485750016578e-05
9.864479622150869e-05,9.864479622150869e-05,9.864479622150869e-05,9.864479622150869e-05
9.862458741875707e-05,9.862458741875707e-05,9.862458741875707e-05,9.862458741875707e-05
9.860423115319779e-05,9.860423115319779e-05,9.860423115319779e-05,9.860423115319779e-05
9.858372748656485e-05,9.858372748656485e-05,9.858372748656485e-05,9.858372748656485e-05
9.856307648103934e-05,9.856307648103934e-05,9.856307648103934e-05,9.856307648103934e-05
9.854227819924913e-05,9.854227819924913e-05,9.854227819924913e-05,9.854227819924913e-05
9.852133270426876e-05,9.852133270426876e-05,9.852133270426876e-05,9.852133270426876e-05
9.850024005961922e-05,9.850024005961922e-05,9.850024005961922e-05,9.850024005961922e-05
9.847900032926773e-05,9.847900032926773e-05,9.847900032926773e-05,9.847900032926773e-05
9.84576135776276e-05,9.84576135776276e-05,9.84576135776276e-05,9.84576135776276e-05
9.843607986955799e-05,9.843607986955799e-05,9.843607986955799e-05,9.843607986955799e-05
9.841439927036378e-05,9.841439927036378e-05,9.841439927036378e-05,9.841439927036378e-05
9.839257184579525e-05,9.839257184579525e-05,9.839257184579525e-05,9.839257184579525e-05
9.8370597662048e-05,9.8370597662048e-05,9.8370597662048e-05,9.8370597662048e-05
9.834847678576269e-05,9.834847678576269e-05,9.834847678576269e-05,9.834847678576269e-05
9.832620928402488e-05,9.832620928402488e-05,9.832620928402488e-05,9.832620928402488e-05
9.830379522436474e-05,9.830379522436474e-05,9.830379522436474e-05,9.830379522436474e-05
9.828123467475697e-05,9.828123467475697e-05,9.828123467475697e-05,9.828123467475697e-05
9.825852770362046e-05,9.825852770362046e-05,9.825852770362046e-05,9.825852770362046e-05
9.823567437981822e-05,9.823567437981822e-05,9.823567437981822e-05,9.823567437981822e-05
9.821267477265705e-05,9.821267477265705e-05,9.821267477265705e-05,9.821267477265705e-05
9.81895289518874e-05,9.81895289518874e-05,9.81895289518874e-05,9.81895289518874e-05
9.816623698770312e-05,9.816623698770312e-05,9.816623698770312e-05,9.816623698770312e-05
9.81427989507413e-05,9.81427989507413e-05,9.81427989507413e-05,9.81427989507413e-05
9.8119214912082e-05,9.8119214912082e-05,9.8119214912082e-05,9.8119214912082e-05
9.809548494324805e-05,9.809548494324805e-05,9.809548494324805e-05,9.809548494324805e-05
9.807160911620484e-05,9.807160911620484e-05,9.807160911620484e-05,9.807160911620484e-05
9.804758750336013e-05,9.804758750336013e-05,9.804758750336013e-05,9.804758750336013e-05
9.802342017756378e-05,9.802342017756378e-05,9.802342017756378e-05,9.802342017756378e-05
9.799910721210754e-05,9.799910721210754e-05,9.799910721210754e-05,9.799910721210754e-05
9.797464868072488e-05,9.797464868072488e-05,9.797464868072488e-05,9.797464868072488e-05
9.795004465759065e-05,9.795004465759065e-05,9.795004465759065e-05,9.795004465759065e-05
9.792529521732102e-05,9.792529521732102e-05,9.792529521732102e-05,9.792529521732102e-05
9.790040043497308e-05,9.790040043497308e-05,9.790040043497308e-05,9.790040043497308e-05
9.787536038604477e-05,9.787536038604477e-05,9.787536038604477e-05,9.787536038604477e-05
9.785017514647452e-05,9.785017514647452e-05,9.785017514647452e-05,9.785017514647452e-05
9.78248447926411e-05,9.78248447926411e-05,9.78248447926411e-05,9.78248447926411e-05
9.779936940136338e-05,9.779936940136338e-05,9.779936940136338e-05,9.779936940136338e-05
9.777374904990007e-05,9.777374904990007e-05,9.777374904990007e-05,9.777374904990007e-05
9.774798381594945e-05,9.774798381594945e-05,9.774798381594945e-05,9.774798381594945e-05
9.772207377764928e-05,9.772207377764928e-05,9.772207377764928e-05,9.772207377764928e-05
9.769601901357639e-05,9.769601901357639e-05,9.769601901357639e-05,9.769601901357639e-05
9.766981960274653e-05,9.766981960274653e-05,9.766981960274653e-05,9.766981960274653e-05
9.764347562461413e-05,9.764347562461413e-05,9.764347562461413e-05,9.764347562461413e-05
9.761698715907206e-05,9.761698715907206e-05,9.761698715907206e-05,9.761698715907206e-05
9.759035428645135e-05,9.759035428645135e-05,9.759035428645135e-05,9.759035428645135e-05
9.756357708752095e-05,9.756357708752095e-05,9.756357708752095e-05,9.756357708752095e-05
9.753665564348758e-05,9.753665564348758e-05,9.753665564348758e-05,9.753665564348758e-05
9.75095900359953e-05,9.75095900359953e-05,9.75095900359953e-05,9.75095900359953e-05
9.748238034712548e-05,9.748238034712548e-05,9.748238034712548e-05,9.748238034712548e-05
9.745502665939639e-05,9.745502665939639e-05,9.745502665939639e-05,9.745502665939639e-05
9.742752905576299e-05,9.742752905576299e-05,9.742752905576299e-05,9.742752905576299e-05
9.739988761961673e-05,9.739988761961673e-05,9.739988761961673e-05,9.739988761961673e-05
9.737210243478521e-05,9.737210243478521e-05,9.737210243478521e-05,9.737210243478521e-05
9.734417358553204e-05,9.734417358553204e-05,9.734417358553204e-05,9.734417358553204e-05
9.731610115655645e-05,9.731610115655645e-05,9.731610115655645e-05,9.731610115655645e-05
9.728788523299313e-05,9.728788523299313e-05,9.728788523299313e-05,9.728788523299313e-05
9.725952590041196e-05,9.725952590041196e-05,9.725952590041196e-05,9.725952590041196e-05
9.72310232448177e-05,9.72310232448177e-05,9.72310232448177e-05,9.72310232448177e-05
9.720237735264979e-05,9.720237735264979e-05,9.720237735264979e-05,9.720237735264979e-05
9.717358831078205e-05,9.717358831078205e-05,9.717358831078205e-05,9.717358831078205e-05
9.714465620652243e-05,9.714465620652243e-05,9.714465620652243e-05,9.714465620652243e-05
9.711558112761274e-05,9.711558112761274e-05,9.711558112761274e-05,9.711558112761274e-05
9.708636316222838e-05,9.708636316222838e-05,9.708636316222838e-05,9.708636316222838e-05
9.705700239897809e-05,9.705700239897809e-05,9.705700239897809e-05,9.705700239897809e-05
9.702749892690366e-05,9.702749892690366e-05,9.702749892690366e-05,9.702749892690366e-05
9.699785283547968e-05,9.699785283547968e-05,9.699785283547968e-05,9.699785283547968e-05
9.696806421461327e-05,9.696806421461327e-05,9.696806421461327e-05,9.696806421461327e-05
9.693813315464375e-05,9.693813315464375e-05,9.693813315464375e-05,9.693813315464375e-05
9.690805974634248e-05,9.690805974634248e-05,9.690805974634248e-05,9.690805974634248e-05
9.687784408091243e-05,9.687784408091243e-05,9.687784408091243e-05,9.687784408091243e-05
9.68474862499881e-05,9.68474862499881e-05,9.68474862499881e-05,9.68474862499881e-05
9.681698634563503e-05,9.681698634563503e-05,9.681698634563503e-05,9.681698634563503e-05
9.678634446034968e-05,9.678634446034968e-05,9.678634446034968e-05,9.678634446034968e-05
9.675556068705908e-05,9.675556068705908e-05,9.675556068705908e-05,9.675556068705908e-05
9.672463511912055e-05,9.672463511912055e-05,9.672463511912055e-05,9.672463511912055e-05
9.669356785032147e-05,9.669356785032147e-05,9.669356785032147e-05,9.669356785032147e-05
9.666235897487888e-05,9.666235897487888e-05,9.666235897487888e-05,9.666235897487888e-05
9.663100858743932e-05,9.663100858743932e-05,9.663100858743932e-05,9.663100858743932e-05
9.659951678307848e-05,9.659951678307848e-05,9.659951678307848e-05,9.659951678307848e-05
9.656788365730094e-05,9.656788365730094e-05,9.656788365730094e-05,9.656788365730094e-05
9.653610930603982e-05,9.653610930603982e-05,9.653610930603982e-05,9.653610930603982e-05
9.650419382565657e-05,9.650419382565657e-05,9.650419382565657e-05,9.650419382565657e-05
9.647213731294062e-05,9.647213731294062e-05,9.647213731294062e-05,9.647213731294062e-05
9.643993986510911e-05,9.643993986510911e-05,9.643993986510911e-05,9.643993986510911e-05
9.64076015798066e-05,9.64076015798066e-05,9.64076015798066e-05,9.64076015798066e-05
9.637512255510475e-05,9.637512255510475e-05,9.637512255510475e-05,9.637512255510475e-05
9.634250288950202e-05,9.634250288950202e-05,9.634250288950202e-05,9.634250288950202e-05
9.630974268192345e-05,9.630974268192345e-05,9.630974268192345e-05,9.630974268192345e-05
9.627684203172027e-05,9.627684203172027e-05,9.627684203172027e-05,9.627684203172027e-05
9.624380103866959e-05,9.624380103866959e-05,9.624380103866959e-05,9.624380103866959e-05
9.621061980297416e-05,9.621061980297416e-05,9.621061980297416e-05,9.621061980297416e-05
9.617729842526208e-05,9.617729842526208e-05,9.617729842526208e-05,9.617729842526208e-05
9.614383700658637e-05,9.614383700658637e-05,9.614383700658637e-05,9.614383700658637e-05
9.611023564842487e-05,9.611023564842487e-05,9.611023564842487e-05,9.611023564842487e-05
9.60764944526797e-05,9.60764944526797e-05,9.60764944526797e-05,9.60764944526797e-05
9.604261352167709e-05,9.604261352167709e-05,9.604261352167709e-05,9.604261352167709e-05
9.600859295816708e-05,9.600859295816708e-05,9.600859295816708e-05,9.600859295816708e-05
9.597443286532318e-05,9.597443286532318e-05,9.597443286532318e-05,9.597443286532318e-05
9.594013334674194e-05,9.594013334674194e-05,9.594013334674194e-05,9.594013334674194e-05
9.590569450644289e-05,9.590569450644289e-05,9.590569450644289e-05,9.590569450644289e-05
9.587111644886797e-05,9.587111644886797e-05,9.587111644886797e-05,9.587111644886797e-05
9.583639927888137e-05,9.583639927888137e-05,9.583639927888137e-05,9.583639927888137e-05
9.580154310176916e-05,9.580154310176916e-05,9.580154310176916e-05,9.580154310176916e-05
9.576654802323895e-05,9.576654802323895e-05,9.576654802323895e-05,9.576654802323895e-05
9.573141414941962e-05,9.573141414941962e-05,9.573141414941962e-05,9.573141414941962e-05
9.569614158686097e-05,9.569614158686097e-05,9.569614158686097e-05,9.569614158686097e-05
9.566073044253337e-05,9.566073044253337e-05,9.566073044253337e-05,9.566073044253337e-05
9.56251808238275e-05,9.56251808238275e-05,9.56251808238275e-05,9.56251808238275e-05
9.558949283855398e-05,9.558949283855398e-05,9.558949283855398e-05,9.558949283855398e-05
9.555366659494302e-05,9.555366659494302e-05,9.555366659494302e-05,9.555366659494302e-05
9.551770220164418e-05,9.551770220164418e-05,9.551770220164418e-05,9.551770220164418e-05
9.548159976772592e-05,9.548159976772592e-05,9.548159976772592e-05,9.548159976772592e-05
9.544535940267538e-05,9.544535940267538e-05,9.544535940267538e-05,9.544535940267538e-05
9.5408981216398e-05,9.5408981216398e-05,9.5408981216398e-05,9.5408981216398e-05
9.537246531921715e-05,9.537246531921715e-05,9.537246531921715e-05,9.537246531921715e-05
9.533581182187385e-05,9.533581182187385e-05,9.533581182187385e-05,9.533581182187385e-05
9.529902083552647e-05,9.529902083552647e-05,9.529902083552647e-05,9.529902083552647e-05
9.526209247175024e-05,9.526209247175024e-05,9.526209247175024e-05,9.526209247175024e-05
9.522502684253709e-05,9.522502684253709e-05,9.522502684253709e-05,9.522502684253709e-05
9.51878240602952e-05,9.51878240602952e-05,9.51878240602952e-05,9.51878240602952e-05
9.515048423784871e-05,9.515048423784871e-05,9.515048423784871e-05,9.515048423784871e-05
9.511300748843736e-05,9.511300748843736e-05,9.511300748843736e-05,9.511300748843736e-05
9.50753939257161e-05,9.50753939257161e-05,9.50753939257161e-05,9.50753939257161e-05
9.503764366375486e-05,9.503764366375486e-05,9.503764366375486e-05,9.503764366375486e-05
9.499975681703805e-05,9.499975681703805e-05,9.499975681703805e-05,9.499975681703805e-05
9.49617335004644e-05,9.49617335004644e-05,9.49617335004644e-05,9.49617335004644e-05
9.492357382934642e-05,9.492357382934642e-05,9.492357382934642e-05,9.492357382934642e-05
9.48852779194102e-05,9.48852779194102e-05,9.48852779194102e-05,9.48852779194102e-05
9.484684588679498e-05,9.484684588679498e-05,9.484684588679498e-05,9.484684588679498e-05
9.480827784805278e-05,9.480827784805278e-05,9.480827784805278e-05,9.480827784805278e-05
9.476957392014814e-05,9.476957392014814e-05,9.476957392014814e-05,9.476957392014814e-05
9.473073422045769e-05,9.473073422045769e-05,9.473073422045769e-05,9.473073422045769e-05
9.469175886676978e-05,9.469175886676978e-05,9.469175886676978e-05,9.469175886676978e-05
9.465264797728419e-05,9.465264797728419e-05,9.465264797728419e-05,9.465264797728419e-05
9.461340167061174e-05,9.461340167061174e-05,9.461340167061174e-05,9.461340167061174e-05
9.457402006577392e-05,9.457402006577392e-05,9.457402006577392e-05,9.457402006577392e-05
9.453450328220251e-05,9.453450328220251e-05,9.453450328220251e-05,9.453450328220251e-05
9.449485143973924e-05,9.449485143973924e-05,9.449485143973924e-05,9.449485143973924e-05
9.445506465863552e-05,9.445506465863552e-05,9.445506465863552e-05,9.445506465863552e-05
9.441514305955186e-05,9.441514305955186e-05,9.441514305955186e-05,9.441514305955186e-05
9.437508676355773e-05,9.437508676355773e-05,9.437508676355773e-05,9.437508676355773e-05
9.433489589213102e-05,9.433489589213102e-05,9.433489589213102e-05,9.433489589213102e-05
9.429457056715783e-05,9.429457056715783e-05,9.429457056715783e-05,9.429457056715783e-05
9.42541109109319e-05,9.42541109109319e-05,9.42541109109319e-05,9.42541109109319e-05
9.421351704615444e-05,9.421351704615444e-05,9.421351704615444e-05,9.421351704615444e-05
9.417278909593366e-05,9.417278909593366e-05,9.417278909593366e-05,9.417278909593366e-05
9.413192718378439e-05,9.413192718378439e-05,9.413192718378439e-05,9.413192718378439e-05
9.409093143362771e-05,9.409093143362771e-05,9.409093143362771e-05,9.409093143362771e-05
9.40498019697906e-05,9.40498019697906e-05,9.40498019697906e-05,9.40498019697906e-05
9.400853891700561e-05,9.400853891700561e-05,9.400853891700561e-05,9.400853891700561e-05
9.396714240041031e-05,9.396714240041031e-05,9.396714240041031e-05,9.396714240041031e-05
9.392561254554713e-05,9.392561254554713e-05,9.392561254554713e-05,9.392561254554713e-05
9.388394947836279e-05,9.388394947836279e-05,9.388394947836279e-05,9.388394947836279e-05
9.384215332520805e-05,9.384215332520805e-05,9.384215332520805e-05,9.384215332520805e-05
9.380022421283725e-05,9.380022421283725e-05,9.380022421283725e-05,9.380022421283725e-05
9.375816226840799e-05,9.375816226840799e-05,9.375816226840799e-05,9.375816226840799e-05
9.371596761948067e-05,9.371596761948067e-05,9.371596761948067e-05,9.371596761948067e-05
9.367364039401815e-05,9.367364039401815e-05,9.367364039401815e-05,9.367364039401815e-05
9.363118072038535e-05,9.363118072038535e-05,9.363118072038535e-05,9.363118072038535e-05
9.358858872734888e-05,9.358858872734888e-05,9.358858872734888e-05,9.358858872734888e-05
9.354586454407661e-05,9.354586454407661e-05,9.354586454407661e-05,9.354586454407661e-05
9.350300830013731e-05,9.350300830013731e-05,9.350300830013731e-05,9.350300830013731e-05
9.346002012550025e-05,9.346002012550025e-05,9.346002012550025e-05,9.346002012550025e-05
9.341690015053484e-05,9.341690015053484e-05,9.341690015053484e-05,9.341690015053484e-05
9.33736485060101e-05,9.33736485060101e-05,9.33736485060101e-05,9.33736485060101e-05
9.333026532309444e-05,9.333026532309444e-05,9.333026532309444e-05,9.333026532309444e-05
9.328675073335518e-05,9.328675073335518e-05,9.328675073335518e-05,9.328675073335518e-05
9.324310486875813e-05,9.324310486875813e-05,9.324310486875813e-05,9.324310486875813e-05
9.319932786166725e-05,9.319932786166725e-05,9.319932786166725e-05,9.319932786166725e-05
9.315541984484414e-05,9.315541984484414e-05,9.315541984484414e-05,9.315541984484414e-05
9.31113809514478e-05,9.31113809514478e-05,9.31113809514478e-05,9.31113809514478e-05
9.306721131503407e-05,9.306721131503407e-05,9.306721131503407e-05,9.306721131503407e-05
9.302291106955535e-05,9.302291106955535e-05,9.302291106955535e-05,9.302291106955535e-05
9.297848034936006e-05,9.297848034936006e-05,9.297848034936006e-05,9.297848034936006e-05
9.293391928919239e-05,9.293391928919239e-05,9.293391928919239e-05,9.293391928919239e-05
9.288922802419174e-05,9.288922802419174e-05,9.288922802419174e-05,9.288922802419174e-05
9.284440668989242e-05,9.284440668989242e-05,9.284440668989242e-05,9.284440668989242e-05
9.279945542222321e-05,9.279945542222321e-05,9.279945542222321e-05,9.279945542222321e-05
9.27543743575069e-05,9.27543743575069e-05,9.27543743575069e-05,9.27543743575069e-05
9.27091636324599e-05,9.27091636324599e-05,9.27091636324599e-05,9.27091636324599e-05
9.26638233841919e-05,9.26638233841919e-05,9.26638233841919e-05,9.26638233841919e-05
9.261835375020536e-05,9.261835375020536e-05,9.261835375020536e-05,9.261835375020536e-05
9.257275486839512e-05,9.257275486839512e-05,9.257275486839512e-05,9.257275486839512e-05
9.252702687704795e-05,9.252702687704795e-05,9.252702687704795e-05,9.252702687704795e-05
9.248116991484229e-05,9.248116991484229e-05,9.248116991484229e-05,9.248116991484229e-05
9.243518412084753e-05,9.243518412084753e-05,9.243518412084753e-05,9.243518412084753e-05
9.238906963452394e-05,9.238906963452394e-05,9.238906963452394e-05,9.238906963452394e-05
9.234282659572196e-05,9.234282659572196e-05,9.234282659572196e-05,9.234282659572196e-05
9.229645514468192e-05,9.229645514468192e-05,9.229645514468192e-05,9.229645514468192e-05
9.22499554220336e-05,9.22499554220336e-05,9.22499554220336e-05,9.22499554220336e-05
9.220332756879578e-05,9.220332756879578e-05,9.220332756879578e-05,9.220332756879578e-05
9.21565717263758e-05,9.21565717263758e-05,9.21565717263758e-05,9.21565717263758e-05
9.210968803656915e-05,9.210968803656915e-05,9.210968803656915e-05,9.210968803656915e-05
9.206267664155907e-05,9.206267664155907e-05,9.206267664155907e-05,9.206267664155907e-05
9.201553768391606e-05,9.201553768391606e-05,9.201553768391606e-05,9.201553768391606e-05
9.19682713065975e-05,9.19682713065975e-05,9.19682713065975e-05,9.19682713065975e-05
9.192087765294719e-05,9.192087765294719e-05,9.192087765294719e-05,9.192087765294719e-05
9.187335686669487e-05,9.187335686669487e-05,9.187335686669487e-05,9.187335686669487e-05
9.182570909195591e-05,9.182570909195591e-05,9.182570909195591e-05,9.182570909195591e-05
9.177793447323076e-05,9.177793447323076e-05,9.177793447323076e-05,9.177793447323076e-05
9.173003315540452e-05,9.173003315540452e-05,9.173003315540452e-05,9.173003315540452e-05
9.168200528374655e-05,9.168200528374655e-05,9.168200528374655e-05,9.168200528374655e-05
9.163385100391005e-05,9.163385100391005e-05,9.163385100391005e-05,9.163385100391005e-05
9.158557046193148e-05,9.158557046193148e-05,9.158557046193148e-05,9.158557046193148e-05
9.153716380423031e-05,9.153716380423031e-05,9.153716380423031e-05,9.153716380423031e-05
9.148863117760842e-05,9.148863117760842e-05,9.148863117760842e-05,9.148863117760842e-05
9.143997272924973e-05,9.143997272924973e-05,9.143997272924973e-05,9.143997272924973e-05
9.139118860671974e-05,9.139118860671974e-05,9.139118860671974e-05,9.139118860671974e-05
9.134227895796508e-05,9.134227895796508e-05,9.134227895796508e-05,9.134227895796508e-05
9.129324393131305e-05,9.129324393131305e-05,9.129324393131305e-05,9.129324393131305e-05
9.12440836754712e-05,9.12440836754712e-05,9.12440836754712e-05,9.12440836754712e-05
9.119479833952683e-05,9.119479833952683e-05,9.119479833952683e-05,9.119479833952683e-05
9.11453880729466e-05,9.11453880729466e-05,9.11453880729466e-05,9.11453880729466e-05
9.109585302557603e-05,9.109585302557603e-05,9.109585302557603e-05,9.109585302557603e-05
9.104619334763907e-05,9.104619334763907e-05,9.104619334763907e-05,9.104619334763907e-05
9.09964091897376e-05,9.09964091897376e-05,9.09964091897376e-05,9.09964091897376e-05
9.094650070285104e-05,9.094650070285104e-05,9.094650070285104e-05,9.094650070285104e-05
9.089646803833589e-05,9.089646803833589e-05,9.089646803833589e-05,9.089646803833589e-05
9.084631134792516e-05,9.084631134792516e-05,9.084631134792516e-05,9.084631134792516e-05
9.079603078372805e-05,9.079603078372805e-05,9.079603078372805e-05,9.079603078372805e-05
9.074562649822945e-05,9.074562649822945e-05,9.074562649822945e-05,9.074562649822945e-05
9.069509864428935e-05,9.069509864428935e-05,9.069509864428935e-05,9.069509864428935e-05
9.064444737514261e-05,9.064444737514261e-05,9.064444737514261e-05,9.064444737514261e-05
9.05936728443983e-05,9.05936728443983e-05,9.05936728443983e-05,9.05936728443983e-05
9.054277520603934e-05,9.054277520603934e-05,9.054277520603934e-05,9.054277520603934e-05
9.049175461442192e-05,9.049175461442192e-05,9.049175461442192e-05,9.049175461442192e-05
9.044061122427521e-05,9.044061122427521e-05,9.044061122427521e-05,9.044061122427521e-05
9.038934519070071e-05,9.038934519070071e-05,9.038934519070071e-05,9.038934519070071e-05
9.033795666917191e-05,9.033795666917191e-05,9.033795666917191e-05,9.033795666917191e-05
9.028644581553374e-05,9.028644581553374e-05,9.028644581553374e-05,9.028644581553374e-05
9.023481278600212e-05,9.023481278600212e-05,9.023481278600212e-05,9.023481278600212e-05
9.018305773716351e-05,9.018305773716351e-05,9.018305773716351e-05,9.018305773716351e-05
9.01311808259744e-05,9.01311808259744e-05,9.01311808259744e-05,9.01311808259744e-05
9.007918220976086e-05,9.007918220976086e-05,9.007918220976086e-05,9.007918220976086e-05
9.002706204621803e-05,9.002706204621803e-05,9.002706204621803e-05,9.002706204621803e-05
8.997482049340968e-05,8.997482049340968e-05,8.997482049340968e-05,8.997482049340968e-05
8.992245770976775e-05,8.992245770976775e-05,8.992245770976775e-05,8.992245770976775e-05
8.986997385409179e-05,8.986997385409179e-05,8.986997385409179e-05,8.986997385409179e-05
8.98173690855485e-05,8.98173690855485e-05,8.98173690855485e-05,8.98173690855485e-05
8.976464356367134e-05,8.976464356367134e-05,8.976464356367134e-05,8.976464356367134e-05
8.971179744835989e-05,8.971179744835989e-05,8.971179744835989e-05,8.971179744835989e-05
8.965883089987957e-05,8.965883089987957e-05,8.965883089987957e-05,8.965883089987957e-05
8.960574407886091e-05,8.960574407886091e-05,8.960574407886091e-05,8.960574407886091e-05
8.955253714629928e-05,8.955253714629928e-05,8.955253714629928e-05,8.955253714629928e-05
8.949921026355424e-05,8.949921026355424e-05,8.949921026355424e-05,8.949921026355424e-05
8.944576359234918e-05,8.944576359234918e-05,8.944576359234918e-05,8.944576359234918e-05
8.939219729477073e-05,8.939219729477073e-05,8.939219729477073e-05,8.939219729477073e-05
8.933851153326833e-05,8.933851153326833e-05,8.933851153326833e-05,8.933851153326833e-05
8.92847064706537e-05,8.92847064706537e-05,8.92847064706537e-05,8.92847064706537e-05
8.923078227010038e-05,8.923078227010038e-05,8.923078227010038e-05,8.923078227010038e-05
8.917673909514322e-05,8.917673909514322e-05,8.917673909514322e-05,8.917673909514322e-05
8.912257710967783e-05,8.912257710967783e-05,8.912257710967783e-05,8.912257710967783e-05
8.90682964779602e-05,8.90682964779602e-05,8.90682964779602e-05,8.90682964779602e-05
8.901389736460611e-05,8.901389736460611e-05,8.901389736460611e-05,8.901389736460611e-05
8.895937993459067e-05,8.895937993459067e-05,8.895937993459067e-05,8.895937993459067e-05
8.890474435324776e-05,8.890474435324776e-05,8.890474435324776e-05,8.890474435324776e-05
8.884999078626961e-05,8.884999078626961e-05,8.884999078626961e-05,8.884999078626961e-05
8.879511939970629e-05,8.879511939970629e-05,8.879511939970629e-05,8.879511939970629e-05
8.874013035996514e-05,8.874013035996514e-05,8.874013035996514e-05,8.874013035996514e-05
8.868502383381027e-05,8.868502383381027e-05,8.868502383381027e-05,8.868502383381027e-05
8.862979998836221e-05,8.862979998836221e-05,8.862979998836221e-05,8.862979998836221e-05
8.857445899109715e-05,8.857445899109715e-05,8.857445899109715e-05,8.857445899109715e-05
8.851900100984664e-05,8.851900100984664e-05,8.851900100984664e-05,8.851900100984664e-05
8.846342621279697e-05,8.846342621279697e-05,8.846342621279697e-05,8.846342621279697e-05
8.840773476848871e-05,8.840773476848871e-05,8.840773476848871e-05,8.840773476848871e-05
8.835192684581621e-05,8.835192684581621e-05,8.835192684581621e-05,8.835192684581621e-05
8.829600261402699e-05,8.829600261402699e-05,8.829600261402699e-05,8.829600261402699e-05
8.823996224272137e-05,8.823996224272137e-05,8.823996224272137e-05,8.823996224272137e-05
8.818380590185186e-05,8.818380590185186e-05,8.818380590185186e-05,8.818380590185186e-05
8.812753376172265e-05,8.812753376172265e-05,8.812753376172265e-05,8.812753376172265e-05
8.807114599298913e-05,8.807114599298913e-05,8.807114599298913e-05,8.807114599298913e-05
8.801464276665736e-05,8.801464276665736e-05,8.801464276665736e-05,8.801464276665736e-05
8.795802425408352e-05,8.795802425408352e-05,8.795802425408352e-05,8.795802425408352e-05
8.790129062697347e-05,8.790129062697347e-05,8.790129062697347e-05,8.790129062697347e-05
8.78444420573821e-05,8.78444420573821e-05,8.78444420573821e-05,8.78444420573821e-05
8.778747871771292e-05,8.778747871771292e-05,8.778747871771292e-05,8.778747871771292e-05
8.773040078071753e-05,8.773040078071753e-05,8.773040078071753e-05,8.773040078071753e-05
8.767320841949504e-05,8.767320841949504e-05,8.767320841949504e-05,8.767320841949504e-05
8.761590180749155e-05,8.761590180749155e-05,8.761590180749155e-05,8.761590180749155e-05
8.755848111849969e-05,8.755848111849969e-05,8.755848111849969e-05,8.755848111849969e-05
8.750094652665804e-05,8.750094652665804e-05,8.750094652665804e-05,8.750094652665804e-05
8.744329820645054e-05,8.744329820645054e-05,8.744329820645054e-05,8.744329820645054e-05
8.738553633270617e-05,8.738553633270617e-05,8.738553633270617e-05,8.738553633270617e-05
8.732766108059813e-05,8.732766108059813e-05,8.732766108059813e-05,8.732766108059813e-05
8.726967262564359e-05,8.726967262564359e-05,8.726967262564359e-05,8.726967262564359e-05
8.721157114370293e-05,8.721157114370293e-05,8.721157114370293e-05,8.721157114370293e-05
8.715335681097936e-05,8.715335681097936e-05,8.715335681097936e-05,8.715335681097936e-05
8.709502980401832e-05,8.709502980401832e-05,8.709502980401832e-05,8.709502980401832e-05
8.703659029970694e-05,8.703659029970694e-05,8.703659029970694e-05,8.703659029970694e-05
8.697803847527355e-05,8.697803847527355e-05,8.697803847527355e-05,8.697803847527355e-05
8.691937450828707e-05,8.691937450828707e-05,8.691937450828707e-05,8.691937450828707e-05
8.686059857665652e-05,8.686059857665652e-05,8.686059857665652e-05,8.686059857665652e-05
8.680171085863052e-05,8.680171085863052e-05,8.680171085863052e-05,8.680171085863052e-05
8.674271153279662e-05,8.674271153279662e-05,8.674271153279662e-05,8.674271153279662e-05
8.668360077808093e-05,8.668360077808093e-05,8.668360077808093e-05,8.668360077808093e-05
8.662437877374742e-05,8.662437877374742e-05,8.662437877374742e-05,8.662437877374742e-05
8.656504569939752e-05,8.656504569939752e-05,8.656504569939752e-05,8.656504569939752e-05
8.650560173496937e-05,8.650560173496937e-05,8.650560173496937e-05,8.650560173496937e-05
8.644604706073756e-05,8.644604706073756e-05,8.644604706073756e-05,8.644604706073756e-05
8.63863818573123e-05,8.63863818573123e-05,8.63863818573123e-05,8.63863818573123e-05
8.632660630563909e-05,8.632660630563909e-05,8.632660630563909e-05,8.632660630563909e-05
8.6266720586998e-05,8.6266720586998e-05,8.6266720586998e-05,8.6266720586998e-05
8.620672488300328e-05,8.620672488300328e-05,8.620672488300328e-05,8.620672488300328e-05
8.614661937560268e-05,8.614661937560268e-05,8.614661937560268e-05,8.614661937560268e-05
8.608640424707696e-05,8.608640424707696e-05,8.608640424707696e-05,8.608640424707696e-05
8.602607968003935e-05,8.602607968003935e-05,8.602607968003935e-05,8.602607968003935e-05
8.596564585743492e-05,8.596564585743492e-05,8.596564585743492e-05,8.596564585743492e-05
8.590510296254013e-05,8.590510296254013e-05,8.590510296254013e-05,8.590510296254013e-05
8.584445117896218e-05,8.584445117896218e-05,8.584445117896218e-05,8.584445117896218e-05
8.578369069063854e-05,8.578369069063854e-05,8.578369069063854e-05,8.578369069063854e-05
8.572282168183628e-05,8.572282168183628e-05,8.572282168183628e-05,8.572282168183628e-05
8.566184433715165e-05,8.566184433715165e-05,8.566184433715165e-05,8.566184433715165e-05
8.560075884150941e-05,8.560075884150941e-05,8.560075884150941e-05,8.560075884150941e-05
8.55395653801623e-05,8.55395653801623e-05,8.55395653801623e-05,8.55395653801623e-05
8.547826413869052e-05,8.547826413869052e-05,8.547826413869052e-05,8.547826413869052e-05
8.54168553030011e-05,8.54168553030011e-05,8.54168553030011e-05,8.54168553030011e-05
8.535533905932738e-05,8.535533905932738e-05,8.535533905932738e-05,8.535533905932738e-05
8.529371559422843e-05,8.529371559422843e-05,8.529371559422843e-05,8.529371559422843e-05
8.52319850945885e-05,8.52319850945885e-05,8.52319850945885e-05,8.52319850945885e-05
8.517014774761644e-05,8.517014774761644e-05,8.517014774761644e-05,8.517014774761644e-05
8.510820374084512e-05,8.510820374084512e-05,8.510820374084512e-05,8.510820374084512e-05
8.504615326213086e-05,8.504615326213086e-05,8.504615326213086e-05,8.504615326213086e-05
8.498399649965295e-05,8.498399649965295e-05,8.498399649965295e-05,8.498399649965295e-05
8.492173364191287e-05,8.492173364191287e-05,8.492173364191287e-05,8.492173364191287e-05
8.485936487773403e-05,8.485936487773403e-05,8.485936487773403e-05,8.485936487773403e-05
8.479689039626088e-05,8.479689039626088e-05,8.479689039626088e-05,8.479689039626088e-05
8.473431038695852e-05,8.473431038695852e-05,8.473431038695852e-05,8.473431038695852e-05
8.467162503961208e-05,8.467162503961208e-05,8.467162503961208e-05,8.467162503961208e-05
8.460883454432618e-05,8.460883454432618e-05,8.460883454432618e-05,8.460883454432618e-05
8.454593909152427e-05,8.454593909152427e-05,8.454593909152427e-05,8.454593909152427e-05
8.448293887194813e-05,8.448293887194813e-05,8.448293887194813e-05,8.448293887194813e-05
8.441983407665726e-05,8.441983407665726e-05,8.441983407665726e-05,8.441983407665726e-05
8.435662489702828e-05,8.435662489702828e-05,8.435662489702828e-05,8.435662489702828e-05
8.429331152475443e-05,8.429331152475443e-05,8.429331152475443e-05,8.429331152475443e-05
8.422989415184487e-05,8.422989415184487e-05,8.422989415184487e-05,8.422989415184487e-05
8.416637297062421e-05,8.416637297062421e-05,8.416637297062421e-05,8.416637297062421e-05
8.410274817373187e-05,8.410274817373187e-05,8.410274817373187e-05,8.410274817373187e-05
8.403901995412147e-05,8.403901995412147e-05,8.403901995412147e-05,8.403901995412147e-05
8.397518850506028e-05,8.397518850506028e-05,8.397518850506028e-05,8.397518850506028e-05
8.391125402012869e-05,8.391125402012869e-05,8.391125402012869e-05,8.391125402012869e-05
8.384721669321952e-05,8.384721669321952e-05,8.384721669321952e-05,8.384721669321952e-05
8.378307671853747e-05,8.378307671853747e-05,8.378307671853747e-05,8.378307671853747e-05
8.371883429059855e-05,8.371883429059855e-05,8.371883429059855e-05,8.371883429059855e-05
8.365448960422948e-05,8.365448960422948e-05,8.365448960422948e-05,8.365448960422948e-05
8.35900428545671e-05,8.35900428545671e-05,8.35900428545671e-05,8.35900428545671e-05
8.352549423705776e-05,8.352549423705776e-05,8.352549423705776e-05,8.352549423705776e-05
8.346084394745676e-05,8.346084394745676e-05,8.346084394745676e-05,8.346084394745676e-05
8.339609218182774e-05,8.339609218182774e-05,8.339609218182774e-05,8.339609218182774e-05
8.333123913654206e-05,8.333123913654206e-05,8.333123913654206e-05,8.333123913654206e-05
8.326628500827826e-05,8.326628500827826e-05,8.326628500827826e-05,8.326628500827826e-05
8.320122999402142e-05,8.320122999402142e-05,8.320122999402142e-05,8.320122999402142e-05
8.313607429106257e-05,8.313607429106257e-05,8.313607429106257e-05,8.313607429106257e-05
8.307081809699808e-05,8.307081809699808e-05,8.307081809699808e-05,8.307081809699808e-05
8.30054616097291e-05,8.30054616097291e-05,8.30054616097291e-05,8.30054616097291e-05
8.294000502746098e-05,8.294000502746098e-05,8.294000502746098e-05,8.294000502746098e-05
8.287444854870253e-05,8.287444854870253e-05,8.287444854870253e-05,8.287444854870253e-05
8.280879237226555e-05,8.280879237226555e-05,8.280879237226555e-05,8.280879237226555e-05
8.274303669726426e-05,8.274303669726426e-05,8.274303669726426e-05,8.274303669726426e-05
8.267718172311454e-05,8.267718172311454e-05,8.267718172311454e-05,8.267718172311454e-05
8.261122764953345e-05,8.261122764953345e-05,8.261122764953345e-05,8.261122764953345e-05
8.254517467653858e-05,8.254517467653858e-05,8.254517467653858e-05,8.254517467653858e-05
8.247902300444744e-05,8.247902300444744e-05,8.247902300444744e-05,8.247902300444744e-05
8.24127728338769e-05,8.24127728338769e-05,8.24127728338769e-05,8.24127728338769e-05
8.23464243657425e-05,8.23464243657425e-05,8.23464243657425e-05,8.23464243657425e-05
8.22799778012579e-05,8.22799778012579e-05,8.22799778012579e-05,8.22799778012579e-05
8.22134333419343e-05,8.22134333419343e-05,8.22134333419343e-05,8.22134333419343e-05
8.214679118957968e-05,8.214679118957968e-05,8.214679118957968e-05,8.214679118957968e-05
8.208005154629841e-05,8.208005154629841e-05,8.208005154629841e-05,8.208005154629841e-05
8.201321461449043e-05,8.201321461449043e-05,8.201321461449043e-05,8.201321461449043e-05
8.194628059685077e-05,8.194628059685077e-05,8.194628059685077e-05,8.194628059685077e-05
8.187924969636887e-05,8.187924969636887e-05,8.187924969636887e-05,8.187924969636887e-05
8.181212211632799e-05,8.181212211632799e-05,8.181212211632799e-05,8.181212211632799e-05
8.174489806030461e-05,8.174489806030461e-05,8.174489806030461e-05,8.174489806030461e-05
8.167757773216777e-05,8.167757773216777e-05,8.167757773216777e-05,8.167757773216777e-05
8.161016133607845e-05,8.161016133607845e-05,8.161016133607845e-05,8.161016133607845e-05
8.154264907648902e-05,8.154264907648902e-05,8.154264907648902e-05,8.154264907648902e-05
8.147504115814254e-05,8.147504115814254e-05,8.147504115814254e-05,8.147504115814254e-05
8.140733778607219e-05,8.140733778607219e-05,8.140733778607219e-05,8.140733778607219e-05
8.133953916560062e-05,8.133953916560062e-05,8.133953916560062e-05,8.133953916560062e-05
8.127164550233934e-05,8.127164550233934e-05,8.127164550233934e-05,8.127164550233934e-05
8.12036570021881e-05,8.12036570021881e-05,8.12036570021881e-05,8.12036570021881e-05
8.113557387133427e-05,8.113557387133427e-05,8.113557387133427e-05,8.113557387133427e-05
8.106739631625217e-05,8.106739631625217e-05,8.106739631625217e-05,8.106739631625217e-05
8.099912454370249e-05,8.099912454370249e-05,8.099912454370249e-05,8.099912454370249e-05
8.093075876073168e-05,8.093075876073168e-05,8.093075876073168e-05,8.093075876073168e-05
8.086229917467127e-05,8.086229917467127e-05,8.086229917467127e-05,8.086229917467127e-05
8.079374599313728e-05,8.079374599313728e-05,8.079374599313728e-05,8.079374599313728e-05
8.072509942402955e-05,8.072509942402955e-05,8.072509942402955e-05,8.072509942402955e-05
8.065635967553115e-05,8.065635967553115e-05,8.065635967553115e-05,8.065635967553115e-05
8.058752695610773e-05,8.058752695610773e-05,8.058752695610773e-05,8.058752695610773e-05
8.05186014745069e-05,8.05186014745069e-05,8.05186014745069e-05,8.05186014745069e-05
8.044958343975757e-05,8.044958343975757e-05,8.044958343975757e-05,8.044958343975757e-05
8.038047306116937e-05,8.038047306116937e-05,8.038047306116937e-05,8.038047306116937e-05
8.03112705483319e-05,8.03112705483319e-05,8.03112705483319e-05,8.03112705483319e-05
8.02419761111143e-05,8.02419761111143e-05,8.02419761111143e-05,8.02419761111143e-05
8.017258995966436e-05,8.017258995966436e-05,8.017258995966436e-05,8.017258995966436e-05
8.010311230440808e-05,8.010311230440808e-05,8.010311230440808e-05,8.010311230440808e-05
8.003354335604897e-05,8.003354335604897e-05,8.003354335604897e-05,8.003354335604897e-05
7.996388332556735e-05,7.996388332556735e-05,7.996388332556735e-05,7.996388332556735e-05
7.98941324242198e-05,7.98941324242198e-05,7.98941324242198e-05,7.98941324242198e-05
7.982429086353848e-05,7.982429086353848e-05,7.982429086353848e-05,7.982429086353848e-05
7.97543588553305e-05,7.97543588553305e-05,7.97543588553305e-05,7.97543588553305e-05
7.968433661167723e-05,7.968433661167723e-05,7.968433661167723e-05,7.968433661167723e-05
7.961422434493372e-05,7.961422434493372e-05,7.961422434493372e-05,7.961422434493372e-05
7.954402226772804e-05,7.954402226772804e-05,7.954402226772804e-05,7.954402226772804e-05
7.947373059296062e-05,7.947373059296062e-05,7.947373059296062e-05,7.947373059296062e-05
7.940334953380358e-05,7.940334953380358e-05,7.940334953380358e-05,7.940334953380358e-05
7.933287930370018e-05,7.933287930370018e-05,7.933287930370018e-05,7.933287930370018e-05
7.926232011636404e-05,7.926232011636404e-05,7.926232011636404e-05,7.926232011636404e-05
7.91916721857786e-05,7.91916721857786e-05,7.91916721857786e-05,7.91916721857786e-05
7.912093572619644e-05,7.912093572619644e-05,7.912093572619644e-05,7.912093572619644e-05
7.905011095213855e-05,7.905011095213855e-05,7.905011095213855e-05,7.905011095213855e-05
7.897919807839382e-05,7.897919807839382e-05,7.897919807839382e-05,7.897919807839382e-05
7.89081973200183e-05,7.89081973200183e-05,7.89081973200183e-05,7.89081973200183e-05
7.883710889233455e-05,7.883710889233455e-05,7.883710889233455e-05,7.883710889233455e-05
7.876593301093104e-05,7.876593301093104e-05,7.876593301093104e-05,7.876593301093104e-05
7.86946698916614e-05,7.86946698916614e-05,7.86946698916614e-05,7.86946698916614e-05
7.862331975064387e-05,7.862331975064387e-05,7.862331975064387e-05,7.862331975064387e-05
7.855188280426059e-05,7.855188280426059e-05,7.855188280426059e-05,7.855188280426059e-05
7.848035926915694e-05,7.848035926915694e-05,7.848035926915694e-05,7.848035926915694e-05
7.840874936224092e-05,7.840874936224092e-05,7.840874936224092e-05,7.840874936224092e-05
7.833705330068244e-05,7.833705330068244e-05,7.833705330068244e-05,7.833705330068244e-05
7.826527130191272e-05,7.826527130191272e-05,7.826527130191272e-05,7.826527130191272e-05
7.819340358362357e-05,7.819340358362357e-05,7.819340358362357e-05,7.819340358362357e-05
7.812145036376677e-05,7.812145036376677e-05,7.812145036376677e-05,7.812145036376677e-05
7.804941186055342e-05,7.804941186055342e-05,7.804941186055342e-05,7.804941186055342e-05
7.797728829245321e-05,7.797728829245321e-05,7.797728829245321e-05,7.797728829245321e-05
7.790507987819384e-05,7.790507987819384e-05,7.790507987819384e-05,7.790507987819384e-05
7.783278683676035e-05,7.783278683676035e-05,7.783278683676035e-05,7.783278683676035e-05
7.776040938739435e-05,7.776040938739435e-05,7.776040938739435e-05,7.776040938739435e-05
7.76879477495935e-05,7.76879477495935e-05,7.76879477495935e-05,7.76879477495935e-05
7.761540214311074e-05,7.761540214311074e-05,7.761540214311074e-05,7.761540214311074e-05
7.754277278795365e-05,7.754277278795365e-05,7.754277278795365e-05,7.754277278795365e-05
7.747005990438385e-05,7.747005990438385e-05,7.747005990438385e-05,7.747005990438385e-05
7.739726371291624e-05,7.739726371291624e-05,7.739726371291624e-05,7.739726371291624e-05
7.732438443431833e-05,7.732438443431833e-05,7.732438443431833e-05,7.732438443431833e-05
7.725142228960966e-05,7.725142228960966e-05,7.725142228960966e-05,7.725142228960966e-05
7.717837750006106e-05,7.717837750006106e-05,7.717837750006106e-05,7.717837750006106e-05
7.7105250287194e-05,7.7105250287194e-05,7.7105250287194e-05,7.7105250287194e-05
7.703204087277988e-05,7.703204087277988e-05,7.703204087277988e-05,7.703204087277988e-05
7.695874947883945e-05,7.695874947883945e-05,7.695874947883945e-05,7.695874947883945e-05
7.688537632764203e-05,7.688537632764203e-05,7.688537632764203e-05,7.688537632764203e-05
7.68119216417049e-05,7.68119216417049e-05,7.68119216417049e-05,7.68119216417049e-05
7.673838564379258e-05,7.673838564379258e-05,7.673838564379258e-05,7.673838564379258e-05
7.666476855691627e-05,7.666476855691627e-05,7.666476855691627e-05,7.666476855691627e-05
7.6591070604333e-05,7.6591070604333e-05,7.6591070604333e-05,7.6591070604333e-05
7.651729200954504e-05,7.651729200954504e-05,7.651729200954504e-05,7.651729200954504e-05
7.644343299629928e-05,7.644343299629928e-05,7.644343299629928e-05,7.644343299629928e-05
7.636949378858646e-05,7.636949378858646e-05,7.636949378858646e-05,7.636949378858646e-05
7.629547461064054e-05,7.629547461064054e-05,7.629547461064054e-05,7.629547461064054e-05
7.622137568693797e-05,7.622137568693797e-05,7.622137568693797e-05,7.622137568693797e-05
7.614719724219705e-05,7.614719724219705e-05,7.614719724219705e-05,7.614719724219705e-05
7.607293950137729e-05,7.607293950137729e-05,7.607293950137729e-05,7.607293950137729e-05
7.599860268967863e-05,7.599860268967863e-05,7.599860268967863e-05,7.599860268967863e-05
7.592418703254082e-05,7.592418703254082e-05,7.592418703254082e-05,7.592418703254082e-05
7.584969275564273e-05,7.584969275564273e-05,7.584969275564273e-05,7.584969275564273e-05
7.577512008490166e-05,7.577512008490166e-05,7.577512008490166e-05,7.577512008490166e-05
7.570046924647265e-05,7.570046924647265e-05,7.570046924647265e-05,7.570046924647265e-05
7.562574046674777e-05,7.562574046674777e-05,7.562574046674777e-05,7.562574046674777e-05
7.555093397235552e-05,7.555093397235552e-05,7.555093397235552e-05,7.555093397235552e-05
7.547604999016002e-05,7.547604999016002e-05,7.547604999016002e-05,7.547604999016002e-05
7.540108874726047e-05,7.540108874726047e-05,7.540108874726047e-05,7.540108874726047e-05
7.532605047099024e-05,7.532605047099024e-05,7.532605047099024e-05,7.532605047099024e-05
7.525093538891646e-05,7.525093538891646e-05,7.525093538891646e-05,7.525093538891646e-05
7.51757437288391e-05,7.51757437288391e-05,7.51757437288391e-05,7.51757437288391e-05
7.510047571879042e-05,7.510047571879042e-05,7.510047571879042e-05,7.510047571879042e-05
7.502513158703416e-05,7.502513158703416e-05,7.502513158703416e-05,7.502513158703416e-05
7.494971156206501e-05,7.494971156206501e-05,7.494971156206501e-05,7.494971156206501e-05
7.487421587260771e-05,7.487421587260771e-05,7.487421587260771e-05,7.487421587260771e-05
7.479864474761653e-05,7.479864474761653e-05,7.479864474761653e-05,7.479864474761653e-05
7.472299841627451e-05,7.472299841627451e-05,7.472299841627451e-05,7.472299841627451e-05
7.464727710799277e-05,7.464727710799277e-05,7.464727710799277e-05,7.464727710799277e-05
7.457148105240977e-05,7.457148105240977e-05,7.457148105240977e-05,7.457148105240977e-05
7.449561047939068e-05,7.449561047939068e-05,7.449561047939068e-05,7.449561047939068e-05
7.441966561902669e-05,7.441966561902669e-05,7.441966561902669e-05,7.441966561902669e-05
7.434364670163422e-05,7.434364670163422e-05,7.434364670163422e-05,7.434364670163422e-05
7.426755395775433e-05,7.426755395775433e-05,7.426755395775433e-05,7.426755395775433e-05
7.419138761815194e-05,7.419138761815194e-05,7.419138761815194e-05,7.419138761815194e-05
7.411514791381519e-05,7.411514791381519e-05,7.411514791381519e-05,7.411514791381519e-05
7.40388350759547e-05,7.40388350759547e-05,7.40388350759547e-05,7.40388350759547e-05
7.396244933600285e-05,7.396244933600285e-05,7.396244933600285e-05,7.396244933600285e-05
7.388599092561315e-05,7.388599092561315e-05,7.388599092561315e-05,7.388599092561315e-05
7.380946007665949e-05,7.380946007665949e-05,7.380946007665949e-05,7.380946007665949e-05
7.373285702123542e-05,7.373285702123542e-05,7.373285702123542e-05,7.373285702123542e-05
7.365618199165352e-05,7.365618199165352e-05,7.365618199165352e-05,7.365618199165352e-05
7.357943522044456e-05,7.357943522044456e-05,7.357943522044456e-05,7.357943522044456e-05
7.350261694035696e-05,7.350261694035696e-05,7.350261694035696e-05,7.350261694035696e-05
7.342572738435596e-05,7.342572738435596e-05,7.342572738435596e-05,7.342572738435596e-05
7.3348766785623e-05,7.3348766785623e-05,7.3348766785623e-05,7.3348766785623e-05
7.327173537755487e-05,7.327173537755487e-05,7.327173537755487e-05,7.327173537755487e-05
7.319463339376325e-05,7.319463339376325e-05,7.319463339376325e-05,7.319463339376325e-05
7.31174610680737e-05,7.31174610680737e-05,7.31174610680737e-05,7.31174610680737e-05
7.304021863452524e-05,7.304021863452524e-05,7.304021863452524e-05,7.304021863452524e-05
7.296290632736942e-05,7.296290632736942e-05,7.296290632736942e-05,7.296290632736942e-05
7.288552438106973e-05,7.288552438106973e-05,7.288552438106973e-05,7.288552438106973e-05
7.28080730303008e-05,7.28080730303008e-05,7.28080730303008e-05,7.28080730303008e-05
7.273055250994784e-05,7.273055250994784e-05,7.273055250994784e-05,7.273055250994784e-05
7.265296305510572e-05,7.265296305510572e-05,7.265296305510572e-05,7.265296305510572e-05
7.257530490107847e-05,7.257530490107847e-05,7.257530490107847e-05,7.257530490107847e-05
7.249757828337837e-05,7.249757828337837e-05,7.249757828337837e-05,7.249757828337837e-05
7.241978343772538e-05,7.241978343772538e-05,7.241978343772538e-05,7.241978343772538e-05
7.234192060004637e-05,7.234192060004637e-05,7.234192060004637e-05,7.234192060004637e-05
7.226399000647439e-05,7.226399000647439e-05,7.226399000647439e-05,7.226399000647439e-05
7.218599189334799e-05,7.218599189334799e-05,7.218599189334799e-05,7.218599189334799e-05
7.210792649721047e-05,7.210792649721047e-05,7.210792649721047e-05,7.210792649721047e-05
7.202979405480921e-05,7.202979405480921e-05,7.202979405480921e-05,7.202979405480921e-05
7.195159480309487e-05,7.195159480309487e-05,7.195159480309487e-05,7.195159480309487e-05
7.187332897922076e-05,7.187332897922076e-05,7.187332897922076e-05,7.187332897922076e-05
7.179499682054205e-05,7.179499682054205e-05,7.179499682054205e-05,7.179499682054205e-05
7.171659856461513e-05,7.171659856461513e-05,7.171659856461513e-05,7.171659856461513e-05
7.163813444919678e-05,7.163813444919678e-05,7.163813444919678e-05,7.163813444919678e-05
7.155960471224359e-05,7.155960471224359e-05,7.155960471224359e-05,7.155960471224359e-05
7.148100959191105e-05,7.148100959191105e-05,7.148100959191105e-05,7.148100959191105e-05
7.140234932655307e-05,7.140234932655307e-05,7.140234932655307e-05,7.140234932655307e-05
7.1323624154721e-05,7.1323624154721e-05,7.1323624154721e-05,7.1323624154721e-05
7.124483431516308e-05,7.124483431516308e-05,7.124483431516308e-05,7.124483431516308e-05
7.116598004682374e-05,7.116598004682374e-05,7.116598004682374e-05,7.116598004682374e-05
7.108706158884265e-05,7.108706158884265e-05,7.108706158884265e-05,7.108706158884265e-05
7.100807918055428e-05,7.100807918055428e-05,7.100807918055428e-05,7.100807918055428e-05
7.092903306148698e-05,7.092903306148698e-05,7.092903306148698e-05,7.092903306148698e-05
7.084992347136229e-05,7.084992347136229e-05,7.084992347136229e-05,7.084992347136229e-05
7.077075065009433e-05,7.077075065009433e-05,7.077075065009433e-05,7.077075065009433e-05
7.069151483778889e-05,7.069151483778889e-05,7.069151483778889e-05,7.069151483778889e-05
7.06122162747428e-05,7.06122162747428e-05,7.06122162747428e-05,7.06122162747428e-05
7.053285520144327e-05,7.053285520144327e-05,7.053285520144327e-05,7.053285520144327e-05
7.045343185856701e-05,7.045343185856701e-05,7.045343185856701e-05,7.045343185856701e-05
7.037394648697957e-05,7.037394648697957e-05,7.037394648697957e-05,7.037394648697957e-05
7.029439932773464e-05,7.029439932773464e-05,7.029439932773464e-05,7.029439932773464e-05
7.021479062207332e-05,7.021479062207332e-05,7.021479062207332e-05,7.021479062207332e-05
7.01351206114233e-05,7.01351206114233e-05,7.01351206114233e-05,7.01351206114233e-05
7.005538953739825e-05,7.005538953739825e-05,7.005538953739825e-05,7.005538953739825e-05
6.997559764179694e-05,6.997559764179694e-05,6.997559764179694e-05,6.997559764179694e-05
6.98957451666027e-05,6.98957451666027e-05,6.98957451666027e-05,6.98957451666027e-05
6.98158323539825e-05,6.98158323539825e-05,6.98158323539825e-05,6.98158323539825e-05
6.973585944628634e-05,6.973585944628634e-05,6.973585944628634e-05,6.973585944628634e-05
6.965582668604638e-05,6.965582668604638e-05,6.965582668604638e-05,6.965582668604638e-05
6.957573431597646e-05,6.957573431597646e-05,6.957573431597646e-05,6.957573431597646e-05
6.949558257897102e-05,6.949558257897102e-05,6.949558257897102e-05,6.949558257897102e-05
6.941537171810466e-05,6.941537171810466e-05,6.941537171810466e-05,6.941537171810466e-05
6.933510197663124e-05,6.933510197663124e-05,6.933510197663124e-05,6.933510197663124e-05
6.925477359798317e-05,6.925477359798317e-05,6.925477359798317e-05,6.925477359798317e-05
6.917438682577071e-05,6.917438682577071e-05,6.917438682577071e-05,6.917438682577071e-05
6.909394190378122e-05,6.909394190378122e-05,6.909394190378122e-05,6.909394190378122e-05
6.90134390759784e-05,6.90134390759784e-05,6.90134390759784e-05,6.90134390759784e-05
6.893287858650155e-05,6.893287858650155e-05,6.893287858650155e-05,6.893287858650155e-05
6.885226067966484e-05,6.885226067966484e-05,6.885226067966484e-05,6.885226067966484e-05
6.877158559995657e-05,6.877158559995657e-05,6.877158559995657e-05,6.877158559995657e-05
6.869085359203844e-05,6.869085359203844e-05,6.869085359203844e-05,6.869085359203844e-05
6.861006490074478e-05,6.861006490074478e-05,6.861006490074478e-05,6.861006490074478e-05
6.852921977108183e-05,6.852921977108183e-05,6.852921977108183e-05,6.852921977108183e-05
6.8448318448227e-05,6.8448318448227e-05,6.8448318448227e-05,6.8448318448227e-05
6.836736117752809e-05,6.836736117752809e-05,6.836736117752809e-05,6.836736117752809e-05
6.828634820450259e-05,6.828634820450259e-05,6.828634820450259e-05,6.828634820450259e-05
6.820527977483689e-05,6.820527977483689e-05,6.820527977483689e-05,6.820527977483689e-05
6.81241561343856e-05,6.81241561343856e-05,6.81241561343856e-05,6.81241561343856e-05
6.804297752917077e-05,6.804297752917077e-05,6.804297752917077e-05,6.804297752917077e-05
6.796174420538111e-05,6.796174420538111e-05,6.796174420538111e-05,6.796174420538111e-05
6.788045640937128e-05,6.788045640937128e-05,6.788045640937128e-05,6.788045640937128e-05
6.779911438766116e-05,6.779911438766116e-05,6.779911438766116e-05,6.779911438766116e-05
6.771771838693507e-05,6.771771838693507e-05,6.771771838693507e-05,6.771771838693507e-05
6.763626865404096e-05,6.763626865404096e-05,6.763626865404096e-05,6.763626865404096e-05
6.755476543598987e-05,6.755476543598987e-05,6.755476543598987e-05,6.755476543598987e-05
6.747320897995493e-05,6.747320897995493e-05,6.747320897995493e-05,6.747320897995493e-05
6.739159953327077e-05,6.739159953327077e-05,6.739159953327077e-05,6.739159953327077e-05
6.73099373434327e-05,6.73099373434327e-05,6.73099373434327e-05,6.73099373434327e-05
6.722822265809605e-05,6.722822265809605e-05,6.722822265809605e-05,6.722822265809605e-05
6.714645572507524e-05,6.714645572507524e-05,6.714645572507524e-05,6.714645572507524e-05
6.706463679234326e-05,6.706463679234326e-05,6.706463679234326e-05,6.706463679234326e-05
6.69827661080307e-05,6.69827661080307e-05,6.69827661080307e-05,6.69827661080307e-05
6.690084392042513e-05,6.690084392042513e-05,6.690084392042513e-05,6.690084392042513e-05
6.681887047797037e-05,6.681887047797037e-05,6.681887047797037e-05,6.681887047797037e-05
6.673684602926558e-05,6.673684602926558e-05,6.673684602926558e-05,6.673684602926558e-05
6.665477082306468e-05,6.665477082306468e-05,6.665477082306468e-05,6.665477082306468e-05
6.657264510827549e-05,6.657264510827549e-05,6.657264510827549e-05,6.657264510827549e-05
6.6490469133959e-05,6.6490469133959e-05,6.6490469133959e-05,6.6490469133959e-05
6.640824314932867e-05,6.640824314932867e-05,6.640824314932867e-05,6.640824314932867e-05
6.632596740374953e-05,6.632596740374953e-05,6.632596740374953e-05,6.632596740374953e-05
6.624364214673762e-05,6.624364214673762e-05,6.624364214673762e-05,6.624364214673762e-05
6.61612676279591e-05,6.61612676279591e-05,6.61612676279591e-05,6.61612676279591e-05
6.607884409722948e-05,6.607884409722948e-05,6.607884409722948e-05,6.607884409722948e-05
6.599637180451294e-05,6.599637180451294e-05,6.599637180451294e-05,6.599637180451294e-05
6.59138509999216e-05,6.59138509999216e-05,6.59138509999216e-05,6.59138509999216e-05
6.583128193371459e-05,6.583128193371459e-05,6.583128193371459e-05,6.583128193371459e-05
6.574866485629747e-05,6.574866485629747e-05,6.574866485629747e-05,6.574866485629747e-05
6.566600001822139e-05,6.566600001822139e-05,6.566600001822139e-05,6.566600001822139e-05
6.558328767018234e-05,6.558328767018234e-05,6.558328767018234e-05,6.558328767018234e-05
6.550052806302039e-05,6.550052806302039e-05,6.550052806302039e-05,6.550052806302039e-05
6.541772144771892e-05,6.541772144771892e-05,6.541772144771892e-05,6.541772144771892e-05
6.533486807540393e-05,6.533486807540393e-05,6.533486807540393e-05,6.533486807540393e-05
6.525196819734314e-05,6.525196819734314e-05,6.525196819734314e-05,6.525196819734314e-05
6.516902206494536e-05,6.516902206494536e-05,6.516902206494536e-05,6.516902206494536e-05
6.508602992975963e-05,6.508602992975963e-05,6.508602992975963e-05,6.508602992975963e-05
6.500299204347453e-05,6.500299204347453e-05,6.500299204347453e-05,6.500299204347453e-05
6.491990865791743e-05,6.491990865791743e-05,6.491990865791743e-05,6.491990865791743e-05
6.48367800250536e-05,6.48367800250536e-05,6.48367800250536e-05,6.48367800250536e-05
6.475360639698557e-05,6.475360639698557e-05,6.475360639698557e-05,6.475360639698557e-05
6.467038802595237e-05,6.467038802595237e-05,6.467038802595237e-05,6.467038802595237e-05
6.458712516432865e-05,6.458712516432865e-05,6.458712516432865e-05,6.458712516432865e-05
6.4503818064624e-05,6.4503818064624e-05,6.4503818064624e-05,6.4503818064624e-05
6.442046697948219e-05,6.442046697948219e-05,6.442046697948219e-05,6.442046697948219e-05
6.433707216168042e-05,6.433707216168042e-05,6.433707216168042e-05,6.433707216168042e-05
6.425363386412843e-05,6.425363386412843e-05,6.425363386412843e-05,6.425363386412843e-05
6.417015233986786e-05,6.417015233986786e-05,6.417015233986786e-05,6.417015233986786e-05
6.408662784207149e-05,6.408662784207149e-05,6.408662784207149e-05,6.408662784207149e-05
6.400306062404236e-05,6.400306062404236e-05,6.400306062404236e-05,6.400306062404236e-05
6.391945093921309e-05,6.391945093921309e-05,6.391945093921309e-05,6.391945093921309e-05
6.38357990411451e-05,6.38357990411451e-05,6.38357990411451e-05,6.38357990411451e-05
6.375210518352779e-05,6.375210518352779e-05,6.375210518352779e-05,6.375210518352779e-05
6.366836962017788e-05,6.366836962017788e-05,6.366836962017788e-05,6.366836962017788e-05
6.358459260503848e-05,6.358459260503848e-05,6.358459260503848e-05,6.358459260503848e-05
6.35007743921785e-05,6.35007743921785e-05,6.35007743921785e-05,6.35007743921785e-05
6.341691523579171e-05,6.341691523579171e-05,6.341691523579171e-05,6.341691523579171e-05
6.333301539019613e-05,6.333301539019613e-05,6.333301539019613e-05,6.333301539019613e-05
6.32490751098331e-05,6.32490751098331e-05,6.32490751098331e-05,6.32490751098331e-05
6.316509464926661e-05,6.316509464926661e-05,6.316509464926661e-05,6.316509464926661e-05
6.308107426318253e-05,6.308107426318253e-05,6.308107426318253e-05,6.308107426318253e-05
6.299701420638782e-05,6.299701420638782e-05,6.299701420638782e-05,6.299701420638782e-05
6.291291473380969e-05,6.291291473380969e-05,6.291291473380969e-05,6.291291473380969e-05
6.282877610049491e-05,6.282877610049491e-05,6.282877610049491e-05,6.282877610049491e-05
6.274459856160903e-05,6.274459856160903e-05,6.274459856160903e-05,6.274459856160903e-05
6.266038237243561e-05,6.266038237243561e-05,6.266038237243561e-05,6.266038237243561e-05
6.257612778837535e-05,6.257612778837535e-05,6.257612778837535e-05,6.257612778837535e-05
6.249183506494544e-05,6.249183506494544e-05,6.249183506494544e-05,6.249183506494544e-05
6.240750445777873e-05,6.240750445777873e-05,6.240750445777873e-05,6.240750445777873e-05
6.232313622262296e-05,6.232313622262296e-05,6.232313622262296e-05,6.232313622262296e-05
6.223873061533998e-05,6.223873061533998e-05,6.223873061533998e-05,6.223873061533998e-05
6.215428789190498e-05,6.215428789190498e-05,6.215428789190498e-05,6.215428789190498e-05
6.206980830840567e-05,6.206980830840567e-05,6.206980830840567e-05,6.206980830840567e-05
6.198529212104164e-05,6.198529212104164e-05,6.198529212104164e-05,6.198529212104164e-05
6.19007395861234e-05,6.19007395861234e-05,6.19007395861234e-05,6.19007395861234e-05
6.181615096007172e-05,6.181615096007172e-05,6.181615096007172e-05,6.181615096007172e-05
6.173152649941683e-05,6.173152649941683e-05,6.173152649941683e-05,6.173152649941683e-05
6.164686646079763e-05,6.164686646079763e-05,6.164686646079763e-05,6.164686646079763e-05
6.156217110096089e-05,6.156217110096089e-05,6.156217110096089e-05,6.156217110096089e-05
6.147744067676057e-05,6.147744067676057e-05,6.147744067676057e-05,6.147744067676057e-05
6.139267544515689e-05,6.139267544515689e-05,6.139267544515689e-05,6.139267544515689e-05
6.130787566321567e-05,6.130787566321567e-05,6.130787566321567e-05,6.130787566321567e-05
6.12230415881075e-05,6.12230415881075e-05,6.12230415881075e-05,6.12230415881075e-05
6.113817347710697e-05,6.113817347710697e-05,6.113817347710697e-05,6.113817347710697e-05
6.10532715875919e-05,6.10532715875919e-05,6.10532715875919e-05,6.10532715875919e-05
6.096833617704254e-05,6.096833617704254e-05,6.096833617704254e-05,6.096833617704254e-05
6.0883367503040775e-05,6.0883367503040775e-05,6.0883367503040775e-05,6.0883367503040775e-05
6.079836582326945e-05,6.079836582326945e-05,6.079836582326945e-05,6.079836582326945e-05
6.071333139551141e-05,6.071333139551141e-05,6.071333139551141e-05,6.071333139551141e-05
6.062826447764883e-05,6.062826447764883e-05,6.062826447764883e-05,6.062826447764883e-05
6.054316532766249e-05,6.054316532766249e-05,6.054316532766249e-05,6.054316532766249e-05
6.045803420363084e-05,6.045803420363084e-05,6.045803420363084e-05,6.045803420363084e-05
6.0372871363729344e-05,6.0372871363729344e-05,6.0372871363729344e-05,6.0372871363729344e-05
6.02876770662296e-05,6.02876770662296e-05,6.02876770662296e-05,6.02876770662296e-05
6.0202451569498676e-05,6.0202451569498676e-05,6.0202451569498676e-05,6.0202451569498676e-05
6.011719513199821e-05,6.011719513199821e-05,6.011719513199821e-05,6.011719513199821e-05
6.0031908012283664e-05,6.0031908012283664e-05,6.0031908012283664e-05,6.0031908012283664e-05
5.994659046900357e-05,5.994659046900357e-05,5.994659046900357e-05,5.994659046900357e-05
5.9861242760898774e-05,5.9861242760898774e-05,5.9861242760898774e-05,5.9861242760898774e-05
5.9775865146801505e-05,5.9775865146801505e-05,5.9775865146801505e-05,5.9775865146801505e-05
5.9690457885634756e-05,5.9690457885634756e-05,5.9690457885634756e-05,5.9690457885634756e-05
5.960502123641138e-05,5.960502123641138e-05,5.960502123641138e-05,5.960502123641138e-05
5.951955545823342e-05,5.951955545823342e-05,5.951955545823342e-05,5.951955545823342e-05
5.943406081029122e-05,5.943406081029122e-05,5.943406081029122e-05,5.943406081029122e-05
5.934853755186264e-05,5.934853755186264e-05,5.934853755186264e-05,5.934853755186264e-05
5.9262985942312374e-05,5.9262985942312374e-05,5.9262985942312374e-05,5.9262985942312374e-05
5.917740624109107e-05,5.917740624109107e-05,5.917740624109107e-05,5.917740624109107e-05
5.909179870773457e-05,5.909179870773457e-05,5.909179870773457e-05,5.909179870773457e-05
5.9006163601863086e-05,5.9006163601863086e-05,5.9006163601863086e-05,5.9006163601863086e-05
5.8920501183180486e-05,5.8920501183180486e-05,5.8920501183180486e-05,5.8920501183180486e-05
5.88348117114735e-05,5.88348117114735e-05,5.88348117114735e-05,5.88348117114735e-05
5.8749095446610836e-05,5.8749095446610836e-05,5.8749095446610836e-05,5.8749095446610836e-05
5.866335264854248e-05,5.866335264854248e-05,5.866335264854248e-05,5.866335264854248e-05
5.8577583577298924e-05,5.8577583577298924e-05,5.8577583577298924e-05,5.8577583577298924e-05
5.849178849299026e-05,5.849178849299026e-05,5.849178849299026e-05,5.849178849299026e-05
5.840596765580555e-05,5.840596765580555e-05,5.840596765580555e-05,5.840596765580555e-05
5.832012132601188e-05,5.832012132601188e-05,5.832012132601188e-05,5.832012132601188e-05
5.823424976395373e-05,5.823424976395373e-05,5.823424976395373e-05,5.823424976395373e-05
5.814835323005203e-05,5.814835323005203e-05,5.814835323005203e-05,5.814835323005203e-05
5.806243198480348e-05,5.806243198480348e-05,5.806243198480348e-05,5.806243198480348e-05
5.7976486288779706e-05,5.7976486288779706e-05,5.7976486288779706e-05,5.7976486288779706e-05
5.789051640262648e-05,5.789051640262648e-05,5.789051640262648e-05,5.789051640262648e-05
5.780452258706299e-05,5.780452258706299e-05,5.780452258706299e-05,5.780452258706299e-05
5.7718505102880906e-05,5.7718505102880906e-05,5.7718505102880906e-05,5.7718505102880906e-05
5.7632464210943726e-05,5.7632464210943726e-05,5.7632464210943726e-05,5.7632464210943726e-05
5.754640017218596e-05,5.754640017218596e-05,5.754640017218596e-05,5.754640017218596e-05
5.746031324761225e-05,5.746031324761225e-05,5.746031324761225e-05,5.746031324761225e-05
5.737420369829669e-05,5.737420369829669e-05,5.737420369829669e-05,5.737420369829669e-05
5.728807178538199e-05,5.728807178538199e-05,5.728807178538199e-05,5.728807178538199e-05
5.7201917770078674e-05,5.7201917770078674e-05,5.7201917770078674e-05,5.7201917770078674e-05
5.7115741913664264e-05,5.7115741913664264e-05,5.7115741913664264e-05,5.7115741913664264e-05
5.702954447748256e-05,5.702954447748256e-05,5.702954447748256e-05,5.702954447748256e-05
5.69433257229428e-05,5.69433257229428e-05,5.69433257229428e-05,5.69433257229428e-05
5.685708591151885e-05,5.685708591151885e-05,5.685708591151885e-05,5.685708591151885e-05
5.677082530474845e-05,5.677082530474845e-05,5.677082530474845e-05,5.677082530474845e-05
5.668454416423242e-05,5.668454416423242e-05,5.668454416423242e-05,5.668454416423242e-05
5.659824275163385e-05,5.659824275163385e-05,5.659824275163385e-05,5.659824275163385e-05
5.6511921328677265e-05,5.6511921328677265e-05,5.6511921328677265e-05,5.6511921328677265e-05
5.642558015714792e-05,5.642558015714792e-05,5.642558015714792e-05,5.642558015714792e-05
5.633921949889095e-05,5.633921949889095e-05,5.633921949889095e-05,5.633921949889095e-05
5.625283961581058e-05,5.625283961581058e-05,5.625283961581058e-05,5.625283961581058e-05
5.6166440769869365e-05,5.6166440769869365e-05,5.6166440769869365e-05,5.6166440769869365e-05
5.608002322308731e-05,5.608002322308731e-05,5.608002322308731e-05,5.608002322308731e-05
5.59935872375412e-05,5.59935872375412e-05,5.59935872375412e-05,5.59935872375412e-05
5.5907133075363695e-05,5.5907133075363695e-05,5.5907133075363695e-05,5.5907133075363695e-05
5.582066099874259e-05,5.582066099874259e-05,5.582066099874259e-05,5.582066099874259e-05
5.573417126992003e-05,5.573417126992003e-05,5.573417126992003e-05,5.573417126992003e-05
5.564766415119165e-05,5.564766415119165e-05,5.564766415119165e-05,5.564766415119165e-05
5.556113990490587e-05,5.556113990490587e-05,5.556113990490587e-05,5.556113990490587e-05
5.547459879346302e-05,5.547459879346302e-05,5.547459879346302e-05,5.547459879346302e-05
5.538804107931457e-05,5.538804107931457e-05,5.538804107931457e-05,5.538804107931457e-05
5.5301467024962395e-05,5.5301467024962395e-05,5.5301467024962395e-05,5.5301467024962395e-05
5.521487689295787e-05,5.521487689295787e-05,5.521487689295787e-05,5.521487689295787e-05
5.512827094590113e-05,5.512827094590113e-05,5.512827094590113e-05,5.512827094590113e-05
5.50416494464403e-05,5.50416494464403e-05,5.50416494464403e-05,5.50416494464403e-05
5.495501265727066e-05,5.495501265727066e-05,5.495501265727066e-05,5.495501265727066e-05
5.486836084113387e-05,5.486836084113387e-05,5.486836084113387e-05,5.486836084113387e-05
5.478169426081712e-05,5.478169426081712e-05,5.478169426081712e-05,5.478169426081712e-05
5.469501317915242e-05,5.469501317915242e-05,5.469501317915242e-05,5.469501317915242e-05
5.460831785901574e-05,5.460831785901574e-05,5.460831785901574e-05,5.460831785901574e-05
5.4521608563326246e-05,5.4521608563326246e-05,5.4521608563326246e-05,5.4521608563326246e-05
5.4434885555045446e-05,5.4434885555045446e-05,5.4434885555045446e-05,5.4434885555045446e-05
5.434814909717648e-05,5.434814909717648e-05,5.434814909717648e-05,5.434814909717648e-05
5.426139945276326e-05,5.426139945276326e-05,5.426139945276326e-05,5.426139945276326e-05
5.417463688488968e-05,5.417463688488968e-05,5.417463688488968e-05,5.417463688488968e-05
5.408786165667884e-05,5.408786165667884e-05,5.408786165667884e-05,5.408786165667884e-05
5.400107403129222e-05,5.400107403129222e-05,5.400107403129222e-05,5.400107403129222e-05
5.391427427192891e-05,5.391427427192891e-05,5.391427427192891e-05,5.391427427192891e-05
5.38274626418248e-05,5.38274626418248e-05,5.38274626418248e-05,5.38274626418248e-05
5.3740639404251744e-05,5.3740639404251744e-05,5.3740639404251744e-05,5.3740639404251744e-05
5.365380482251685e-05,5.365380482251685e-05,5.365380482251685e-05,5.365380482251685e-05
5.3566959159961615e-05,5.3566959159961615e-05,5.3566959159961615e-05,5.3566959159961615e-05
5.348010267996113e-05,5.348010267996113e-05,5.348010267996113e-05,5.348010267996113e-05
5.339323564592327e-05,5.339323564592327e-05,5.339323564592327e-05,5.339323564592327e-05
5.3306358321287966e-05,5.3306358321287966e-05,5.3306358321287966e-05,5.3306358321287966e-05
5.321947096952633e-05,5.321947096952633e-05,5.321947096952633e-05,5.321947096952633e-05
5.313257385413986e-05,5.313257385413986e-05,5.313257385413986e-05,5.313257385413986e-05
5.3045667238659714e-05,5.3045667238659714e-05,5.3045667238659714e-05,5.3045667238659714e-05
5.295875138664583e-05,5.295875138664583e-05,5.295875138664583e-05,5.295875138664583e-05
5.287182656168618e-05,5.287182656168618e-05,5.287182656168618e-05,5.287182656168618e-05
5.2784893027395876e-05,5.2784893027395876e-05,5.2784893027395876e-05,5.2784893027395876e-05
5.269795104741656e-05,5.269795104741656e-05,5.269795104741656e-05,5.269795104741656e-05
5.2611000885415386e-05,5.2611000885415386e-05,5.2611000885415386e-05,5.2611000885415386e-05
5.252404280508438e-05,5.252404280508438e-05,5.252404280508438e-05,5.252404280508438e-05
5.243707707013956e-05,5.243707707013956e-05,5.243707707013956e-05,5.243707707013956e-05
5.2350103944320164e-05,5.2350103944320164e-05,5.2350103944320164e-05,5.2350103944320164e-05
5.226312369138782e-05,5.226312369138782e-05,5.226312369138782e-05,5.226312369138782e-05
5.217613657512581e-05,5.217613657512581e-05,5.217613657512581e-05,5.217613657512581e-05
5.208914285933819e-05,5.208914285933819e-05,5.208914285933819e-05,5.208914285933819e-05
5.2002142807849084e-05,5.2002142807849084e-05,5.2002142807849084e-05,5.2002142807849084e-05
5.191513668450178e-05,5.191513668450178e-05,5.191513668450178e-05,5.191513668450178e-05
5.182812475315798e-05,5.182812475315798e-05,5.182812475315798e-05,5.182812475315798e-05
5.1741107277697045e-05,5.1741107277697045e-05,5.1741107277697045e-05,5.1741107277697045e-05
5.16540845220151e-05,5.16540845220151e-05,5.16540845220151e-05,5.16540845220151e-05
5.156705675002431e-05,5.156705675002431e-05,5.156705675002431e-05,5.156705675002431e-05
5.148002422565207e-05,5.148002422565207e-05,5.148002422565207e-05,5.148002422565207e-05
5.139298721284013e-05,5.139298721284013e-05,5.139298721284013e-05,5.139298721284013e-05
5.1305945975543915e-05,5.1305945975543915e-05,5.1305945975543915e-05,5.1305945975543915e-05
5.121890077773162e-05,5.121890077773162e-05,5.121890077773162e-05,5.121890077773162e-05
5.113185188338345e-05,5.113185188338345e-05,5.113185188338345e-05,5.113185188338345e-05
5.1044799556490875e-05,5.1044799556490875e-05,5.1044799556490875e-05,5.1044799556490875e-05
5.095774406105571e-05,5.095774406105571e-05,5.095774406105571e-05,5.095774406105571e-05
5.0870685661089415e-05,5.0870685661089415e-05,5.0870685661089415e-05,5.0870685661089415e-05
5.0783624620612216e-05,5.0783624620612216e-05,5.0783624620612216e-05,5.0783624620612216e-05
5.06965612036524e-05,5.06965612036524e-05,5.06965612036524e-05,5.06965612036524e-05
5.060949567424545e-05,5.060949567424545e-05,5.060949567424545e-05,5.060949567424545e-05
5.052242829643323e-05,5.052242829643323e-05,5.052242829643323e-05,5.052242829643323e-05
5.043535933426323e-05,5.043535933426323e-05,5.043535933426323e-05,5.043535933426323e-05
5.0348289051787754e-05,5.0348289051787754e-05,5.0348289051787754e-05,5.0348289051787754e-05
5.026121771306307e-05,5.026121771306307e-05,5.026121771306307e-05,5.026121771306307e-05
5.017414558214869e-05,5.017414558214869e-05,5.017414558214869e-05,5.017414558214869e-05
5.0087072923106494e-05,5.0087072923106494e-05,5.0087072923106494e-05,5.0087072923106494e-05
5e-05,5e-05,5e-05,5e-05
4.9912927076893504e-05,4.9912927076893504e-05,4.9912927076893504e-05,4.9912927076893504e-05
4.982585441785133e-05,4.982585441785133e-05,4.982585441785133e-05,4.982585441785133e-05
4.973878228693693e-05,4.973878228693693e-05,4.973878228693693e-05,4.973878228693693e-05
4.965171094821226e-05,4.965171094821226e-05,4.965171094821226e-05,4.965171094821226e-05
4.9564640665736766e-05,4.9564640665736766e-05,4.9564640665736766e-05,4.9564640665736766e-05
4.947757170356677e-05,4.947757170356677e-05,4.947757170356677e-05,4.947757170356677e-05
4.939050432575455e-05,4.939050432575455e-05,4.939050432575455e-05,4.939050432575455e-05
4.930343879634762e-05,4.930343879634762e-05,4.930343879634762e-05,4.930343879634762e-05
4.92163753793878e-05,4.92163753793878e-05,4.92163753793878e-05,4.92163753793878e-05
4.912931433891062e-05,4.912931433891062e-05,4.912931433891062e-05,4.912931433891062e-05
4.9042255938944296e-05,4.9042255938944296e-05,4.9042255938944296e-05,4.9042255938944296e-05
4.895520044350914e-05,4.895520044350914e-05,4.895520044350914e-05,4.895520044350914e-05
4.8868148116616554e-05,4.8868148116616554e-05,4.8868148116616554e-05,4.8868148116616554e-05
4.878109922226838e-05,4.878109922226838e-05,4.878109922226838e-05,4.878109922226838e-05
4.86940540244561e-05,4.86940540244561e-05,4.86940540244561e-05,4.86940540244561e-05
4.860701278715987e-05,4.860701278715987e-05,4.860701278715987e-05,4.860701278715987e-05
4.851997577434794e-05,4.851997577434794e-05,4.851997577434794e-05,4.851997577434794e-05
4.8432943249975685e-05,4.8432943249975685e-05,4.8432943249975685e-05,4.8432943249975685e-05
4.834591547798492e-05,4.834591547798492e-05,4.834591547798492e-05,4.834591547798492e-05
4.825889272230297e-05,4.825889272230297e-05,4.825889272230297e-05,4.825889272230297e-05
4.8171875246842033e-05,4.8171875246842033e-05,4.8171875246842033e-05,4.8171875246842033e-05
4.8084863315498234e-05,4.8084863315498234e-05,4.8084863315498234e-05,4.8084863315498234e-05
4.7997857192150934e-05,4.7997857192150934e-05,4.7997857192150934e-05,4.7997857192150934e-05
4.791085714066181e-05,4.791085714066181e-05,4.791085714066181e-05,4.791085714066181e-05
4.78238634248742e-05,4.78238634248742e-05,4.78238634248742e-05,4.78238634248742e-05
4.773687630861219e-05,4.773687630861219e-05,4.773687630861219e-05,4.773687630861219e-05
4.764989605567984e-05,4.764989605567984e-05,4.764989605567984e-05,4.764989605567984e-05
4.756292292986045e-05,4.756292292986045e-05,4.756292292986045e-05,4.756292292986045e-05
4.747595719491561e-05,4.747595719491561e-05,4.747595719491561e-05,4.747595719491561e-05
4.738899911458462e-05,4.738899911458462e-05,4.738899911458462e-05,4.738899911458462e-05
4.730204895258345e-05,4.730204895258345e-05,4.730204895258345e-05,4.730204895258345e-05
4.721510697260413e-05,4.721510697260413e-05,4.721510697260413e-05,4.721510697260413e-05
4.712817343831384e-05,4.712817343831384e-05,4.712817343831384e-05,4.712817343831384e-05
4.7041248613354186e-05,4.7041248613354186e-05,4.7041248613354186e-05,4.7041248613354186e-05
4.695433276134029e-05,4.695433276134029e-05,4.695433276134029e-05,4.695433276134029e-05
4.6867426145860147e-05,4.6867426145860147e-05,4.6867426145860147e-05,4.6867426145860147e-05
4.678052903047369e-05,4.678052903047369e-05,4.678052903047369e-05,4.678052903047369e-05
4.669364167871203e-05,4.669364167871203e-05,4.669364167871203e-05,4.669364167871203e-05
4.660676435407674e-05,4.660676435407674e-05,4.660676435407674e-05,4.660676435407674e-05
4.651989732003888e-05,4.651989732003888e-05,4.651989732003888e-05,4.651989732003888e-05
4.643304084003839e-05,4.643304084003839e-05,4.643304084003839e-05,4.643304084003839e-05
4.634619517748315e-05,4.634619517748315e-05,4.634619517748315e-05,4.634619517748315e-05
4.625936059574828e-05,4.625936059574828e-05,4.625936059574828e-05,4.625936059574828e-05
4.6172537358175214e-05,4.6172537358175214e-05,4.6172537358175214e-05,4.6172537358175214e-05
4.6085725728071114e-05,4.6085725728071114e-05,4.6085725728071114e-05,4.6085725728071114e-05
4.599892596870779e-05,4.599892596870779e-05,4.599892596870779e-05,4.599892596870779e-05
4.591213834332117e-05,4.591213834332117e-05,4.591213834332117e-05,4.591213834332117e-05
4.582536311511032e-05,4.582536311511032e-05,4.582536311511032e-05,4.582536311511032e-05
4.573860054723673e-05,4.573860054723673e-05,4.573860054723673e-05,4.573860054723673e-05
4.565185090282353e-05,4.565185090282353e-05,4.565185090282353e-05,4.565185090282353e-05
4.556511444495456e-05,4.556511444495456e-05,4.556511444495456e-05,4.556511444495456e-05
4.5478391436673765e-05,4.5478391436673765e-05,4.5478391436673765e-05,4.5478391436673765e-05
4.539168214098426e-05,4.539168214098426e-05,4.539168214098426e-05,4.539168214098426e-05
4.53049868208476e-05,4.53049868208476e-05,4.53049868208476e-05,4.53049868208476e-05
4.521830573918289e-05,4.521830573918289e-05,4.521830573918289e-05,4.521830573918289e-05
4.513163915886615e-05,4.513163915886615e-05,4.513163915886615e-05,4.513163915886615e-05
4.504498734272934e-05,4.504498734272934e-05,4.504498734272934e-05,4.504498734272934e-05
4.495835055355972e-05,4.495835055355972e-05,4.495835055355972e-05,4.495835055355972e-05
4.4871729054098875e-05,4.4871729054098875e-05,4.4871729054098875e-05,4.4871729054098875e-05
4.478512310704216e-05,4.478512310704216e-05,4.478512310704216e-05,4.478512310704216e-05
4.4698532975037616e-05,4.4698532975037616e-05,4.4698532975037616e-05,4.4698532975037616e-05
4.461195892068543e-05,4.461195892068543e-05,4.461195892068543e-05,4.461195892068543e-05
4.452540120653699e-05,4.452540120653699e-05,4.452540120653699e-05,4.452540120653699e-05
4.443886009509413e-05,4.443886009509413e-05,4.443886009509413e-05,4.443886009509413e-05
4.4352335848808363e-05,4.4352335848808363e-05,4.4352335848808363e-05,4.4352335848808363e-05
4.4265828730079987e-05,4.4265828730079987e-05,4.4265828730079987e-05,4.4265828730079987e-05
4.4179339001257416e-05,4.4179339001257416e-05,4.4179339001257416e-05,4.4179339001257416e-05
4.409286692463631e-05,4.409286692463631e-05,4.409286692463631e-05,4.409286692463631e-05
4.400641276245882e-05,4.400641276245882e-05,4.400641276245882e-05,4.400641276245882e-05
4.39199767769127e-05,4.39199767769127e-05,4.39199767769127e-05,4.39199767769127e-05
4.383355923013066e-05,4.383355923013066e-05,4.383355923013066e-05,4.383355923013066e-05
4.374716038418942e-05,4.374716038418942e-05,4.374716038418942e-05,4.374716038418942e-05
4.3660780501109075e-05,4.3660780501109075e-05,4.3660780501109075e-05,4.3660780501109075e-05
4.357441984285209e-05,4.357441984285209e-05,4.357441984285209e-05,4.357441984285209e-05
4.348807867132274e-05,4.348807867132274e-05,4.348807867132274e-05,4.348807867132274e-05
4.340175724836617e-05,4.340175724836617e-05,4.340175724836617e-05,4.340175724836617e-05
4.331545583576758e-05,4.331545583576758e-05,4.331545583576758e-05,4.331545583576758e-05
4.322917469525155e-05,4.322917469525155e-05,4.322917469525155e-05,4.322917469525155e-05
4.314291408848116e-05,4.314291408848116e-05,4.314291408848116e-05,4.314291408848116e-05
4.3056674277057226e-05,4.3056674277057226e-05,4.3056674277057226e-05,4.3056674277057226e-05
4.297045552251745e-05,4.297045552251745e-05,4.297045552251745e-05,4.297045552251745e-05
4.288425808633575e-05,4.288425808633575e-05,4.288425808633575e-05,4.288425808633575e-05
4.279808222992134e-05,4.279808222992134e-05,4.279808222992134e-05,4.279808222992134e-05
4.271192821461803e-05,4.271192821461803e-05,4.271192821461803e-05,4.271192821461803e-05
4.262579630170333e-05,4.262579630170333e-05,4.262579630170333e-05,4.262579630170333e-05
4.2539686752387766e-05,4.2539686752387766e-05,4.2539686752387766e-05,4.2539686752387766e-05
4.245359982781406e-05,4.245359982781406e-05,4.245359982781406e-05,4.245359982781406e-05
4.236753578905627e-05,4.236753578905627e-05,4.236753578905627e-05,4.236753578905627e-05
4.2281494897119105e-05,4.2281494897119105e-05,4.2281494897119105e-05,4.2281494897119105e-05
4.2195477412937015e-05,4.2195477412937015e-05,4.2195477412937015e-05,4.2195477412937015e-05
4.2109483597373524e-05,4.2109483597373524e-05,4.2109483597373524e-05,4.2109483597373524e-05
4.2023513711220305e-05,4.2023513711220305e-05,4.2023513711220305e-05,4.2023513711220305e-05
4.193756801519654e-05,4.193756801519654e-05,4.193756801519654e-05,4.193756801519654e-05
4.1851646769947986e-05,4.1851646769947986e-05,4.1851646769947986e-05,4.1851646769947986e-05
4.17657502360463e-05,4.17657502360463e-05,4.17657502360463e-05,4.17657502360463e-05
4.1679878673988135e-05,4.1679878673988135e-05,4.1679878673988135e-05,4.1679878673988135e-05
4.159403234419448e-05,4.159403234419448e-05,4.159403234419448e-05,4.159403234419448e-05
4.1508211507009745e-05,4.1508211507009745e-05,4.1508211507009745e-05,4.1508211507009745e-05
4.142241642270108e-05,4.142241642270108e-05,4.142241642270108e-05,4.142241642270108e-05
4.1336647351457526e-05,4.1336647351457526e-05,4.1336647351457526e-05,4.1336647351457526e-05
4.125090455338917e-05,4.125090455338917e-05,4.125090455338917e-05,4.125090455338917e-05
4.116518828852651e-05,4.116518828852651e-05,4.116518828852651e-05,4.116518828852651e-05
4.107949881681951e-05,4.107949881681951e-05,4.107949881681951e-05,4.107949881681951e-05
4.099383639813693e-05,4.099383639813693e-05,4.099383639813693e-05,4.099383639813693e-05
4.0908201292265444e-05,4.0908201292265444e-05,4.0908201292265444e-05,4.0908201292265444e-05
4.0822593758908946e-05,4.0822593758908946e-05,4.0822593758908946e-05,4.0822593758908946e-05
4.073701405768763e-05,4.073701405768763e-05,4.073701405768763e-05,4.073701405768763e-05
4.0651462448137375e-05,4.0651462448137375e-05,4.0651462448137375e-05,4.0651462448137375e-05
4.05659391897088e-05,4.05659391897088e-05,4.05659391897088e-05,4.05659391897088e-05
4.0480444541766576e-05,4.0480444541766576e-05,4.0480444541766576e-05,4.0480444541766576e-05
4.039497876358863e-05,4.039497876358863e-05,4.039497876358863e-05,4.039497876358863e-05
4.030954211436526e-05,4.030954211436526e-05,4.030954211436526e-05,4.030954211436526e-05
4.0224134853198507e-05,4.0224134853198507e-05,4.0224134853198507e-05,4.0224134853198507e-05
4.013875723910123e-05,4.013875723910123e-05,4.013875723910123e-05,4.013875723910123e-05
4.005340953099644e-05,4.005340953099644e-05,4.005340953099644e-05,4.005340953099644e-05
3.996809198771634e-05,3.996809198771634e-05,3.996809198771634e-05,3.996809198771634e-05
3.988280486800182e-05,3.988280486800182e-05,3.988280486800182e-05,3.988280486800182e-05
3.9797548430501335e-05,3.9797548430501335e-05,3.9797548430501335e-05,3.9797548430501335e-05
3.971232293377041e-05,3.971232293377041e-05,3.971232293377041e-05,3.971232293377041e-05
3.9627128636270674e-05,3.9627128636270674e-05,3.9627128636270674e-05,3.9627128636270674e-05
3.954196579636918e-05,3.954196579636918e-05,3.954196579636918e-05,3.954196579636918e-05
3.9456834672337516e-05,3.9456834672337516e-05,3.9456834672337516e-05,3.9456834672337516e-05
3.937173552235117e-05,3.937173552235117e-05,3.937173552235117e-05,3.937173552235117e-05
3.928666860448861e-05,3.928666860448861e-05,3.928666860448861e-05,3.928666860448861e-05
3.920163417673055e-05,3.920163417673055e-05,3.920163417673055e-05,3.920163417673055e-05
3.911663249695923e-05,3.911663249695923e-05,3.911663249695923e-05,3.911663249695923e-05
3.903166382295748e-05,3.903166382295748e-05,3.903166382295748e-05,3.903166382295748e-05
3.894672841240812e-05,3.894672841240812e-05,3.894672841240812e-05,3.894672841240812e-05
3.886182652289304e-05,3.886182652289304e-05,3.886182652289304e-05,3.886182652289304e-05
3.877695841189253e-05,3.877695841189253e-05,3.877695841189253e-05,3.877695841189253e-05
3.869212433678434e-05,3.869212433678434e-05,3.869212433678434e-05,3.869212433678434e-05
3.8607324554843136e-05,3.8607324554843136e-05,3.8607324554843136e-05,3.8607324554843136e-05
3.852255932323945e-05,3.852255932323945e-05,3.852255932323945e-05,3.852255932323945e-05
3.843782889903912e-05,3.843782889903912e-05,3.843782889903912e-05,3.843782889903912e-05
3.835313353920239e-05,3.835313353920239e-05,3.835313353920239e-05,3.835313353920239e-05
3.826847350058318e-05,3.826847350058318e-05,3.826847350058318e-05,3.826847350058318e-05
3.81838490399283e-05,3.81838490399283e-05,3.81838490399283e-05,3.81838490399283e-05
3.8099260413876615e-05,3.8099260413876615e-05,3.8099260413876615e-05,3.8099260413876615e-05
3.801470787895837e-05,3.801470787895837e-05,3.801470787895837e-05,3.801470787895837e-05
3.7930191691594324e-05,3.7930191691594324e-05,3.7930191691594324e-05,3.7930191691594324e-05
3.784571210809505e-05,3.784571210809505e-05,3.784571210809505e-05,3.784571210809505e-05
3.776126938466003e-05,3.776126938466003e-05,3.776126938466003e-05,3.776126938466003e-05
3.7676863777377054e-05,3.7676863777377054e-05,3.7676863777377054e-05,3.7676863777377054e-05
3.759249554222128e-05,3.759249554222128e-05,3.759249554222128e-05,3.759249554222128e-05
3.750816493505459e-05,3.750816493505459e-05,3.750816493505459e-05,3.750816493505459e-05
3.742387221162466e-05,3.742387221162466e-05,3.742387221162466e-05,3.742387221162466e-05
3.73396176275644e-05,3.73396176275644e-05,3.73396176275644e-05,3.73396176275644e-05
3.725540143839097e-05,3.725540143839097e-05,3.725540143839097e-05,3.725540143839097e-05
3.717122389950509e-05,3.717122389950509e-05,3.717122389950509e-05,3.717122389950509e-05
3.708708526619033e-05,3.708708526619033e-05,3.708708526619033e-05,3.708708526619033e-05
3.7002985793612175e-05,3.7002985793612175e-05,3.7002985793612175e-05,3.7002985793612175e-05
3.691892573681747e-05,3.691892573681747e-05,3.691892573681747e-05,3.691892573681747e-05
3.6834905350733395e-05,3.6834905350733395e-05,3.6834905350733395e-05,3.6834905350733395e-05
3.675092489016693e-05,3.675092489016693e-05,3.675092489016693e-05,3.675092489016693e-05
3.6666984609803884e-05,3.6666984609803884e-05,3.6666984609803884e-05,3.6666984609803884e-05
3.6583084764208306e-05,3.6583084764208306e-05,3.6583084764208306e-05,3.6583084764208306e-05
3.649922560782152e-05,3.649922560782152e-05,3.649922560782152e-05,3.649922560782152e-05
3.641540739496154e-05,3.641540739496154e-05,3.641540739496154e-05,3.641540739496154e-05
3.633163037982214e-05,3.633163037982214e-05,3.633163037982214e-05,3.633163037982214e-05
3.624789481647221e-05,3.624789481647221e-05,3.624789481647221e-05,3.624789481647221e-05
3.616420095885492e-05,3.616420095885492e-05,3.616420095885492e-05,3.616420095885492e-05
3.608054906078691e-05,3.608054906078691e-05,3.608054906078691e-05,3.608054906078691e-05
3.5996939375957655e-05,3.5996939375957655e-05,3.5996939375957655e-05,3.5996939375957655e-05
3.591337215792852e-05,3.591337215792852e-05,3.591337215792852e-05,3.591337215792852e-05
3.582984766013215e-05,3.582984766013215e-05,3.582984766013215e-05,3.582984766013215e-05
3.574636613587159e-05,3.574636613587159e-05,3.574636613587159e-05,3.574636613587159e-05
3.566292783831961e-05,3.566292783831961e-05,3.566292783831961e-05,3.566292783831961e-05
3.557953302051782e-05,3.557953302051782e-05,3.557953302051782e-05,3.557953302051782e-05
3.549618193537602e-05,3.549618193537602e-05,3.549618193537602e-05,3.549618193537602e-05
3.541287483567137e-05,3.541287483567137e-05,3.541287483567137e-05,3.541287483567137e-05
3.532961197404763e-05,3.532961197404763e-05,3.532961197404763e-05,3.532961197404763e-05
3.5246393603014433e-05,3.5246393603014433e-05,3.5246393603014433e-05,3.5246393603014433e-05
3.516321997494641e-05,3.516321997494641e-05,3.516321997494641e-05,3.516321997494641e-05
3.508009134208259e-05,3.508009134208259e-05,3.508009134208259e-05,3.508009134208259e-05
3.4997007956525464e-05,3.4997007956525464e-05,3.4997007956525464e-05,3.4997007956525464e-05
3.4913970070240386e-05,3.4913970070240386e-05,3.4913970070240386e-05,3.4913970070240386e-05
3.4830977935054656e-05,3.4830977935054656e-05,3.4830977935054656e-05,3.4830977935054656e-05
3.4748031802656876e-05,3.4748031802656876e-05,3.4748031802656876e-05,3.4748031802656876e-05
3.466513192459608e-05,3.466513192459608e-05,3.466513192459608e-05,3.466513192459608e-05
3.4582278552281076e-05,3.4582278552281076e-05,3.4582278552281076e-05,3.4582278552281076e-05
3.4499471936979625e-05,3.4499471936979625e-05,3.4499471936979625e-05,3.4499471936979625e-05
3.441671232981769e-05,3.441671232981769e-05,3.441671232981769e-05,3.441671232981769e-05
3.433399998177863e-05,3.433399998177863e-05,3.433399998177863e-05,3.433399998177863e-05
3.425133514370253e-05,3.425133514370253e-05,3.425133514370253e-05,3.425133514370253e-05
3.4168718066285423e-05,3.4168718066285423e-05,3.4168718066285423e-05,3.4168718066285423e-05
3.408614900007841e-05,3.408614900007841e-05,3.408614900007841e-05,3.408614900007841e-05
3.4003628195487057e-05,3.4003628195487057e-05,3.4003628195487057e-05,3.4003628195487057e-05
3.3921155902770534e-05,3.3921155902770534e-05,3.3921155902770534e-05,3.3921155902770534e-05
3.3838732372040925e-05,3.3838732372040925e-05,3.3838732372040925e-05,3.3838732372040925e-05
3.375635785326238e-05,3.375635785326238e-05,3.375635785326238e-05,3.375635785326238e-05
3.3674032596250484e-05,3.3674032596250484e-05,3.3674032596250484e-05,3.3674032596250484e-05
3.359175685067135e-05,3.359175685067135e-05,3.359175685067135e-05,3.359175685067135e-05
3.3509530866041014e-05,3.3509530866041014e-05,3.3509530866041014e-05,3.3509530866041014e-05
3.3427354891724525e-05,3.3427354891724525e-05,3.3427354891724525e-05,3.3427354891724525e-05
3.334522917693533e-05,3.334522917693533e-05,3.334522917693533e-05,3.334522917693533e-05
3.326315397073442e-05,3.326315397073442e-05,3.326315397073442e-05,3.326315397073442e-05
3.318112952202963e-05,3.318112952202963e-05,3.318112952202963e-05,3.318112952202963e-05
3.309915607957487e-05,3.309915607957487e-05,3.309915607957487e-05,3.309915607957487e-05
3.3017233891969316e-05,3.3017233891969316e-05,3.3017233891969316e-05,3.3017233891969316e-05
3.2935363207656756e-05,3.2935363207656756e-05,3.2935363207656756e-05,3.2935363207656756e-05
3.285354427492475e-05,3.285354427492475e-05,3.285354427492475e-05,3.285354427492475e-05
3.2771777341903976e-05,3.2771777341903976e-05,3.2771777341903976e-05,3.2771777341903976e-05
3.26900626565673e-05,3.26900626565673e-05,3.26900626565673e-05,3.26900626565673e-05
3.260840046672925e-05,3.260840046672925e-05,3.260840046672925e-05,3.260840046672925e-05
3.2526791020045086e-05,3.2526791020045086e-05,3.2526791020045086e-05,3.2526791020045086e-05
3.2445234564010154e-05,3.2445234564010154e-05,3.2445234564010154e-05,3.2445234564010154e-05
3.236373134595904e-05,3.236373134595904e-05,3.236373134595904e-05,3.236373134595904e-05
3.2282281613064946e-05,3.2282281613064946e-05,3.2282281613064946e-05,3.2282281613064946e-05
3.2200885612338845e-05,3.2200885612338845e-05,3.2200885612338845e-05,3.2200885612338845e-05
3.211954359062871e-05,3.211954359062871e-05,3.211954359062871e-05,3.211954359062871e-05
3.2038255794618885e-05,3.2038255794618885e-05,3.2038255794618885e-05,3.2038255794618885e-05
3.1957022470829226e-05,3.1957022470829226e-05,3.1957022470829226e-05,3.1957022470829226e-05
3.1875843865614406e-05,3.1875843865614406e-05,3.1875843865614406e-05,3.1875843865614406e-05
3.179472022516313e-05,3.179472022516313e-05,3.179472022516313e-05,3.179472022516313e-05
3.1713651795497444e-05,3.1713651795497444e-05,3.1713651795497444e-05,3.1713651795497444e-05
3.163263882247193e-05,3.163263882247193e-05,3.163263882247193e-05,3.163263882247193e-05
3.155168155177302e-05,3.155168155177302e-05,3.155168155177302e-05,3.155168155177302e-05
3.147078022891817e-05,3.147078022891817e-05,3.147078022891817e-05,3.147078022891817e-05
3.138993509925523e-05,3.138993509925523e-05,3.138993509925523e-05,3.138993509925523e-05
3.130914640796157e-05,3.130914640796157e-05,3.130914640796157e-05,3.130914640796157e-05
3.122841440004343e-05,3.122841440004343e-05,3.122841440004343e-05,3.122841440004343e-05
3.114773932033517e-05,3.114773932033517e-05,3.114773932033517e-05,3.114773932033517e-05
3.106712141349844e-05,3.106712141349844e-05,3.106712141349844e-05,3.106712141349844e-05
3.0986560924021604e-05,3.0986560924021604e-05,3.0986560924021604e-05,3.0986560924021604e-05
3.090605809621878e-05,3.090605809621878e-05,3.090605809621878e-05,3.090605809621878e-05
3.08256131742293e-05,3.08256131742293e-05,3.08256131742293e-05,3.08256131742293e-05
3.074522640201685e-05,3.074522640201685e-05,3.074522640201685e-05,3.074522640201685e-05
3.066489802336879e-05,3.066489802336879e-05,3.066489802336879e-05,3.066489802336879e-05
3.058462828189536e-05,3.058462828189536e-05,3.058462828189536e-05,3.058462828189536e-05
3.0504417421028997e-05,3.0504417421028997e-05,3.0504417421028997e-05,3.0504417421028997e-05
3.0424265684023558e-05,3.0424265684023558e-05,3.0424265684023558e-05,3.0424265684023558e-05
3.0344173313953612e-05,3.0344173313953612e-05,3.0344173313953612e-05,3.0344173313953612e-05
3.026414055371368e-05,3.026414055371368e-05,3.026414055371368e-05,3.026414055371368e-05
3.01841676460175e-05,3.01841676460175e-05,3.01841676460175e-05,3.01841676460175e-05
3.0104254833397306e-05,3.0104254833397306e-05,3.0104254833397306e-05,3.0104254833397306e-05
3.0024402358203056e-05,3.0024402358203056e-05,3.0024402358203056e-05,3.0024402358203056e-05
2.9944610462601767e-05,2.9944610462601767e-05,2.9944610462601767e-05,2.9944610462601767e-05
2.9864879388576695e-05,2.9864879388576695e-05,2.9864879388576695e-05,2.9864879388576695e-05
2.97852093779267e-05,2.97852093779267e-05,2.97852093779267e-05,2.97852093779267e-05
2.9705600672265367e-05,2.9705600672265367e-05,2.9705600672265367e-05,2.9705600672265367e-05
2.9626053513020452e-05,2.9626053513020452e-05,2.9626053513020452e-05,2.9626053513020452e-05
2.9546568141433006e-05,2.9546568141433006e-05,2.9546568141433006e-05,2.9546568141433006e-05
2.9467144798556745e-05,2.9467144798556745e-05,2.9467144798556745e-05,2.9467144798556745e-05
2.93877837252572e-05,2.93877837252572e-05,2.93877837252572e-05,2.93877837252572e-05
2.930848516221113e-05,2.930848516221113e-05,2.930848516221113e-05,2.930848516221113e-05
2.9229249349905684e-05,2.9229249349905684e-05,2.9229249349905684e-05,2.9229249349905684e-05
2.915007652863771e-05,2.915007652863771e-05,2.915007652863771e-05,2.915007652863771e-05
2.9070966938513045e-05,2.9070966938513045e-05,2.9070966938513045e-05,2.9070966938513045e-05
2.899192081944574e-05,2.899192081944574e-05,2.899192081944574e-05,2.899192081944574e-05
2.8912938411157365e-05,2.8912938411157365e-05,2.8912938411157365e-05,2.8912938411157365e-05
2.8834019953176273e-05,2.8834019953176273e-05,2.8834019953176273e-05,2.8834019953176273e-05
2.8755165684836925e-05,2.8755165684836925e-05,2.8755165684836925e-05,2.8755165684836925e-05
2.8676375845279013e-05,2.8676375845279013e-05,2.8676375845279013e-05,2.8676375845279013e-05
2.859765067344695e-05,2.859765067344695e-05,2.859765067344695e-05,2.859765067344695e-05
2.8518990408088953e-05,2.8518990408088953e-05,2.8518990408088953e-05,2.8518990408088953e-05
2.8440395287756417e-05,2.8440395287756417e-05,2.8440395287756417e-05,2.8440395287756417e-05
2.8361865550803236e-05,2.8361865550803236e-05,2.8361865550803236e-05,2.8361865550803236e-05
2.8283401435384883e-05,2.8283401435384883e-05,2.8283401435384883e-05,2.8283401435384883e-05
2.8205003179457957e-05,2.8205003179457957e-05,2.8205003179457957e-05,2.8205003179457957e-05
2.812667102077926e-05,2.812667102077926e-05,2.812667102077926e-05,2.812667102077926e-05
2.804840519690515e-05,2.804840519690515e-05,2.804840519690515e-05,2.804840519690515e-05
2.7970205945190787e-05,2.7970205945190787e-05,2.7970205945190787e-05,2.7970205945190787e-05
2.7892073502789538e-05,2.7892073502789538e-05,2.7892073502789538e-05,2.7892073502789538e-05
2.7814008106652012e-05,2.7814008106652012e-05,2.7814008106652012e-05,2.7814008106652012e-05
2.773600999352562e-05,2.773600999352562e-05,2.773600999352562e-05,2.773600999352562e-05
2.7658079399953645e-05,2.7658079399953645e-05,2.7658079399953645e-05,2.7658079399953645e-05
2.7580216562274637e-05,2.7580216562274637e-05,2.7580216562274637e-05,2.7580216562274637e-05
2.750242171662165e-05,2.750242171662165e-05,2.750242171662165e-05,2.750242171662165e-05
2.7424695098921534e-05,2.7424695098921534e-05,2.7424695098921534e-05,2.7424695098921534e-05
2.734703694489427e-05,2.734703694489427e-05,2.734703694489427e-05,2.734703694489427e-05
2.7269447490052167e-05,2.7269447490052167e-05,2.7269447490052167e-05,2.7269447490052167e-05
2.71919269696992e-05,2.71919269696992e-05,2.71919269696992e-05,2.71919269696992e-05
2.711447561893029e-05,2.711447561893029e-05,2.711447561893029e-05,2.711447561893029e-05
2.703709367263059e-05,2.703709367263059e-05,2.703709367263059e-05,2.703709367263059e-05
2.6959781365474758e-05,2.6959781365474758e-05,2.6959781365474758e-05,2.6959781365474758e-05
2.6882538931926316e-05,2.6882538931926316e-05,2.6882538931926316e-05,2.6882538931926316e-05
2.680536660623677e-05,2.680536660623677e-05,2.680536660623677e-05,2.680536660623677e-05
2.6728264622445137e-05,2.6728264622445137e-05,2.6728264622445137e-05,2.6728264622445137e-05
2.665123321437703e-05,2.665123321437703e-05,2.665123321437703e-05,2.665123321437703e-05
2.6574272615644052e-05,2.6574272615644052e-05,2.6574272615644052e-05,2.6574272615644052e-05
2.6497383059643037e-05,2.6497383059643037e-05,2.6497383059643037e-05,2.6497383059643037e-05
2.6420564779555447e-05,2.6420564779555447e-05,2.6420564779555447e-05,2.6420564779555447e-05
2.6343818008346493e-05,2.6343818008346493e-05,2.6343818008346493e-05,2.6343818008346493e-05
2.626714297876458e-05,2.626714297876458e-05,2.626714297876458e-05,2.626714297876458e-05
2.619053992334053e-05,2.619053992334053e-05,2.619053992334053e-05,2.619053992334053e-05
2.6114009074386846e-05,2.6114009074386846e-05,2.6114009074386846e-05,2.6114009074386846e-05
2.603755066399718e-05,2.603755066399718e-05,2.603755066399718e-05,2.603755066399718e-05
2.596116492404531e-05,2.596116492404531e-05,2.596116492404531e-05,2.596116492404531e-05
2.588485208618481e-05,2.588485208618481e-05,2.588485208618481e-05,2.588485208618481e-05
2.5808612381848062e-05,2.5808612381848062e-05,2.5808612381848062e-05,2.5808612381848062e-05
2.5732446042245684e-05,2.5732446042245684e-05,2.5732446042245684e-05,2.5732446042245684e-05
2.5656353298365775e-05,2.5656353298365775e-05,2.5656353298365775e-05,2.5656353298365775e-05
2.5580334380973315e-05,2.5580334380973315e-05,2.5580334380973315e-05,2.5580334380973315e-05
2.5504389520609322e-05,2.5504389520609322e-05,2.5504389520609322e-05,2.5504389520609322e-05
2.5428518947590247e-05,2.5428518947590247e-05,2.5428518947590247e-05,2.5428518947590247e-05
2.535272289200725e-05,2.535272289200725e-05,2.535272289200725e-05,2.535272289200725e-05
2.527700158372548e-05,2.527700158372548e-05,2.527700158372548e-05,2.527700158372548e-05
2.5201355252383485e-05,2.5201355252383485e-05,2.5201355252383485e-05,2.5201355252383485e-05
2.51257841273923e-05,2.51257841273923e-05,2.51257841273923e-05,2.51257841273923e-05
2.5050288437935004e-05,2.5050288437935004e-05,2.5050288437935004e-05,2.5050288437935004e-05
2.497486841296584e-05,2.497486841296584e-05,2.497486841296584e-05,2.497486841296584e-05
2.4899524281209602e-05,2.4899524281209602e-05,2.4899524281209602e-05,2.4899524281209602e-05
2.4824256271160917e-05,2.4824256271160917e-05,2.4824256271160917e-05,2.4824256271160917e-05
2.4749064611083566e-05,2.4749064611083566e-05,2.4749064611083566e-05,2.4749064611083566e-05
2.467394952900977e-05,2.467394952900977e-05,2.467394952900977e-05,2.467394952900977e-05
2.4598911252739554e-05,2.4598911252739554e-05,2.4598911252739554e-05,2.4598911252739554e-05
2.452395000983998e-05,2.452395000983998e-05,2.452395000983998e-05,2.452395000983998e-05
2.4449066027644475e-05,2.4449066027644475e-05,2.4449066027644475e-05,2.4449066027644475e-05
2.437425953325224e-05,2.437425953325224e-05,2.437425953325224e-05,2.437425953325224e-05
2.4299530753527356e-05,2.4299530753527356e-05,2.4299530753527356e-05,2.4299530753527356e-05
2.422487991509834e-05,2.422487991509834e-05,2.422487991509834e-05,2.422487991509834e-05
2.4150307244357273e-05,2.4150307244357273e-05,2.4150307244357273e-05,2.4150307244357273e-05
2.4075812967459193e-05,2.4075812967459193e-05,2.4075812967459193e-05,2.4075812967459193e-05
2.4001397310321388e-05,2.4001397310321388e-05,2.4001397310321388e-05,2.4001397310321388e-05
2.3927060498622733e-05,2.3927060498622733e-05,2.3927060498622733e-05,2.3927060498622733e-05
2.385280275780295e-05,2.385280275780295e-05,2.385280275780295e-05,2.385280275780295e-05
2.3778624313062048e-05,2.3778624313062048e-05,2.3778624313062048e-05,2.3778624313062048e-05
2.3704525389359472e-05,2.3704525389359472e-05,2.3704525389359472e-05,2.3704525389359472e-05
2.363050621141354e-05,2.363050621141354e-05,2.363050621141354e-05,2.363050621141354e-05
2.3556567003700725e-05,2.3556567003700725e-05,2.3556567003700725e-05,2.3556567003700725e-05
2.3482707990454955e-05,2.3482707990454955e-05,2.3482707990454955e-05,2.3482707990454955e-05
2.340892939566701e-05,2.340892939566701e-05,2.340892939566701e-05,2.340892939566701e-05
2.3335231443083732e-05,2.3335231443083732e-05,2.3335231443083732e-05,2.3335231443083732e-05
2.3261614356207417e-05,2.3261614356207417e-05,2.3261614356207417e-05,2.3261614356207417e-05
2.3188078358295122e-05,2.3188078358295122e-05,2.3188078358295122e-05,2.3188078358295122e-05
2.3114623672357993e-05,2.3114623672357993e-05,2.3114623672357993e-05,2.3114623672357993e-05
2.304125052116055e-05,2.304125052116055e-05,2.304125052116055e-05,2.304125052116055e-05
2.296795912722014e-05,2.296795912722014e-05,2.296795912722014e-05,2.296795912722014e-05
2.289474971280601e-05,2.289474971280601e-05,2.289474971280601e-05,2.289474971280601e-05
2.282162249993895e-05,2.282162249993895e-05,2.282162249993895e-05,2.282162249993895e-05
2.274857771039035e-05,2.274857771039035e-05,2.274857771039035e-05,2.274857771039035e-05
2.2675615565681668e-05,2.2675615565681668e-05,2.2675615565681668e-05,2.2675615565681668e-05
2.2602736287083787e-05,2.2602736287083787e-05,2.2602736287083787e-05,2.2602736287083787e-05
2.252994009561614e-05,2.252994009561614e-05,2.252994009561614e-05,2.252994009561614e-05
2.245722721204635e-05,2.245722721204635e-05,2.245722721204635e-05,2.245722721204635e-05
2.2384597856889278e-05,2.2384597856889278e-05,2.2384597856889278e-05,2.2384597856889278e-05
2.231205225040652e-05,2.231205225040652e-05,2.231205225040652e-05,2.231205225040652e-05
2.2239590612605645e-05,2.2239590612605645e-05,2.2239590612605645e-05,2.2239590612605645e-05
2.216721316323967e-05,2.216721316323967e-05,2.216721316323967e-05,2.216721316323967e-05
2.2094920121806156e-05,2.2094920121806156e-05,2.2094920121806156e-05,2.2094920121806156e-05
2.20227117075468e-05,2.20227117075468e-05,2.20227117075468e-05,2.20227117075468e-05
2.1950588139446597e-05,2.1950588139446597e-05,2.1950588139446597e-05,2.1950588139446597e-05
2.1878549636233224e-05,2.1878549636233224e-05,2.1878549636233224e-05,2.1878549636233224e-05
2.1806596416376445e-05,2.1806596416376445e-05,2.1806596416376445e-05,2.1806596416376445e-05
2.1734728698087283e-05,2.1734728698087283e-05,2.1734728698087283e-05,2.1734728698087283e-05
2.166294669931756e-05,2.166294669931756e-05,2.166294669931756e-05,2.166294669931756e-05
2.1591250637759086e-05,2.1591250637759086e-05,2.1591250637759086e-05,2.1591250637759086e-05
2.1519640730843072e-05,2.1519640730843072e-05,2.1519640730843072e-05,2.1519640730843072e-05
2.1448117195739416e-05,2.1448117195739416e-05,2.1448117195739416e-05,2.1448117195739416e-05
2.1376680249356152e-05,2.1376680249356152e-05,2.1376680249356152e-05,2.1376680249356152e-05
2.1305330108338607e-05,2.1305330108338607e-05,2.1305330108338607e-05,2.1305330108338607e-05
2.1234066989068972e-05,2.1234066989068972e-05,2.1234066989068972e-05,2.1234066989068972e-05
2.116289110766545e-05,2.116289110766545e-05,2.116289110766545e-05,2.116289110766545e-05
2.109180267998169e-05,2.109180267998169e-05,2.109180267998169e-05,2.109180267998169e-05
2.10208019216062e-05,2.10208019216062e-05,2.10208019216062e-05,2.10208019216062e-05
2.094988904786146e-05,2.094988904786146e-05,2.094988904786146e-05,2.094988904786146e-05
2.087906427380358e-05,2.087906427380358e-05,2.087906427380358e-05,2.087906427380358e-05
2.08083278142214e-05,2.08083278142214e-05,2.08083278142214e-05,2.08083278142214e-05
2.0737679883635967e-05,2.0737679883635967e-05,2.0737679883635967e-05,2.0737679883635967e-05
2.066712069629984e-05,2.066712069629984e-05,2.066712069629984e-05,2.066712069629984e-05
2.0596650466196436e-05,2.0596650466196436e-05,2.0596650466196436e-05,2.0596650466196436e-05
2.0526269407039395e-05,2.0526269407039395e-05,2.0526269407039395e-05,2.0526269407039395e-05
2.0455977732271993e-05,2.0455977732271993e-05,2.0455977732271993e-05,2.0455977732271993e-05
2.038577565506629e-05,2.038577565506629e-05,2.038577565506629e-05,2.038577565506629e-05
2.0315663388322788e-05,2.0315663388322788e-05,2.0315663388322788e-05,2.0315663388322788e-05
2.0245641144669514e-05,2.0245641144669514e-05,2.0245641144669514e-05,2.0245641144669514e-05
2.0175709136461506e-05,2.0175709136461506e-05,2.0175709136461506e-05,2.0175709136461506e-05
2.0105867575780197e-05,2.0105867575780197e-05,2.0105867575780197e-05,2.0105867575780197e-05
2.0036116674432654e-05,2.0036116674432654e-05,2.0036116674432654e-05,2.0036116674432654e-05
1.9966456643951044e-05,1.9966456643951044e-05,1.9966456643951044e-05,1.9966456643951044e-05
1.9896887695591927e-05,1.9896887695591927e-05,1.9896887695591927e-05,1.9896887695591927e-05
1.9827410040335658e-05,1.9827410040335658e-05,1.9827410040335658e-05,1.9827410040335658e-05
1.9758023888885708e-05,1.9758023888885708e-05,1.9758023888885708e-05,1.9758023888885708e-05
1.9688729451668114e-05,1.9688729451668114e-05,1.9688729451668114e-05,1.9688729451668114e-05
1.961952693883065e-05,1.961952693883065e-05,1.961952693883065e-05,1.961952693883065e-05
1.955041656024244e-05,1.955041656024244e-05,1.955041656024244e-05,1.955041656024244e-05
1.9481398525493115e-05,1.9481398525493115e-05,1.9481398525493115e-05,1.9481398525493115e-05
1.9412473043892272e-05,1.9412473043892272e-05,1.9412473043892272e-05,1.9412473043892272e-05
1.9343640324468854e-05,1.9343640324468854e-05,1.9343640324468854e-05,1.9343640324468854e-05
1.9274900575970455e-05,1.9274900575970455e-05,1.9274900575970455e-05,1.9274900575970455e-05
1.9206254006862722e-05,1.9206254006862722e-05,1.9206254006862722e-05,1.9206254006862722e-05
1.913770082532873e-05,1.913770082532873e-05,1.913770082532873e-05,1.913770082532873e-05
1.9069241239268328e-05,1.9069241239268328e-05,1.9069241239268328e-05,1.9069241239268328e-05
1.9000875456297507e-05,1.9000875456297507e-05,1.9000875456297507e-05,1.9000875456297507e-05
1.893260368374786e-05,1.893260368374786e-05,1.893260368374786e-05,1.893260368374786e-05
1.8864426128665734e-05,1.8864426128665734e-05,1.8864426128665734e-05,1.8864426128665734e-05
1.87963429978119e-05,1.87963429978119e-05,1.87963429978119e-05,1.87963429978119e-05
1.8728354497660665e-05,1.8728354497660665e-05,1.8728354497660665e-05,1.8728354497660665e-05
1.866046083439939e-05,1.866046083439939e-05,1.866046083439939e-05,1.866046083439939e-05
1.8592662213927825e-05,1.8592662213927825e-05,1.8592662213927825e-05,1.8592662213927825e-05
1.852495884185746e-05,1.852495884185746e-05,1.852495884185746e-05,1.852495884185746e-05
1.8457350923510987e-05,1.8457350923510987e-05,1.8457350923510987e-05,1.8457350923510987e-05
1.8389838663921553e-05,1.8389838663921553e-05,1.8389838663921553e-05,1.8389838663921553e-05
1.8322422267832244e-05,1.8322422267832244e-05,1.8322422267832244e-05,1.8322422267832244e-05
1.825510193969538e-05,1.825510193969538e-05,1.825510193969538e-05,1.825510193969538e-05
1.818787788367202e-05,1.818787788367202e-05,1.818787788367202e-05,1.818787788367202e-05
1.812075030363114e-05,1.812075030363114e-05,1.812075030363114e-05,1.812075030363114e-05
1.8053719403149243e-05,1.8053719403149243e-05,1.8053719403149243e-05,1.8053719403149243e-05
1.798678538550958e-05,1.798678538550958e-05,1.798678538550958e-05,1.798678538550958e-05
1.7919948453701606e-05,1.7919948453701606e-05,1.7919948453701606e-05,1.7919948453701606e-05
1.785320881042033e-05,1.785320881042033e-05,1.785320881042033e-05,1.785320881042033e-05
1.7786566658065728e-05,1.7786566658065728e-05,1.7786566658065728e-05,1.7786566658065728e-05
1.772002219874209e-05,1.772002219874209e-05,1.772002219874209e-05,1.772002219874209e-05
1.7653575634257513e-05,1.7653575634257513e-05,1.7653575634257513e-05,1.7653575634257513e-05
1.7587227166123114e-05,1.7587227166123114e-05,1.7587227166123114e-05,1.7587227166123114e-05
1.752097699555258e-05,1.752097699555258e-05,1.752097699555258e-05,1.752097699555258e-05
1.7454825323461448e-05,1.7454825323461448e-05,1.7454825323461448e-05,1.7454825323461448e-05
1.7388772350466565e-05,1.7388772350466565e-05,1.7388772350466565e-05,1.7388772350466565e-05
1.732281827688547e-05,1.732281827688547e-05,1.732281827688547e-05,1.732281827688547e-05
1.725696330273575e-05,1.725696330273575e-05,1.725696330273575e-05,1.725696330273575e-05
1.719120762773446e-05,1.719120762773446e-05,1.719120762773446e-05,1.719120762773446e-05
1.7125551451297494e-05,1.7125551451297494e-05,1.7125551451297494e-05,1.7125551451297494e-05
1.705999497253904e-05,1.705999497253904e-05,1.705999497253904e-05,1.705999497253904e-05
1.6994538390270886e-05,1.6994538390270886e-05,1.6994538390270886e-05,1.6994538390270886e-05
1.692918190300192e-05,1.692918190300192e-05,1.692918190300192e-05,1.692918190300192e-05
1.686392570893744e-05,1.686392570893744e-05,1.686392570893744e-05,1.686392570893744e-05
1.6798770005978583e-05,1.6798770005978583e-05,1.6798770005978583e-05,1.6798770005978583e-05
1.673371499172174e-05,1.673371499172174e-05,1.673371499172174e-05,1.673371499172174e-05
1.6668760863457932e-05,1.6668760863457932e-05,1.6668760863457932e-05,1.6668760863457932e-05
1.6603907818172276e-05,1.6603907818172276e-05,1.6603907818172276e-05,1.6603907818172276e-05
1.653915605254324e-05,1.653915605254324e-05,1.653915605254324e-05,1.653915605254324e-05
1.647450576294225e-05,1.647450576294225e-05,1.647450576294225e-05,1.647450576294225e-05
1.640995714543292e-05,1.640995714543292e-05,1.640995714543292e-05,1.640995714543292e-05
1.6345510395770536e-05,1.6345510395770536e-05,1.6345510395770536e-05,1.6345510395770536e-05
1.6281165709401457e-05,1.6281165709401457e-05,1.6281165709401457e-05,1.6281165709401457e-05
1.6216923281462553e-05,1.6216923281462553e-05,1.6216923281462553e-05,1.6216923281462553e-05
1.6152783306780482e-05,1.6152783306780482e-05,1.6152783306780482e-05,1.6152783306780482e-05
1.6088745979871312e-05,1.6088745979871312e-05,1.6088745979871312e-05,1.6088745979871312e-05
1.6024811494939724e-05,1.6024811494939724e-05,1.6024811494939724e-05,1.6024811494939724e-05
1.5960980045878537e-05,1.5960980045878537e-05,1.5960980045878537e-05,1.5960980045878537e-05
1.5897251826268152e-05,1.5897251826268152e-05,1.5897251826268152e-05,1.5897251826268152e-05
1.5833627029375784e-05,1.5833627029375784e-05,1.5833627029375784e-05,1.5833627029375784e-05
1.5770105848155138e-05,1.5770105848155138e-05,1.5770105848155138e-05,1.5770105848155138e-05
1.570668847524559e-05,1.570668847524559e-05,1.570668847524559e-05,1.570668847524559e-05
1.5643375102971737e-05,1.5643375102971737e-05,1.5643375102971737e-05,1.5643375102971737e-05
1.5580165923342767e-05,1.5580165923342767e-05,1.5580165923342767e-05,1.5580165923342767e-05
1.551706112805189e-05,1.551706112805189e-05,1.551706112805189e-05,1.551706112805189e-05
1.545406090847573e-05,1.545406090847573e-05,1.545406090847573e-05,1.545406090847573e-05
1.5391165455673822e-05,1.5391165455673822e-05,1.5391165455673822e-05,1.5391165455673822e-05
1.532837496038792e-05,1.532837496038792e-05,1.532837496038792e-05,1.532837496038792e-05
1.526568961304148e-05,1.526568961304148e-05,1.526568961304148e-05,1.526568961304148e-05
1.520310960373914e-05,1.520310960373914e-05,1.520310960373914e-05,1.520310960373914e-05
1.5140635122265966e-05,1.5140635122265966e-05,1.5140635122265966e-05,1.5140635122265966e-05
1.5078266358087124e-05,1.5078266358087124e-05,1.5078266358087124e-05,1.5078266358087124e-05
1.5016003500347081e-05,1.5016003500347081e-05,1.5016003500347081e-05,1.5016003500347081e-05
1.4953846737869154e-05,1.4953846737869154e-05,1.4953846737869154e-05,1.4953846737869154e-05
1.4891796259154905e-05,1.4891796259154905e-05,1.4891796259154905e-05,1.4891796259154905e-05
1.482985225238358e-05,1.482985225238358e-05,1.482985225238358e-05,1.482985225238358e-05
1.4768014905411498e-05,1.4768014905411498e-05,1.4768014905411498e-05,1.4768014905411498e-05
1.4706284405771587e-05,1.4706284405771587e-05,1.4706284405771587e-05,1.4706284405771587e-05
1.4644660940672627e-05,1.4644660940672627e-05,1.4644660940672627e-05,1.4644660940672627e-05
1.4583144696998895e-05,1.4583144696998895e-05,1.4583144696998895e-05,1.4583144696998895e-05
1.4521735861309489e-05,1.4521735861309489e-05,1.4521735861309489e-05,1.4521735861309489e-05
1.4460434619837694e-05,1.4460434619837694e-05,1.4460434619837694e-05,1.4460434619837694e-05
1.4399241158490594e-05,1.4399241158490594e-05,1.4399241158490594e-05,1.4399241158490594e-05
1.4338155662848357e-05,1.4338155662848357e-05,1.4338155662848357e-05,1.4338155662848357e-05
1.4277178318163731e-05,1.4277178318163731e-05,1.4277178318163731e-05,1.4277178318163731e-05
1.421630930936148e-05,1.421630930936148e-05,1.421630930936148e-05,1.421630930936148e-05
1.4155548821037828e-05,1.4155548821037828e-05,1.4155548821037828e-05,1.4155548821037828e-05
1.4094897037459869e-05,1.4094897037459869e-05,1.4094897037459869e-05,1.4094897037459869e-05
1.4034354142565093e-05,1.4034354142565093e-05,1.4034354142565093e-05,1.4034354142565093e-05
1.3973920319960655e-05,1.3973920319960655e-05,1.3973920319960655e-05,1.3973920319960655e-05
1.3913595752923031e-05,1.3913595752923031e-05,1.3913595752923031e-05,1.3913595752923031e-05
1.3853380624397322e-05,1.3853380624397322e-05,1.3853380624397322e-05,1.3853380624397322e-05
1.3793275116996713e-05,1.3793275116996713e-05,1.3793275116996713e-05,1.3793275116996713e-05
1.3733279413001993e-05,1.3733279413001993e-05,1.3733279413001993e-05,1.3733279413001993e-05
1.367339369436092e-05,1.367339369436092e-05,1.367339369436092e-05,1.367339369436092e-05
1.3613618142687701e-05,1.3613618142687701e-05,1.3613618142687701e-05,1.3613618142687701e-05
1.3553952939262448e-05,1.3553952939262448e-05,1.3553952939262448e-05,1.3553952939262448e-05
1.3494398265030633e-05,1.3494398265030633e-05,1.3494398265030633e-05,1.3494398265030633e-05
1.3434954300602488e-05,1.3434954300602488e-05,1.3434954300602488e-05,1.3434954300602488e-05
1.3375621226252582e-05,1.3375621226252582e-05,1.3375621226252582e-05,1.3375621226252582e-05
1.3316399221919074e-05,1.3316399221919074e-05,1.3316399221919074e-05,1.3316399221919074e-05
1.3257288467203389e-05,1.3257288467203389e-05,1.3257288467203389e-05,1.3257288467203389e-05
1.3198289141369508e-05,1.3198289141369508e-05,1.3198289141369508e-05,1.3198289141369508e-05
1.3139401423343483e-05,1.3139401423343483e-05,1.3139401423343483e-05,1.3139401423343483e-05
1.3080625491712956e-05,1.3080625491712956e-05,1.3080625491712956e-05,1.3080625491712956e-05
1.3021961524726457e-05,1.3021961524726457e-05,1.3021961524726457e-05,1.3021961524726457e-05
1.2963409700293056e-05,1.2963409700293056e-05,1.2963409700293056e-05,1.2963409700293056e-05
1.2904970195981686e-05,1.2904970195981686e-05,1.2904970195981686e-05,1.2904970195981686e-05
1.2846643189020646e-05,1.2846643189020646e-05,1.2846643189020646e-05,1.2846643189020646e-05
1.278842885629707e-05,1.278842885629707e-05,1.278842885629707e-05,1.278842885629707e-05
1.2730327374356433e-05,1.2730327374356433e-05,1.2730327374356433e-05,1.2730327374356433e-05
1.2672338919401866e-05,1.2672338919401866e-05,1.2672338919401866e-05,1.2672338919401866e-05
1.2614463667293846e-05,1.2614463667293846e-05,1.2614463667293846e-05,1.2614463667293846e-05
1.2556701793549458e-05,1.2556701793549458e-05,1.2556701793549458e-05,1.2556701793549458e-05
1.2499053473341982e-05,1.2499053473341982e-05,1.2499053473341982e-05,1.2499053473341982e-05
1.2441518881500319e-05,1.2441518881500319e-05,1.2441518881500319e-05,1.2441518881500319e-05
1.2384098192508448e-05,1.2384098192508448e-05,1.2384098192508448e-05,1.2384098192508448e-05
1.2326791580504971e-05,1.2326791580504971e-05,1.2326791580504971e-05,1.2326791580504971e-05
1.2269599219282474e-05,1.2269599219282474e-05,1.2269599219282474e-05,1.2269599219282474e-05
1.2212521282287092e-05,1.2212521282287092e-05,1.2212521282287092e-05,1.2212521282287092e-05
1.2155557942617923e-05,1.2155557942617923e-05,1.2155557942617923e-05,1.2155557942617923e-05
1.2098709373026557e-05,1.2098709373026557e-05,1.2098709373026557e-05,1.2098709373026557e-05
1.2041975745916472e-05,1.2041975745916472e-05,1.2041975745916472e-05,1.2041975745916472e-05
1.1985357233342642e-05,1.1985357233342642e-05,1.1985357233342642e-05,1.1985357233342642e-05
1.192885400701087e-05,1.192885400701087e-05,1.192885400701087e-05,1.192885400701087e-05
1.1872466238277358e-05,1.1872466238277358e-05,1.1872466238277358e-05,1.1872466238277358e-05
1.1816194098148148e-05,1.1816194098148148e-05,1.1816194098148148e-05,1.1816194098148148e-05
1.176003775727862e-05,1.176003775727862e-05,1.176003775727862e-05,1.176003775727862e-05
1.1703997385973009e-05,1.1703997385973009e-05,1.1703997385973009e-05,1.1703997385973009e-05
1.1648073154183797e-05,1.1648073154183797e-05,1.1648073154183797e-05,1.1648073154183797e-05
1.159226523151129e-05,1.159226523151129e-05,1.159226523151129e-05,1.159226523151129e-05
1.1536573787203043e-05,1.1536573787203043e-05,1.1536573787203043e-05,1.1536573787203043e-05
1.1480998990153374e-05,1.1480998990153374e-05,1.1480998990153374e-05,1.1480998990153374e-05
1.1425541008902851e-05,1.1425541008902851e-05,1.1425541008902851e-05,1.1425541008902851e-05
1.1370200011637811e-05,1.1370200011637811e-05,1.1370200011637811e-05,1.1370200011637811e-05
1.1314976166189723e-05,1.1314976166189723e-05,1.1314976166189723e-05,1.1314976166189723e-05
1.1259869640034882e-05,1.1259869640034882e-05,1.1259869640034882e-05,1.1259869640034882e-05
1.1204880600293727e-05,1.1204880600293727e-05,1.1204880600293727e-05,1.1204880600293727e-05
1.1150009213730405e-05,1.1150009213730405e-05,1.1150009213730405e-05,1.1150009213730405e-05
1.1095255646752256e-05,1.1095255646752256e-05,1.1095255646752256e-05,1.1095255646752256e-05
1.1040620065409347e-05,1.1040620065409347e-05,1.1040620065409347e-05,1.1040620065409347e-05
1.0986102635393892e-05,1.0986102635393892e-05,1.0986102635393892e-05,1.0986102635393892e-05
1.0931703522039804e-05,1.0931703522039804e-05,1.0931703522039804e-05,1.0931703522039804e-05
1.0877422890322186e-05,1.0877422890322186e-05,1.0877422890322186e-05,1.0877422890322186e-05
1.082326090485679e-05,1.082326090485679e-05,1.082326090485679e-05,1.082326090485679e-05
1.0769217729899634e-05,1.0769217729899634e-05,1.0769217729899634e-05,1.0769217729899634e-05
1.0715293529346305e-05,1.0715293529346305e-05,1.0715293529346305e-05,1.0715293529346305e-05
1.0661488466731678e-05,1.0661488466731678e-05,1.0661488466731678e-05,1.0661488466731678e-05
1.060780270522928e-05,1.060780270522928e-05,1.060780270522928e-05,1.060780270522928e-05
1.0554236407650837e-05,1.0554236407650837e-05,1.0554236407650837e-05,1.0554236407650837e-05
1.0500789736445777e-05,1.0500789736445777e-05,1.0500789736445777e-05,1.0500789736445777e-05
1.0447462853700745e-05,1.0447462853700745e-05,1.0447462853700745e-05,1.0447462853700745e-05
1.039425592113909e-05,1.039425592113909e-05,1.039425592113909e-05,1.039425592113909e-05
1.034116910012044e-05,1.034116910012044e-05,1.034116910012044e-05,1.034116910012044e-05
1.0288202551640108e-05,1.0288202551640108e-05,1.0288202551640108e-05,1.0288202551640108e-05
1.0235356436328675e-05,1.0235356436328675e-05,1.0235356436328675e-05,1.0235356436328675e-05
1.0182630914451518e-05,1.0182630914451518e-05,1.0182630914451518e-05,1.0182630914451518e-05
1.0130026145908222e-05,1.0130026145908222e-05,1.0130026145908222e-05,1.0130026145908222e-05
1.0077542290232251e-05,1.0077542290232251e-05,1.0077542290232251e-05,1.0077542290232251e-05
1.0025179506590315e-05,1.0025179506590315e-05,1.0025179506590315e-05,1.0025179506590315e-05
9.972937953781986e-06,9.972937953781986e-06,9.972937953781986e-06,9.972937953781986e-06
9.920817790239163e-06,9.920817790239163e-06,9.920817790239163e-06,9.920817790239163e-06
9.868819174025617e-06,9.868819174025617e-06,9.868819174025617e-06,9.868819174025617e-06
9.816942262836493e-06,9.816942262836493e-06,9.816942262836493e-06,9.816942262836493e-06
9.765187213997884e-06,9.765187213997884e-06,9.765187213997884e-06,9.765187213997884e-06
9.713554184466267e-06,9.713554184466267e-06,9.713554184466267e-06,9.713554184466267e-06
9.662043330828085e-06,9.662043330828085e-06,9.662043330828085e-06,9.662043330828085e-06
9.610654809299302e-06,9.610654809299302e-06,9.610654809299302e-06,9.610654809299302e-06
9.559388775724798e-06,9.559388775724798e-06,9.559388775724798e-06,9.559388775724798e-06
9.508245385578084e-06,9.508245385578084e-06,9.508245385578084e-06,9.508245385578084e-06
9.457224793960684e-06,9.457224793960684e-06,9.457224793960684e-06,9.457224793960684e-06
9.406327155601708e-06,9.406327155601708e-06,9.406327155601708e-06,9.406327155601708e-06
9.3555526248574e-06,9.3555526248574e-06,9.3555526248574e-06,9.3555526248574e-06
9.304901355710665e-06,9.304901355710665e-06,9.304901355710665e-06,9.304901355710665e-06
9.25437350177057e-06,9.25437350177057e-06,9.25437350177057e-06,9.25437350177057e-06
9.203969216271957e-06,9.203969216271957e-06,9.203969216271957e-06,9.203969216271957e-06
9.153688652074844e-06,9.153688652074844e-06,9.153688652074844e-06,9.153688652074844e-06
9.103531961664118e-06,9.103531961664118e-06,9.103531961664118e-06,9.103531961664118e-06
9.05349929714896e-06,9.05349929714896e-06,9.05349929714896e-06,9.05349929714896e-06
9.003590810262402e-06,9.003590810262402e-06,9.003590810262402e-06,9.003590810262402e-06
8.953806652360953e-06,8.953806652360953e-06,8.953806652360953e-06,8.953806652360953e-06
8.904146974423971e-06,8.904146974423971e-06,8.904146974423971e-06,8.904146974423971e-06
8.854611927053402e-06,8.854611927053402e-06,8.854611927053402e-06,8.854611927053402e-06
8.805201660473178e-06,8.805201660473178e-06,8.805201660473178e-06,8.805201660473178e-06
8.755916324528813e-06,8.755916324528813e-06,8.755916324528813e-06,8.755916324528813e-06
8.70675606868695e-06,8.70675606868695e-06,8.70675606868695e-06,8.70675606868695e-06
8.657721042034933e-06,8.657721042034933e-06,8.657721042034933e-06,8.657721042034933e-06
8.608811393280263e-06,8.608811393280263e-06,8.608811393280263e-06,8.608811393280263e-06
8.560027270750277e-06,8.560027270750277e-06,8.560027270750277e-06,8.560027270750277e-06
8.51136882239159e-06,8.51136882239159e-06,8.51136882239159e-06,8.51136882239159e-06
8.462836195769692e-06,8.462836195769692e-06,8.462836195769692e-06,8.462836195769692e-06
8.414429538068536e-06,8.414429538068536e-06,8.414429538068536e-06,8.414429538068536e-06
8.366148996089967e-06,8.366148996089967e-06,8.366148996089967e-06,8.366148996089967e-06
8.317994716253451e-06,8.317994716253451e-06,8.317994716253451e-06,8.317994716253451e-06
8.269966844595496e-06,8.269966844595496e-06,8.269966844595496e-06,8.269966844595496e-06
8.222065526769258e-06,8.222065526769258e-06,8.222065526769258e-06,8.222065526769258e-06
8.17429090804408e-06,8.17429090804408e-06,8.17429090804408e-06,8.17429090804408e-06
8.12664313330514e-06,8.12664313330514e-06,8.12664313330514e-06,8.12664313330514e-06
8.079122347052826e-06,8.079122347052826e-06,8.079122347052826e-06,8.079122347052826e-06
8.031728693402502e-06,8.031728693402502e-06,8.031728693402502e-06,8.031728693402502e-06
7.984462316083947e-06,7.984462316083947e-06,7.984462316083947e-06,7.984462316083947e-06
7.937323358440935e-06,7.937323358440935e-06,7.937323358440935e-06,7.937323358440935e-06
7.890311963430868e-06,7.890311963430868e-06,7.890311963430868e-06,7.890311963430868e-06
7.843428273624216e-06,7.843428273624216e-06,7.843428273624216e-06,7.843428273624216e-06
7.796672431204227e-06,7.796672431204227e-06,7.796672431204227e-06,7.796672431204227e-06
7.750044577966403e-06,7.750044577966403e-06,7.750044577966403e-06,7.750044577966403e-06
7.70354485531809e-06,7.70354485531809e-06,7.70354485531809e-06,7.70354485531809e-06
7.657173404278056e-06,7.657173404278056e-06,7.657173404278056e-06,7.657173404278056e-06
7.610930365476077e-06,7.610930365476077e-06,7.610930365476077e-06,7.610930365476077e-06
7.564815879152471e-06,7.564815879152471e-06,7.564815879152471e-06,7.564815879152471e-06
7.518830085157735e-06,7.518830085157735e-06,7.518830085157735e-06,7.518830085157735e-06
7.472973122952048e-06,7.472973122952048e-06,7.472973122952048e-06,7.472973122952048e-06
7.4272451316048986e-06,7.4272451316048986e-06,7.4272451316048986e-06,7.4272451316048986e-06
7.381646249794649e-06,7.381646249794649e-06,7.381646249794649e-06,7.381646249794649e-06
7.336176615808094e-06,7.336176615808094e-06,7.336176615808094e-06,7.336176615808094e-06
7.2908363675401e-06,7.2908363675401e-06,7.2908363675401e-06,7.2908363675401e-06
7.245625642493115e-06,7.245625642493115e-06,7.245625642493115e-06,7.245625642493115e-06
7.200544577776791e-06,7.200544577776791e-06,7.200544577776791e-06,7.200544577776791e-06
7.155593310107578e-06,7.155593310107578e-06,7.155593310107578e-06,7.155593310107578e-06
7.110771975808272e-06,7.110771975808272e-06,7.110771975808272e-06,7.110771975808272e-06
7.066080710807615e-06,7.066080710807615e-06,7.066080710807615e-06,7.066080710807615e-06
7.0215196506399515e-06,7.0215196506399515e-06,7.0215196506399515e-06,7.0215196506399515e-06
6.977088930444664e-06,6.977088930444664e-06,6.977088930444664e-06,6.977088930444664e-06
6.932788684965935e-06,6.932788684965935e-06,6.932788684965935e-06,6.932788684965935e-06
6.888619048552214e-06,6.888619048552214e-06,6.888619048552214e-06,6.888619048552214e-06
6.844580155155861e-06,6.844580155155861e-06,6.844580155155861e-06,6.844580155155861e-06
6.800672138332764e-06,6.800672138332764e-06,6.800672138332764e-06,6.800672138332764e-06
6.756895131241869e-06,6.756895131241869e-06,6.756895131241869e-06,6.756895131241869e-06
6.713249266644828e-06,6.713249266644828e-06,6.713249266644828e-06,6.713249266644828e-06
6.66973467690557e-06,6.66973467690557e-06,6.66973467690557e-06,6.66973467690557e-06
6.626351493989919e-06,6.626351493989919e-06,6.626351493989919e-06,6.626351493989919e-06
6.583099849465169e-06,6.583099849465169e-06,6.583099849465169e-06,6.583099849465169e-06
6.539979874499747e-06,6.539979874499747e-06,6.539979874499747e-06,6.539979874499747e-06
6.496991699862686e-06,6.496991699862686e-06,6.496991699862686e-06,6.496991699862686e-06
6.454135455923393e-06,6.454135455923393e-06,6.454135455923393e-06,6.454135455923393e-06
6.41141127265113e-06,6.41141127265113e-06,6.41141127265113e-06,6.41141127265113e-06
6.368819279614657e-06,6.368819279614657e-06,6.368819279614657e-06,6.368819279614657e-06
6.326359605981863e-06,6.326359605981863e-06,6.326359605981863e-06,6.326359605981863e-06
6.284032380519333e-06,6.284032380519333e-06,6.284032380519333e-06,6.284032380519333e-06
6.24183773159201e-06,6.24183773159201e-06,6.24183773159201e-06,6.24183773159201e-06
6.199775787162748e-06,6.199775787162748e-06,6.199775787162748e-06,6.199775787162748e-06
6.157846674791962e-06,6.157846674791962e-06,6.157846674791962e-06,6.157846674791962e-06
6.116050521637218e-06,6.116050521637218e-06,6.116050521637218e-06,6.116050521637218e-06
6.07438745445289e-06,6.07438745445289e-06,6.07438745445289e-06,6.07438745445289e-06
6.032857599589692e-06,6.032857599589692e-06,6.032857599589692e-06,6.032857599589692e-06
5.991461082994404e-06,5.991461082994404e-06,5.991461082994404e-06,5.991461082994404e-06
5.950198030209398e-06,5.950198030209398e-06,5.950198030209398e-06,5.950198030209398e-06
5.909068566372311e-06,5.909068566372311e-06,5.909068566372311e-06,5.909068566372311e-06
5.86807281621563e-06,5.86807281621563e-06,5.86807281621563e-06,5.86807281621563e-06
5.8272109040663435e-06,5.8272109040663435e-06,5.8272109040663435e-06,5.8272109040663435e-06
5.786482953845562e-06,5.786482953845562e-06,5.786482953845562e-06,5.786482953845562e-06
5.7458890890681125e-06,5.7458890890681125e-06,5.7458890890681125e-06,5.7458890890681125e-06
5.705429432842191e-06,5.705429432842191e-06,5.705429432842191e-06,5.705429432842191e-06
5.6651041078689685e-06,5.6651041078689685e-06,5.6651041078689685e-06,5.6651041078689685e-06
5.624913236442286e-06,5.624913236442286e-06,5.624913236442286e-06,5.624913236442286e-06
5.584856940448141e-06,5.584856940448141e-06,5.584856940448141e-06,5.584856940448141e-06
5.544935341364493e-06,5.544935341364493e-06,5.544935341364493e-06,5.544935341364493e-06
5.505148560260764e-06,5.505148560260764e-06,5.505148560260764e-06,5.505148560260764e-06
5.465496717797514e-06,5.465496717797514e-06,5.465496717797514e-06,5.465496717797514e-06
5.4259799342261e-06,5.4259799342261e-06,5.4259799342261e-06,5.4259799342261e-06
5.386598329388265e-06,5.386598329388265e-06,5.386598329388265e-06,5.386598329388265e-06
5.347352022715802e-06,5.347352022715802e-06,5.347352022715802e-06,5.347352022715802e-06
5.308241133230224e-06,5.308241133230224e-06,5.308241133230224e-06,5.308241133230224e-06
5.269265779542321e-06,5.269265779542321e-06,5.269265779542321e-06,5.269265779542321e-06
5.230426079851858e-06,5.230426079851858e-06,5.230426079851858e-06,5.230426079851858e-06
5.191722151947226e-06,5.191722151947226e-06,5.191722151947226e-06,5.191722151947226e-06
5.153154113205028e-06,5.153154113205028e-06,5.153154113205028e-06,5.153154113205028e-06
5.114722080589807e-06,5.114722080589807e-06,5.114722080589807e-06,5.114722080589807e-06
5.076426170653581e-06,5.076426170653581e-06,5.076426170653581e-06,5.076426170653581e-06
5.03826649953561e-06,5.03826649953561e-06,5.03826649953561e-06,5.03826649953561e-06
5.000243182961961e-06,5.000243182961961e-06,5.000243182961961e-06,5.000243182961961e-06
4.962356336245166e-06,4.962356336245166e-06,4.962356336245166e-06,4.962356336245166e-06
4.924606074283899e-06,4.924606074283899e-06,4.924606074283899e-06,4.924606074283899e-06
4.886992511562655e-06,4.886992511562655e-06,4.886992511562655e-06,4.886992511562655e-06
4.849515762151285e-06,4.849515762151285e-06,4.849515762151285e-06,4.849515762151285e-06
4.8121759397047995e-06,4.8121759397047995e-06,4.8121759397047995e-06,4.8121759397047995e-06
4.7749731574629196e-06,4.7749731574629196e-06,4.7749731574629196e-06,4.7749731574629196e-06
4.737907528249763e-06,4.737907528249763e-06,4.737907528249763e-06,4.737907528249763e-06
4.700979164473551e-06,4.700979164473551e-06,4.700979164473551e-06,4.700979164473551e-06
4.664188178126145e-06,4.664188178126145e-06,4.664188178126145e-06,4.664188178126145e-06
4.627534680782858e-06,4.627534680782858e-06,4.627534680782858e-06,4.627534680782858e-06
4.591018783602008e-06,4.591018783602008e-06,4.591018783602008e-06,4.591018783602008e-06
4.554640597324622e-06,4.554640597324622e-06,4.554640597324622e-06,4.554640597324622e-06
4.5184002322740785e-06,4.5184002322740785e-06,4.5184002322740785e-06,4.5184002322740785e-06
4.4822977983558336e-06,4.4822977983558336e-06,4.4822977983558336e-06,4.4822977983558336e-06
4.446333405056979e-06,4.446333405056979e-06,4.446333405056979e-06,4.446333405056979e-06
4.410507161446026e-06,4.410507161446026e-06,4.410507161446026e-06,4.410507161446026e-06
4.374819176172501e-06,4.374819176172501e-06,4.374819176172501e-06,4.374819176172501e-06
4.33926955746663e-06,4.33926955746663e-06,4.33926955746663e-06,4.33926955746663e-06
4.303858413139045e-06,4.303858413139045e-06,4.303858413139045e-06,4.303858413139045e-06
4.268585850580381e-06,4.268585850580381e-06,4.268585850580381e-06,4.268585850580381e-06
4.2334519767610545e-06,4.2334519767610545e-06,4.2334519767610545e-06,4.2334519767610545e-06
4.198456898230851e-06,4.198456898230851e-06,4.198456898230851e-06,4.198456898230851e-06
4.163600721118638e-06,4.163600721118638e-06,4.163600721118638e-06,4.163600721118638e-06
4.12888355113204e-06,4.12888355113204e-06,4.12888355113204e-06,4.12888355113204e-06
4.094305493557121e-06,4.094305493557121e-06,4.094305493557121e-06,4.094305493557121e-06
4.0598666532580544e-06,4.0598666532580544e-06,4.0598666532580544e-06,4.0598666532580544e-06
4.025567134676844e-06,4.025567134676844e-06,4.025567134676844e-06,4.025567134676844e-06
3.991407041832912e-06,3.991407041832912e-06,3.991407041832912e-06,3.991407041832912e-06
3.957386478322905e-06,3.957386478322905e-06,3.957386478322905e-06,3.957386478322905e-06
3.923505547320316e-06,3.923505547320316e-06,3.923505547320316e-06,3.923505547320316e-06
3.8897643515751315e-06,3.8897643515751315e-06,3.8897643515751315e-06,3.8897643515751315e-06
3.85616299341362e-06,3.85616299341362e-06,3.85616299341362e-06,3.85616299341362e-06
3.82270157473793e-06,3.82270157473793e-06,3.82270157473793e-06,3.82270157473793e-06
3.7893801970258435e-06,3.7893801970258435e-06,3.7893801970258435e-06,3.7893801970258435e-06
3.756198961330426e-06,3.756198961330426e-06,3.756198961330426e-06,3.756198961330426e-06
3.7231579682797447e-06,3.7231579682797447e-06,3.7231579682797447e-06,3.7231579682797447e-06
3.69025731807654e-06,3.69025731807654e-06,3.69025731807654e-06,3.69025731807654e-06
3.6574971104979872e-06,3.6574971104979872e-06,3.6574971104979872e-06,3.6574971104979872e-06
3.6248774448952695e-06,3.6248774448952695e-06,3.6248774448952695e-06,3.6248774448952695e-06
3.5923984201934046e-06,3.5923984201934046e-06,3.5923984201934046e-06,3.5923984201934046e-06
3.560060134890897e-06,3.560060134890897e-06,3.560060134890897e-06,3.560060134890897e-06
3.52786268705938e-06,3.52786268705938e-06,3.52786268705938e-06,3.52786268705938e-06
3.49580617434343e-06,3.49580617434343e-06,3.49580617434343e-06,3.49580617434343e-06
3.4638906939601813e-06,3.4638906939601813e-06,3.4638906939601813e-06,3.4638906939601813e-06
3.432116342699071e-06,3.432116342699071e-06,3.432116342699071e-06,3.432116342699071e-06
3.400483216921524e-06,3.400483216921524e-06,3.400483216921524e-06,3.400483216921524e-06
3.368991412560696e-06,3.368991412560696e-06,3.368991412560696e-06,3.368991412560696e-06
3.3376410251211355e-06,3.3376410251211355e-06,3.3376410251211355e-06,3.3376410251211355e-06
3.3064321496785567e-06,3.3064321496785567e-06,3.3064321496785567e-06,3.3064321496785567e-06
3.2753648808794503e-06,3.2753648808794503e-06,3.2753648808794503e-06,3.2753648808794503e-06
3.2444393129409334e-06,3.2444393129409334e-06,3.2444393129409334e-06,3.2444393129409334e-06
3.213655539650334e-06,3.213655539650334e-06,3.213655539650334e-06,3.213655539650334e-06
3.18301365436498e-06,3.18301365436498e-06,3.18301365436498e-06,3.18301365436498e-06
3.1525137500119207e-06,3.1525137500119207e-06,3.1525137500119207e-06,3.1525137500119207e-06
3.1221559190875716e-06,3.1221559190875716e-06,3.1221559190875716e-06,3.1221559190875716e-06
3.0919402536575383e-06,3.0919402536575383e-06,3.0919402536575383e-06,3.0919402536575383e-06
3.0618668453562593e-06,3.0618668453562593e-06,3.0618668453562593e-06,3.0618668453562593e-06
3.031935785386747e-06,3.031935785386747e-06,3.031935785386747e-06,3.031935785386747e-06
3.0021471645203192e-06,3.0021471645203192e-06,3.0021471645203192e-06,3.0021471645203192e-06
2.9725010730963567e-06,2.9725010730963567e-06,2.9725010730963567e-06,2.9725010730963567e-06
2.942997601021924e-06,2.942997601021924e-06,2.942997601021924e-06,2.942997601021924e-06
2.9136368377716327e-06,2.9136368377716327e-06,2.9136368377716327e-06,2.9136368377716327e-06
2.8844188723872733e-06,2.8844188723872733e-06,2.8844188723872733e-06,2.8844188723872733e-06
2.855343793477572e-06,2.855343793477572e-06,2.855343793477572e-06,2.855343793477572e-06
2.826411689217956e-06,2.826411689217956e-06,2.826411689217956e-06,2.826411689217956e-06
2.797622647350212e-06,2.797622647350212e-06,2.797622647350212e-06,2.797622647350212e-06
2.7689767551823066e-06,2.7689767551823066e-06,2.7689767551823066e-06,2.7689767551823066e-06
2.740474099588053e-06,2.740474099588053e-06,2.740474099588053e-06,2.740474099588053e-06
2.7121147670068793e-06,2.7121147670068793e-06,2.7121147670068793e-06,2.7121147670068793e-06
2.683898843443555e-06,2.683898843443555e-06,2.683898843443555e-06,2.683898843443555e-06
2.6558264144679712e-06,2.6558264144679712e-06,2.6558264144679712e-06,2.6558264144679712e-06
2.6278975652147875e-06,2.6278975652147875e-06,2.6278975652147875e-06,2.6278975652147875e-06
2.6001123803832793e-06,2.6001123803832793e-06,2.6001123803832793e-06,2.6001123803832793e-06
2.5724709442370155e-06,2.5724709442370155e-06,2.5724709442370155e-06,2.5724709442370155e-06
2.5449733406036237e-06,2.5449733406036237e-06,2.5449733406036237e-06,2.5449733406036237e-06
2.517619652874531e-06,2.517619652874531e-06,2.517619652874531e-06,2.517619652874531e-06
2.4904099640047028e-06,2.4904099640047028e-06,2.4904099640047028e-06,2.4904099640047028e-06
2.4633443565124424e-06,2.4633443565124424e-06,2.4633443565124424e-06,2.4633443565124424e-06
2.436422912479053e-06,2.436422912479053e-06,2.436422912479053e-06,2.436422912479053e-06
2.4096457135486638e-06,2.4096457135486638e-06,2.4096457135486638e-06,2.4096457135486638e-06
2.3830128409279397e-06,2.3830128409279397e-06,2.3830128409279397e-06,2.3830128409279397e-06
2.3565243753858657e-06,2.3565243753858657e-06,2.3565243753858657e-06,2.3565243753858657e-06
2.330180397253473e-06,2.330180397253473e-06,2.330180397253473e-06,2.330180397253473e-06
2.3039809864236263e-06,2.3039809864236263e-06,2.3039809864236263e-06,2.3039809864236263e-06
2.2779262223507236e-06,2.2779262223507236e-06,2.2779262223507236e-06,2.2779262223507236e-06
2.252016184050554e-06,2.252016184050554e-06,2.252016184050554e-06,2.252016184050554e-06
2.2262509500999507e-06,2.2262509500999507e-06,2.2262509500999507e-06,2.2262509500999507e-06
2.200630598636627e-06,2.200630598636627e-06,2.200630598636627e-06,2.200630598636627e-06
2.1751552073589033e-06,2.1751552073589033e-06,2.1751552073589033e-06,2.1751552073589033e-06
2.1498248535254895e-06,2.1498248535254895e-06,2.1498248535254895e-06,2.1498248535254895e-06
2.1246396139552426e-06,2.1246396139552426e-06,2.1246396139552426e-06,2.1246396139552426e-06
2.0995995650269274e-06,2.0995995650269274e-06,2.0995995650269274e-06,2.0995995650269274e-06
2.074704782678999e-06,2.074704782678999e-06,2.074704782678999e-06,2.074704782678999e-06
2.049955342409349e-06,2.049955342409349e-06,2.049955342409349e-06,2.049955342409349e-06
2.0253513192751373e-06,2.0253513192751373e-06,2.0253513192751373e-06,2.0253513192751373e-06
2.0008927878924555e-06,2.0008927878924555e-06,2.0008927878924555e-06,2.0008927878924555e-06
1.9765798224362196e-06,1.9765798224362196e-06,1.9765798224362196e-06,1.9765798224362196e-06
1.9524124966398717e-06,1.9524124966398717e-06,1.9524124966398717e-06,1.9524124966398717e-06
1.928390883795167e-06,1.928390883795167e-06,1.928390883795167e-06,1.928390883795167e-06
1.9045150567519598e-06,1.9045150567519598e-06,1.9045150567519598e-06,1.9045150567519598e-06
1.8807850879180078e-06,1.8807850879180078e-06,1.8807850879180078e-06,1.8807850879180078e-06
1.8572010492587e-06,1.8572010492587e-06,1.8572010492587e-06,1.8572010492587e-06
1.8337630122968795e-06,1.8337630122968795e-06,1.8337630122968795e-06,1.8337630122968795e-06
1.8104710481126053e-06,1.8104710481126053e-06,1.8104710481126053e-06,1.8104710481126053e-06
1.7873252273429509e-06,1.7873252273429509e-06,1.7873252273429509e-06,1.7873252273429509e-06
1.7643256201817836e-06,1.7643256201817836e-06,1.7643256201817836e-06,1.7643256201817836e-06
1.7414722963795426e-06,1.7414722963795426e-06,1.7414722963795426e-06,1.7414722963795426e-06
1.7187653252430435e-06,1.7187653252430435e-06,1.7187653252430435e-06,1.7187653252430435e-06
1.6962047756352739e-06,1.6962047756352739e-06,1.6962047756352739e-06,1.6962047756352739e-06
1.6737907159751431e-06,1.6737907159751431e-06,1.6737907159751431e-06,1.6737907159751431e-06
1.6515232142373216e-06,1.6515232142373216e-06,1.6515232142373216e-06,1.6515232142373216e-06
1.6294023379520184e-06,1.6294023379520184e-06,1.6294023379520184e-06,1.6294023379520184e-06
1.6074281542047653e-06,1.6074281542047653e-06,1.6074281542047653e-06,1.6074281542047653e-06
1.585600729636233e-06,1.585600729636233e-06,1.585600729636233e-06,1.585600729636233e-06
1.5639201304420093e-06,1.5639201304420093e-06,1.5639201304420093e-06,1.5639201304420093e-06
1.542386422372405e-06,1.542386422372405e-06,1.542386422372405e-06,1.542386422372405e-06
1.5209996707322816e-06,1.5209996707322816e-06,1.5209996707322816e-06,1.5209996707322816e-06
1.499759940380785e-06,1.499759940380785e-06,1.499759940380785e-06,1.499759940380785e-06
1.4786672957312397e-06,1.4786672957312397e-06,1.4786672957312397e-06,1.4786672957312397e-06
1.457721800750872e-06,1.457721800750872e-06,1.457721800750872e-06,1.457721800750872e-06
1.43692351896067e-06,1.43692351896067e-06,1.43692351896067e-06,1.43692351896067e-06
1.4162725134351573e-06,1.4162725134351573e-06,1.4162725134351573e-06,1.4162725134351573e-06
1.3957688468022312e-06,1.3957688468022312e-06,1.3957688468022312e-06,1.3957688468022312e-06
1.3754125812429352e-06,1.3754125812429352e-06,1.3754125812429352e-06,1.3754125812429352e-06
1.3552037784913207e-06,1.3552037784913207e-06,1.3552037784913207e-06,1.3552037784913207e-06
1.3351424998342131e-06,1.3351424998342131e-06,1.3351424998342131e-06,1.3351424998342131e-06
1.3152288061110518e-06,1.3152288061110518e-06,1.3152288061110518e-06,1.3152288061110518e-06
1.2954627577136835e-06,1.2954627577136835e-06,1.2954627577136835e-06,1.2954627577136835e-06
1.275844414586208e-06,1.275844414586208e-06,1.275844414586208e-06,1.275844414586208e-06
1.256373836224789e-06,1.256373836224789e-06,1.256373836224789e-06,1.256373836224789e-06
1.2370510816774539e-06,1.2370510816774539e-06,1.2370510816774539e-06,1.2370510816774539e-06
1.2178762095439332e-06,1.2178762095439332e-06,1.2178762095439332e-06,1.2178762095439332e-06
1.1988492779754668e-06,1.1988492779754668e-06,1.1988492779754668e-06,1.1988492779754668e-06
1.1799703446746579e-06,1.1799703446746579e-06,1.1799703446746579e-06,1.1799703446746579e-06
1.161239466895253e-06,1.161239466895253e-06,1.161239466895253e-06,1.161239466895253e-06
1.1426567014420297e-06,1.1426567014420297e-06,1.1426567014420297e-06,1.1426567014420297e-06
1.1242221046705415e-06,1.1242221046705415e-06,1.1242221046705415e-06,1.1242221046705415e-06
1.1059357324870455e-06,1.1059357324870455e-06,1.1059357324870455e-06,1.1059357324870455e-06
1.0877976403482314e-06,1.0877976403482314e-06,1.0877976403482314e-06,1.0877976403482314e-06
1.0698078832611369e-06,1.0698078832611369e-06,1.0698078832611369e-06,1.0698078832611369e-06
1.0519665157829484e-06,1.0519665157829484e-06,1.0519665157829484e-06,1.0519665157829484e-06
1.0342735920207958e-06,1.0342735920207958e-06,1.0342735920207958e-06,1.0342735920207958e-06
1.016729165631669e-06,1.016729165631669e-06,1.016729165631669e-06,1.016729165631669e-06
9.993332898221963e-07,9.993332898221963e-07,9.993332898221963e-07,9.993332898221963e-07
9.82086017348499e-07,9.82086017348499e-07,9.82086017348499e-07,9.82086017348499e-07
9.649874005160263e-07,9.649874005160263e-07,9.649874005160263e-07,9.649874005160263e-07
9.480374911794266e-07,9.480374911794266e-07,9.480374911794266e-07,9.480374911794266e-07
9.312363407423253e-07,9.312363407423253e-07,9.312363407423253e-07,9.312363407423253e-07
9.145840001572537e-07,9.145840001572537e-07,9.145840001572537e-07,9.145840001572537e-07
8.980805199254205e-07,8.980805199254205e-07,8.980805199254205e-07,8.980805199254205e-07
8.817259500965957e-07,8.817259500965957e-07,8.817259500965957e-07,8.817259500965957e-07
8.655203402689605e-07,8.655203402689605e-07,8.655203402689605e-07,8.655203402689605e-07
8.494637395889349e-07,8.494637395889349e-07,8.494637395889349e-07,8.494637395889349e-07
8.335561967510564e-07,8.335561967510564e-07,8.335561967510564e-07,8.335561967510564e-07
8.177977599978071e-07,8.177977599978071e-07,8.177977599978071e-07,8.177977599978071e-07
8.021884771194809e-07,8.021884771194809e-07,8.021884771194809e-07,8.021884771194809e-07
7.867283954540283e-07,7.867283954540283e-07,7.867283954540283e-07,7.867283954540283e-07
7.714175618869446e-07,7.714175618869446e-07,7.714175618869446e-07,7.714175618869446e-07
7.562560228510651e-07,7.562560228510651e-07,7.562560228510651e-07,7.562560228510651e-07
7.41243824326504e-07,7.41243824326504e-07,7.41243824326504e-07,7.41243824326504e-07
7.263810118404435e-07,7.263810118404435e-07,7.263810118404435e-07,7.263810118404435e-07
7.116676304670333e-07,7.116676304670333e-07,7.116676304670333e-07,7.116676304670333e-07
6.971037248272582e-07,6.971037248272582e-07,6.971037248272582e-07,6.971037248272582e-07
6.826893390887712e-07,6.826893390887712e-07,6.826893390887712e-07,6.826893390887712e-07
6.684245169657987e-07,6.684245169657987e-07,6.684245169657987e-07,6.684245169657987e-07
6.543093017189805e-07,6.543093017189805e-07,6.543093017189805e-07,6.543093017189805e-07
6.403437361552411e-07,6.403437361552411e-07,6.403437361552411e-07,6.403437361552411e-07
6.265278626276683e-07,6.265278626276683e-07,6.265278626276683e-07,6.265278626276683e-07
6.128617230353851e-07,6.128617230353851e-07,6.128617230353851e-07,6.128617230353851e-07
5.993453588234165e-07,5.993453588234165e-07,5.993453588234165e-07,5.993453588234165e-07
5.859788109825793e-07,5.859788109825793e-07,5.859788109825793e-07,5.859788109825793e-07
5.727621200493138e-07,5.727621200493138e-07,5.727621200493138e-07,5.727621200493138e-07
5.596953261056304e-07,5.596953261056304e-07,5.596953261056304e-07,5.596953261056304e-07
5.467784687789302e-07,5.467784687789302e-07,5.467784687789302e-07,5.467784687789302e-07
5.340115872418949e-07,5.340115872418949e-07,5.340115872418949e-07,5.340115872418949e-07
5.213947202124037e-07,5.213947202124037e-07,5.213947202124037e-07,5.213947202124037e-07
5.089279059533658e-07,5.089279059533658e-07,5.089279059533658e-07,5.089279059533658e-07
4.966111822726383e-07,4.966111822726383e-07,4.966111822726383e-07,4.966111822726383e-07
4.84444586522903e-07,4.84444586522903e-07,4.84444586522903e-07,4.84444586522903e-07
4.724281556015564e-07,4.724281556015564e-07,4.724281556015564e-07,4.724281556015564e-07
4.6056192595057e-07,4.6056192595057e-07,4.6056192595057e-07,4.6056192595057e-07
4.48845933556441e-07,4.48845933556441e-07,4.48845933556441e-07,4.48845933556441e-07
4.3728021395000874e-07,4.3728021395000874e-07,4.3728021395000874e-07,4.3728021395000874e-07
4.2586480220639936e-07,4.2586480220639936e-07,4.2586480220639936e-07,4.2586480220639936e-07
4.145997329449092e-07,4.145997329449092e-07,4.145997329449092e-07,4.145997329449092e-07
4.034850403288826e-07,4.034850403288826e-07,4.034850403288826e-07,4.034850403288826e-07
3.9252075806562316e-07,3.9252075806562316e-07,3.9252075806562316e-07,3.9252075806562316e-07
3.817069194062939e-07,3.817069194062939e-07,3.817069194062939e-07,3.817069194062939e-07
3.71043557145806e-07,3.71043557145806e-07,3.71043557145806e-07,3.71043557145806e-07
3.6053070362271345e-07,3.6053070362271345e-07,3.6053070362271345e-07,3.6053070362271345e-07
3.5016839071914664e-07,3.5016839071914664e-07,3.5016839071914664e-07,3.5016839071914664e-07
3.399566498606732e-07,3.399566498606732e-07,3.399566498606732e-07,3.399566498606732e-07
3.2989551201624835e-07,3.2989551201624835e-07,3.2989551201624835e-07,3.2989551201624835e-07
3.199850076980704e-07,3.199850076980704e-07,3.199850076980704e-07,3.199850076980704e-07
3.1022516696152526e-07,3.1022516696152526e-07,3.1022516696152526e-07,3.1022516696152526e-07
3.0061601940509775e-07,3.0061601940509775e-07,3.0061601940509775e-07,3.0061601940509775e-07
2.911575941702438e-07,2.911575941702438e-07,2.911575941702438e-07,2.911575941702438e-07
2.81849919941346e-07,2.81849919941346e-07,2.81849919941346e-07,2.81849919941346e-07
2.7269302494559725e-07,2.7269302494559725e-07,2.7269302494559725e-07,2.7269302494559725e-07
2.636869369529338e-07,2.636869369529338e-07,2.636869369529338e-07,2.636869369529338e-07
2.548316832759301e-07,2.548316832759301e-07,2.548316832759301e-07,2.548316832759301e-07
2.4612729076974316e-07,2.4612729076974316e-07,2.4612729076974316e-07,2.4612729076974316e-07
2.3757378583200152e-07,2.3757378583200152e-07,2.3757378583200152e-07,2.3757378583200152e-07
2.2917119440275524e-07,2.2917119440275524e-07,2.2917119440275524e-07,2.2917119440275524e-07
2.2091954196436503e-07,2.2091954196436503e-07,2.2091954196436503e-07,2.2091954196436503e-07
2.1281885354146323e-07,2.1281885354146323e-07,2.1281885354146323e-07,2.1281885354146323e-07
2.048691537008318e-07,2.048691537008318e-07,2.048691537008318e-07,2.048691537008318e-07
1.970704665513745e-07,1.970704665513745e-07,1.970704665513745e-07,1.970704665513745e-07
1.8942281574401143e-07,1.8942281574401143e-07,1.8942281574401143e-07,1.8942281574401143e-07
1.81926224471618e-07,1.81926224471618e-07,1.81926224471618e-07,1.81926224471618e-07
1.7458071546895272e-07,1.7458071546895272e-07,1.7458071546895272e-07,1.7458071546895272e-07
1.6738631101259615e-07,1.6738631101259615e-07,1.6738631101259615e-07,1.6738631101259615e-07
1.6034303292087326e-07,1.6034303292087326e-07,1.6034303292087326e-07,1.6034303292087326e-07
1.5345090255379224e-07,1.5345090255379224e-07,1.5345090255379224e-07,1.5345090255379224e-07
1.4670994081297795e-07,1.4670994081297795e-07,1.4670994081297795e-07,1.4670994081297795e-07
1.4012016814160534e-07,1.4012016814160534e-07,1.4012016814160534e-07,1.4012016814160534e-07
1.3368160452435496e-07,1.3368160452435496e-07,1.3368160452435496e-07,1.3368160452435496e-07
1.2739426948732424e-07,1.2739426948732424e-07,1.2739426948732424e-07,1.2739426948732424e-07
1.21258182097983e-07,1.21258182097983e-07,1.21258182097983e-07,1.21258182097983e-07
1.1527336096512354e-07,1.1527336096512354e-07,1.1527336096512354e-07,1.1527336096512354e-07
1.094398242387995e-07,1.094398242387995e-07,1.094398242387995e-07,1.094398242387995e-07
1.0375758961024273e-07,1.0375758961024273e-07,1.0375758961024273e-07,1.0375758961024273e-07
9.822667431186872e-08,9.822667431186872e-08,9.822667431186872e-08,9.822667431186872e-08
9.28470951171656e-08,9.28470951171656e-08,9.28470951171656e-08,9.28470951171656e-08
8.761886834067756e-08,8.761886834067756e-08,8.761886834067756e-08,8.761886834067756e-08
8.254200983794369e-08,8.254200983794369e-08,8.254200983794369e-08,8.254200983794369e-08
7.761653500544252e-08,7.761653500544252e-08,7.761653500544252e-08,7.761653500544252e-08
7.284245878057538e-08,7.284245878057538e-08,7.284245878057538e-08,7.284245878057538e-08
6.8219795641572e-08,6.8219795641572e-08,6.8219795641572e-08,6.8219795641572e-08
6.374855960750158e-08,6.374855960750158e-08,6.374855960750158e-08,6.374855960750158e-08
5.942876423818966e-08,5.942876423818966e-08,5.942876423818966e-08,5.942876423818966e-08
5.526042263419018e-08,5.526042263419018e-08,5.526042263419018e-08,5.526042263419018e-08
5.1243547436746754e-08,5.1243547436746754e-08,5.1243547436746754e-08,5.1243547436746754e-08
4.7378150827764864e-08,4.7378150827764864e-08,4.7378150827764864e-08,4.7378150827764864e-08
4.366424452973972e-08,4.366424452973972e-08,4.366424452973972e-08,4.366424452973972e-08
4.010183980577842e-08,4.010183980577842e-08,4.010183980577842e-08,4.010183980577842e-08
3.669094745950008e-08,3.669094745950008e-08,3.669094745950008e-08,3.669094745950008e-08
3.3431577835052466e-08,3.3431577835052466e-08,3.3431577835052466e-08,3.3431577835052466e-08
3.032374081706757e-08,3.032374081706757e-08,3.032374081706757e-08,3.032374081706757e-08
2.736744583061168e-08,2.736744583061168e-08,2.736744583061168e-08,2.736744583061168e-08
2.4562701841185366e-08,2.4562701841185366e-08,2.4562701841185366e-08,2.4562701841185366e-08
2.1909517354679053e-08,2.1909517354679053e-08,2.1909517354679053e-08,2.1909517354679053e-08
1.9407900417345305e-08,1.9407900417345305e-08,1.9407900417345305e-08,1.9407900417345305e-08
1.7057858615798783e-08,1.7057858615798783e-08,1.7057858615798783e-08,1.7057858615798783e-08
1.4859399076955215e-08,1.4859399076955215e-08,1.4859399076955215e-08,1.4859399076955215e-08
1.2812528468042485e-08,1.2812528468042485e-08,1.2812528468042485e-08,1.2812528468042485e-08
1.0917252996567317e-08,1.0917252996567317e-08,1.0917252996567317e-08,1.0917252996567317e-08
9.17357841028199e-09,9.17357841028199e-09,9.17357841028199e-09,9.17357841028199e-09
7.581509997206526e-09,7.581509997206526e-09,7.581509997206526e-09,7.581509997206526e-09
6.14105258556763e-09,6.14105258556763e-09,6.14105258556763e-09,6.14105258556763e-09
4.852210543809798e-09,4.852210543809798e-09,4.852210543809798e-09,4.852210543809798e-09
3.7149877805786602e-09,3.7149877805786602e-09,3.7149877805786602e-09,3.7149877805786602e-09
2.729387744715428e-09,2.729387744715428e-09,2.729387744715428e-09,2.729387744715428e-09
1.895413425223591e-09,1.895413425223591e-09,1.895413425223591e-09,1.895413425223591e-09
1.2130673512744661e-09,1.2130673512744661e-09,1.2130673512744661e-09,1.2130673512744661e-09
6.823515922183e-10,6.823515922183e-10,6.823515922183e-10,6.823515922183e-10
3.0326775753430904e-10,3.0326775753430904e-10,3.0326775753430904e-10,3.0326775753430904e-10
7.581699686398658e-11,7.581699686398658e-11,7.581699686398658e-11,7.581699686398658e-11
