0,1,2,3
6.097560975609757e-07,6.097560975609757e-07,6.0975609756097564e-06,6.0975609756097564e-06
1.2195121951219514e-06,1.2195121951219514e-06,1.2195121951219513e-05,1.2195121951219513e-05
1.8292682926829268e-06,1.8292682926829268e-06,1.8292682926829268e-05,1.8292682926829268e-05
2.4390243902439027e-06,2.4390243902439027e-06,2.4390243902439026e-05,2.4390243902439026e-05
3.0487804878048782e-06,3.0487804878048782e-06,3.048780487804878e-05,3.048780487804878e-05
3.6585365853658537e-06,3.6585365853658537e-06,3.6585365853658535e-05,3.6585365853658535e-05
4.26829268292683e-06,4.26829268292683e-06,4.26829268292683e-05,4.26829268292683e-05
4.8780487804878055e-06,4.8780487804878055e-06,4.878048780487805e-05,4.878048780487805e-05
5.487804878048781e-06,5.487804878048781e-06,5.4878048780487806e-05,5.4878048780487806e-05
6.0975609756097564e-06,6.0975609756097564e-06,6.097560975609756e-05,6.097560975609756e-05
6.707317073170733e-06,6.707317073170733e-06,6.707317073170732e-05,6.707317073170732e-05
7.317073170731707e-06,7.317073170731707e-06,7.317073170731707e-05,7.317073170731707e-05
7.926829268292683e-06,7.926829268292683e-06,7.926829268292683e-05,7.926829268292683e-05
8.53658536585366e-06,8.53658536585366e-06,8.53658536585366e-05,8.53658536585366e-05
9.146341463414634e-06,9.146341463414634e-06,9.146341463414634e-05,9.146341463414634e-05
9.756097560975611e-06,9.756097560975611e-06,9.75609756097561e-05,9.75609756097561e-05
1.0365853658536585e-05,1.0365853658536585e-05,0.00010365853658536585,0.00010365853658536585
1.0975609756097562e-05,1.0975609756097562e-05,0.00010975609756097561,0.00010975609756097561
1.1585365853658537e-05,1.1585365853658537e-05,0.00011585365853658537,0.00011585365853658537
1.2195121951219513e-05,1.2195121951219513e-05,0.00012195121951219512,0.00012195121951219512
1.2804878048780488e-05,1.2804878048780488e-05,0.00012804878048780488,0.00012804878048780488
1.3414634146341466e-05,1.3414634146341466e-05,0.00013414634146341464,0.00013414634146341464
1.4024390243902441e-05,1.4024390243902441e-05,0.0001402439024390244,0.0001402439024390244
1.4634146341463415e-05,1.4634146341463415e-05,0.00014634146341463414,0.00014634146341463414
1.524390243902439e-05,1.524390243902439e-05,0.0001524390243902439,0.0001524390243902439
1.5853658536585366e-05,1.5853658536585366e-05,0.00015853658536585366,0.00015853658536585366
1.6463414634146345e-05,1.6463414634146345e-05,0.00016463414634146343,0.00016463414634146343
1.707317073170732e-05,1.707317073170732e-05,0.0001707317073170732,0.0001707317073170732
1.7682926829268292e-05,1.7682926829268292e-05,0.00017682926829268292,0.00017682926829268292
1.8292682926829268e-05,1.8292682926829268e-05,0.00018292682926829268,0.00018292682926829268
1.8902439024390246e-05,1.8902439024390246e-05,0.00018902439024390244,0.00018902439024390244
1.9512195121951222e-05,1.9512195121951222e-05,0.0001951219512195122,0.0001951219512195122
2.0121951219512197e-05,2.0121951219512197e-05,0.00020121951219512197,0.00020121951219512197
2.073170731707317e-05,2.073170731707317e-05,0.0002073170731707317,0.0002073170731707317
2.134146341463415e-05,2.134146341463415e-05,0.00021341463414634146,0.00021341463414634146
2.1951219512195124e-05,2.1951219512195124e-05,0.00021951219512195122,0.00021951219512195122
2.25609756097561e-05,2.25609756097561e-05,0.00022560975609756099,0.00022560975609756099
2.3170731707317075e-05,2.3170731707317075e-05,0.00023170731707317075,0.00023170731707317075
2.378048780487805e-05,2.378048780487805e-05,0.00023780487804878048,0.00023780487804878048
2.4390243902439026e-05,2.4390243902439026e-05,0.00024390243902439024,0.00024390243902439024
2.5e-05,2.5e-05,0.00025,0.00025
2.5609756097560977e-05,2.5609756097560977e-05,0.00025609756097560977,0.00025609756097560977
2.6219512195121952e-05,2.6219512195121952e-05,0.00026219512195121953,0.00026219512195121953
2.682926829268293e-05,2.682926829268293e-05,0.0002682926829268293,0.0002682926829268293
2.7439024390243906e-05,2.7439024390243906e-05,0.00027439024390243905,0.00027439024390243905
2.8048780487804882e-05,2.8048780487804882e-05,0.0002804878048780488,0.0002804878048780488
2.8658536585365854e-05,2.8658536585365854e-05,0.0002865853658536585,0.0002865853658536585
2.926829268292683e-05,2.926829268292683e-05,0.0002926829268292683,0.0002926829268292683
2.9878048780487805e-05,2.9878048780487805e-05,0.00029878048780487804,0.00029878048780487804
3.048780487804878e-05,3.048780487804878e-05,0.0003048780487804878,0.0003048780487804878
3.109756097560976e-05,3.109756097560976e-05,0.00031097560975609757,0.00031097560975609757
3.170731707317073e-05,3.170731707317073e-05,0.00031707317073170733,0.00031707317073170733
3.231707317073171e-05,3.231707317073171e-05,0.0003231707317073171,0.0003231707317073171
3.292682926829269e-05,3.292682926829269e-05,0.00032926829268292685,0.00032926829268292685
3.353658536585366e-05,3.353658536585366e-05,0.0003353658536585366,0.0003353658536585366
3.414634146341464e-05,3.414634146341464e-05,0.0003414634146341464,0.0003414634146341464
3.475609756097561e-05,3.475609756097561e-05,0.0003475609756097561,0.0003475609756097561
3.5365853658536584e-05,3.5365853658536584e-05,0.00035365853658536584,0.00035365853658536584
3.597560975609756e-05,3.597560975609756e-05,0.0003597560975609756,0.0003597560975609756
3.6585365853658535e-05,3.6585365853658535e-05,0.00036585365853658537,0.00036585365853658537
3.7195121951219514e-05,3.7195121951219514e-05,0.0003719512195121951,0.0003719512195121951
3.780487804878049e-05,3.780487804878049e-05,0.0003780487804878049,0.0003780487804878049
3.8414634146341465e-05,3.8414634146341465e-05,0.00038414634146341465,0.00038414634146341465
3.9024390243902444e-05,3.9024390243902444e-05,0.0003902439024390244,0.0003902439024390244
3.9634146341463416e-05,3.9634146341463416e-05,0.0003963414634146342,0.0003963414634146342
4.0243902439024395e-05,4.0243902439024395e-05,0.00040243902439024393,0.00040243902439024393
4.085365853658537e-05,4.085365853658537e-05,0.00040853658536585364,0.00040853658536585364
4.146341463414634e-05,4.146341463414634e-05,0.0004146341463414634,0.0004146341463414634
4.207317073170732e-05,4.207317073170732e-05,0.00042073170731707316,0.00042073170731707316
4.26829268292683e-05,4.26829268292683e-05,0.0004268292682926829,0.0004268292682926829
4.329268292682927e-05,4.329268292682927e-05,0.0004329268292682927,0.0004329268292682927
4.390243902439025e-05,4.390243902439025e-05,0.00043902439024390245,0.00043902439024390245
4.451219512195122e-05,4.451219512195122e-05,0.0004451219512195122,0.0004451219512195122
4.51219512195122e-05,4.51219512195122e-05,0.00045121951219512197,0.00045121951219512197
4.573170731707318e-05,4.573170731707318e-05,0.00045731707317073173,0.00045731707317073173
4.634146341463415e-05,4.634146341463415e-05,0.0004634146341463415,0.0004634146341463415
4.695121951219512e-05,4.695121951219512e-05,0.0004695121951219512,0.0004695121951219512
4.75609756097561e-05,4.75609756097561e-05,0.00047560975609756096,0.00047560975609756096
4.817073170731707e-05,4.817073170731707e-05,0.0004817073170731707,0.0004817073170731707
4.878048780487805e-05,4.878048780487805e-05,0.0004878048780487805,0.0004878048780487805
4.9390243902439024e-05,4.9390243902439024e-05,0.0004939024390243902,0.0004939024390243902
5e-05,5e-05,0.0005,0.0005
5.060975609756098e-05,5.060975609756098e-05,0.0005060975609756098,0.0005060975609756098
5.121951219512195e-05,5.121951219512195e-05,0.0005121951219512195,0.0005121951219512195
5.182926829268293e-05,5.182926829268293e-05,0.0005182926829268293,0.0005182926829268293
5.2439024390243904e-05,5.2439024390243904e-05,0.0005243902439024391,0.0005243902439024391
5.304878048780488e-05,5.304878048780488e-05,0.0005304878048780488,0.0005304878048780488
5.365853658536586e-05,5.365853658536586e-05,0.0005365853658536586,0.0005365853658536586
5.4268292682926834e-05,5.4268292682926834e-05,0.0005426829268292683,0.0005426829268292683
5.487804878048781e-05,5.487804878048781e-05,0.0005487804878048781,0.0005487804878048781
5.5487804878048785e-05,5.5487804878048785e-05,0.0005548780487804879,0.0005548780487804879
5.6097560975609764e-05,5.6097560975609764e-05,0.0005609756097560976,0.0005609756097560976
5.670731707317073e-05,5.670731707317073e-05,0.0005670731707317073,0.0005670731707317073
5.731707317073171e-05,5.731707317073171e-05,0.000573170731707317,0.000573170731707317
5.792682926829268e-05,5.792682926829268e-05,0.0005792682926829268,0.0005792682926829268
5.853658536585366e-05,5.853658536585366e-05,0.0005853658536585366,0.0005853658536585366
5.914634146341463e-05,5.914634146341463e-05,0.0005914634146341463,0.0005914634146341463
5.975609756097561e-05,5.975609756097561e-05,0.0005975609756097561,0.0005975609756097561
6.036585365853659e-05,6.036585365853659e-05,0.0006036585365853658,0.0006036585365853658
6.097560975609756e-05,6.097560975609756e-05,0.0006097560975609756,0.0006097560975609756
6.158536585365854e-05,6.158536585365854e-05,0.0006158536585365854,0.0006158536585365854
6.219512195121952e-05,6.219512195121952e-05,0.0006219512195121951,0.0006219512195121951
6.28048780487805e-05,6.28048780487805e-05,0.0006280487804878049,0.0006280487804878049
6.341463414634146e-05,6.341463414634146e-05,0.0006341463414634147,0.0006341463414634147
6.402439024390244e-05,6.402439024390244e-05,0.0006402439024390244,0.0006402439024390244
6.463414634146342e-05,6.463414634146342e-05,0.0006463414634146342,0.0006463414634146342
6.52439024390244e-05,6.52439024390244e-05,0.0006524390243902439,0.0006524390243902439
6.585365853658538e-05,6.585365853658538e-05,0.0006585365853658537,0.0006585365853658537
6.646341463414634e-05,6.646341463414634e-05,0.0006646341463414635,0.0006646341463414635
6.707317073170732e-05,6.707317073170732e-05,0.0006707317073170732,0.0006707317073170732
6.76829268292683e-05,6.76829268292683e-05,0.000676829268292683,0.000676829268292683
6.829268292682928e-05,6.829268292682928e-05,0.0006829268292682927,0.0006829268292682927
6.890243902439025e-05,6.890243902439025e-05,0.0006890243902439024,0.0006890243902439024
6.951219512195122e-05,6.951219512195122e-05,0.0006951219512195122,0.0006951219512195122
7.012195121951219e-05,7.012195121951219e-05,0.0007012195121951219,0.0007012195121951219
7.073170731707317e-05,7.073170731707317e-05,0.0007073170731707317,0.0007073170731707317
7.134146341463415e-05,7.134146341463415e-05,0.0007134146341463414,0.0007134146341463414
7.195121951219513e-05,7.195121951219513e-05,0.0007195121951219512,0.0007195121951219512
7.25609756097561e-05,7.25609756097561e-05,0.000725609756097561,0.000725609756097561
7.317073170731707e-05,7.317073170731707e-05,0.0007317073170731707,0.0007317073170731707
7.378048780487805e-05,7.378048780487805e-05,0.0007378048780487805,0.0007378048780487805
7.439024390243903e-05,7.439024390243903e-05,0.0007439024390243903,0.0007439024390243903
7.500000000000001e-05,7.500000000000001e-05,0.00075,0.00075
7.560975609756099e-05,7.560975609756099e-05,0.0007560975609756098,0.0007560975609756098
7.621951219512195e-05,7.621951219512195e-05,0.0007621951219512195,0.0007621951219512195
7.682926829268293e-05,7.682926829268293e-05,0.0007682926829268293,0.0007682926829268293
7.743902439024391e-05,7.743902439024391e-05,0.0007743902439024391,0.0007743902439024391
7.804878048780489e-05,7.804878048780489e-05,0.0007804878048780488,0.0007804878048780488
7.865853658536587e-05,7.865853658536587e-05,0.0007865853658536586,0.0007865853658536586
7.926829268292683e-05,7.926829268292683e-05,0.0007926829268292683,0.0007926829268292683
7.987804878048781e-05,7.987804878048781e-05,0.0007987804878048781,0.0007987804878048781
8.048780487804879e-05,8.048780487804879e-05,0.0008048780487804879,0.0008048780487804879
8.109756097560977e-05,8.109756097560977e-05,0.0008109756097560976,0.0008109756097560976
8.170731707317073e-05,8.170731707317073e-05,0.0008170731707317073,0.0008170731707317073
8.231707317073171e-05,8.231707317073171e-05,0.000823170731707317,0.000823170731707317
8.292682926829268e-05,8.292682926829268e-05,0.0008292682926829268,0.0008292682926829268
8.353658536585366e-05,8.353658536585366e-05,0.0008353658536585366,0.0008353658536585366
8.414634146341464e-05,8.414634146341464e-05,0.0008414634146341463,0.0008414634146341463
8.475609756097561e-05,8.475609756097561e-05,0.0008475609756097561,0.0008475609756097561
8.53658536585366e-05,8.53658536585366e-05,0.0008536585365853659,0.0008536585365853659
8.597560975609756e-05,8.597560975609756e-05,0.0008597560975609756,0.0008597560975609756
8.658536585365854e-05,8.658536585365854e-05,0.0008658536585365854,0.0008658536585365854
8.719512195121952e-05,8.719512195121952e-05,0.0008719512195121951,0.0008719512195121951
8.78048780487805e-05,8.78048780487805e-05,0.0008780487804878049,0.0008780487804878049
8.841463414634147e-05,8.841463414634147e-05,0.0008841463414634147,0.0008841463414634147
8.902439024390244e-05,8.902439024390244e-05,0.0008902439024390244,0.0008902439024390244
8.963414634146342e-05,8.963414634146342e-05,0.0008963414634146342,0.0008963414634146342
9.02439024390244e-05,9.02439024390244e-05,0.0009024390243902439,0.0009024390243902439
9.085365853658538e-05,9.085365853658538e-05,0.0009085365853658537,0.0009085365853658537
9.146341463414635e-05,9.146341463414635e-05,0.0009146341463414635,0.0009146341463414635
9.207317073170732e-05,9.207317073170732e-05,0.0009207317073170732,0.0009207317073170732
9.26829268292683e-05,9.26829268292683e-05,0.000926829268292683,0.000926829268292683
9.329268292682928e-05,9.329268292682928e-05,0.0009329268292682928,0.0009329268292682928
9.390243902439024e-05,9.390243902439024e-05,0.0009390243902439024,0.0009390243902439024
9.451219512195122e-05,9.451219512195122e-05,0.0009451219512195122,0.0009451219512195122
9.51219512195122e-05,9.51219512195122e-05,0.0009512195121951219,0.0009512195121951219
9.573170731707317e-05,9.573170731707317e-05,0.0009573170731707317,0.0009573170731707317
9.634146341463415e-05,9.634146341463415e-05,0.0009634146341463415,0.0009634146341463415
9.695121951219512e-05,9.695121951219512e-05,0.0009695121951219512,0.0009695121951219512
9.75609756097561e-05,9.75609756097561e-05,0.000975609756097561,0.000975609756097561
9.817073170731708e-05,9.817073170731708e-05,0.0009817073170731707,0.0009817073170731707
9.878048780487805e-05,9.878048780487805e-05,0.0009878048780487805,0.0009878048780487805
9.939024390243903e-05,9.939024390243903e-05,0.0009939024390243903,0.0009939024390243903
0.0001,0.0001,0.001,0.001
0.0001,0.0001,0.001,0.001
9.999992418300315e-05,9.999992418300315e-05,0.0009999992418300314,0.0009999992418300314
9.999969673224247e-05,9.999969673224247e-05,0.0009999969673224248,0.0009999969673224248
9.999931764840778e-05,9.999931764840778e-05,0.0009999931764840778,0.0009999931764840778
9.999878693264872e-05,9.999878693264872e-05,0.0009999878693264872,0.0009999878693264872
9.999810458657478e-05,9.999810458657478e-05,0.0009999810458657479,0.0009999810458657479
9.999727061225529e-05,9.999727061225529e-05,0.0009999727061225528,0.0009999727061225528
9.999628501221943e-05,9.999628501221943e-05,0.0009999628501221943,0.0009999628501221943
9.99951477894562e-05,9.99951477894562e-05,0.000999951477894562,0.000999951477894562
9.999385894741445e-05,9.999385894741445e-05,0.0009999385894741443,0.0009999385894741443
9.99924184900028e-05,9.99924184900028e-05,0.000999924184900028,0.000999924184900028
9.999082642158973e-05,9.999082642158973e-05,0.0009999082642158973,0.0009999082642158973
9.998908274700344e-05,9.998908274700344e-05,0.0009998908274700344,0.0009998908274700344
9.998718747153197e-05,9.998718747153197e-05,0.0009998718747153195,0.0009998718747153195
9.998514060092306e-05,9.998514060092306e-05,0.0009998514060092305,0.0009998514060092305
9.99829421413842e-05,9.99829421413842e-05,0.000999829421413842,0.000999829421413842
9.998059209958266e-05,9.998059209958266e-05,0.0009998059209958266,0.0009998059209958266
9.997809048264533e-05,9.997809048264533e-05,0.0009997809048264532,0.0009997809048264532
9.997543729815882e-05,9.997543729815882e-05,0.0009997543729815882,0.0009997543729815882
9.99726325541694e-05,9.99726325541694e-05,0.000999726325541694,0.000999726325541694
9.996967625918295e-05,9.996967625918295e-05,0.0009996967625918293,0.0009996967625918293
9.996656842216495e-05,9.996656842216495e-05,0.0009996656842216494,0.0009996656842216494
9.99633090525405e-05,9.99633090525405e-05,0.0009996330905254049,0.0009996330905254049
9.995989816019422e-05,9.995989816019422e-05,0.0009995989816019423,0.0009995989816019423
9.995633575547026e-05,9.995633575547026e-05,0.0009995633575547026,0.0009995633575547026
9.995262184917225e-05,9.995262184917225e-05,0.0009995262184917225,0.0009995262184917225
9.994875645256325e-05,9.994875645256325e-05,0.0009994875645256325,0.0009994875645256325
9.994473957736581e-05,9.994473957736581e-05,0.000999447395773658,0.000999447395773658
9.994057123576181e-05,9.994057123576181e-05,0.000999405712357618,0.000999405712357618
9.99362514403925e-05,9.99362514403925e-05,0.000999362514403925,0.000999362514403925
9.993178020435842e-05,9.993178020435842e-05,0.0009993178020435843,0.0009993178020435843
9.992715754121943e-05,9.992715754121943e-05,0.0009992715754121942,0.0009992715754121942
9.992238346499456e-05,9.992238346499456e-05,0.0009992238346499456,0.0009992238346499456
9.991745799016206e-05,9.991745799016206e-05,0.0009991745799016205,0.0009991745799016205
9.991238113165933e-05,9.991238113165933e-05,0.0009991238113165933,0.0009991238113165933
9.990715290488284e-05,9.990715290488284e-05,0.0009990715290488284,0.0009990715290488284
9.990177332568813e-05,9.990177332568813e-05,0.0009990177332568813,0.0009990177332568813
9.989624241038976e-05,9.989624241038976e-05,0.0009989624241038976,0.0009989624241038976
9.989056017576121e-05,9.989056017576121e-05,0.000998905601757612,0.000998905601757612
9.988472663903488e-05,9.988472663903488e-05,0.0009988472663903488,0.0009988472663903488
9.987874181790202e-05,9.987874181790202e-05,0.0009987874181790202,0.0009987874181790202
9.987260573051269e-05,9.987260573051269e-05,0.0009987260573051267,0.0009987260573051267
9.986631839547564e-05,9.986631839547564e-05,0.0009986631839547565,0.0009986631839547565
9.985987983185839e-05,9.985987983185839e-05,0.0009985987983185838,0.0009985987983185838
9.985329005918702e-05,9.985329005918702e-05,0.0009985329005918703,0.0009985329005918703
9.984654909744622e-05,9.984654909744622e-05,0.000998465490974462,0.000998465490974462
9.983965696707913e-05,9.983965696707913e-05,0.0009983965696707914,0.0009983965696707914
9.98326136889874e-05,9.98326136889874e-05,0.0009983261368898741,0.0009983261368898741
9.982541928453105e-05,9.982541928453105e-05,0.0009982541928453105,0.0009982541928453105
9.981807377552838e-05,9.981807377552838e-05,0.000998180737755284,0.000998180737755284
9.981057718425599e-05,9.981057718425599e-05,0.00099810577184256,0.00099810577184256
9.980292953344863e-05,9.980292953344863e-05,0.0009980292953344864,0.0009980292953344864
9.979513084629917e-05,9.979513084629917e-05,0.0009979513084629917,0.0009979513084629917
9.978718114645854e-05,9.978718114645854e-05,0.0009978718114645854,0.0009978718114645854
9.977908045803563e-05,9.977908045803563e-05,0.0009977908045803563,0.0009977908045803563
9.977082880559725e-05,9.977082880559725e-05,0.0009977082880559724,0.0009977082880559724
9.9762426214168e-05,9.9762426214168e-05,0.00099762426214168,0.00099762426214168
9.975387270923027e-05,9.975387270923027e-05,0.0009975387270923027,0.0009975387270923027
9.974516831672407e-05,9.974516831672407e-05,0.0009974516831672408,0.0009974516831672408
9.973631306304707e-05,9.973631306304707e-05,0.0009973631306304707,0.0009973631306304707
9.972730697505441e-05,9.972730697505441e-05,0.000997273069750544,0.000997273069750544
9.971815008005866e-05,9.971815008005866e-05,0.0009971815008005865,0.0009971815008005865
9.970884240582976e-05,9.970884240582976e-05,0.0009970884240582975,0.0009970884240582975
9.96993839805949e-05,9.96993839805949e-05,0.000996993839805949,0.000996993839805949
9.968977483303847e-05,9.968977483303847e-05,0.0009968977483303847,0.0009968977483303847
9.968001499230192e-05,9.968001499230192e-05,0.0009968001499230193,0.0009968001499230193
9.967010448798375e-05,9.967010448798375e-05,0.0009967010448798375,0.0009967010448798375
9.966004335013933e-05,9.966004335013933e-05,0.0009966004335013932,0.0009966004335013932
9.964983160928085e-05,9.964983160928085e-05,0.0009964983160928086,0.0009964983160928086
9.963946929637728e-05,9.963946929637728e-05,0.0009963946929637728,0.0009963946929637728
9.96289564428542e-05,9.96289564428542e-05,0.000996289564428542,0.000996289564428542
9.961829308059371e-05,9.961829308059371e-05,0.000996182930805937,0.000996182930805937
9.960747924193438e-05,9.960747924193438e-05,0.000996074792419344,0.000996074792419344
9.959651495967112e-05,9.959651495967112e-05,0.0009959651495967112,0.0009959651495967112
9.95854002670551e-05,9.95854002670551e-05,0.0009958540026705509,0.0009958540026705509
9.95741351977936e-05,9.95741351977936e-05,0.000995741351977936,0.000995741351977936
9.956271978605e-05,9.956271978605e-05,0.0009956271978605,0.0009956271978605
9.955115406644356e-05,9.955115406644356e-05,0.0009955115406644357,0.0009955115406644357
9.953943807404944e-05,9.953943807404944e-05,0.0009953943807404944,0.0009953943807404944
9.952757184439845e-05,9.952757184439845e-05,0.0009952757184439845,0.0009952757184439845
9.95155554134771e-05,9.95155554134771e-05,0.000995155554134771,0.000995155554134771
9.950338881772736e-05,9.950338881772736e-05,0.0009950338881772737,0.0009950338881772737
9.949107209404665e-05,9.949107209404665e-05,0.0009949107209404665,0.0009949107209404665
9.947860527978761e-05,9.947860527978761e-05,0.000994786052797876,0.000994786052797876
9.946598841275812e-05,9.946598841275812e-05,0.0009946598841275812,0.0009946598841275812
9.945322153122107e-05,9.945322153122107e-05,0.0009945322153122108,0.0009945322153122108
9.944030467389439e-05,9.944030467389439e-05,0.0009944030467389437,0.0009944030467389437
9.942723787995069e-05,9.942723787995069e-05,0.000994272378799507,0.000994272378799507
9.941402118901744e-05,9.941402118901744e-05,0.0009941402118901744,0.0009941402118901744
9.940065464117658e-05,9.940065464117658e-05,0.0009940065464117658,0.0009940065464117658
9.938713827696462e-05,9.938713827696462e-05,0.0009938713827696462,0.0009938713827696462
9.937347213737234e-05,9.937347213737234e-05,0.0009937347213737234,0.0009937347213737234
9.935965626384478e-05,9.935965626384478e-05,0.0009935965626384476,0.0009935965626384476
9.934569069828102e-05,9.934569069828102e-05,0.0009934569069828102,0.0009934569069828102
9.933157548303421e-05,9.933157548303421e-05,0.000993315754830342,0.000993315754830342
9.931731066091123e-05,9.931731066091123e-05,0.0009931731066091124,0.0009931731066091124
9.930289627517275e-05,9.930289627517275e-05,0.0009930289627517275,0.0009930289627517275
9.928833236953297e-05,9.928833236953297e-05,0.0009928833236953296,0.0009928833236953296
9.927361898815957e-05,9.927361898815957e-05,0.0009927361898815956,0.0009927361898815956
9.92587561756735e-05,9.92587561756735e-05,0.000992587561756735,0.000992587561756735
9.924374397714894e-05,9.924374397714894e-05,0.0009924374397714893,0.0009924374397714893
9.922858243811306e-05,9.922858243811306e-05,0.0009922858243811305,0.0009922858243811305
9.921327160454598e-05,9.921327160454598e-05,0.0009921327160454596,0.0009921327160454596
9.919781152288052e-05,9.919781152288052e-05,0.0009919781152288051,0.0009919781152288051
9.91822022400022e-05,9.91822022400022e-05,0.000991822022400022,0.000991822022400022
9.916644380324896e-05,9.916644380324896e-05,0.0009916644380324896,0.0009916644380324896
9.915053626041106e-05,9.915053626041106e-05,0.0009915053626041105,0.0009915053626041105
9.913447965973105e-05,9.913447965973105e-05,0.0009913447965973104,0.0009913447965973104
9.911827404990341e-05,9.911827404990341e-05,0.0009911827404990342,0.0009911827404990342
9.910191948007458e-05,9.910191948007458e-05,0.000991019194800746,0.000991019194800746
9.908541599984276e-05,9.908541599984276e-05,0.0009908541599984275,0.0009908541599984275
9.906876365925768e-05,9.906876365925768e-05,0.0009906876365925767,0.0009906876365925767
9.905196250882058e-05,9.905196250882058e-05,0.0009905196250882058,0.0009905196250882058
9.903501259948397e-05,9.903501259948397e-05,0.0009903501259948399,0.0009903501259948399
9.90179139826515e-05,9.90179139826515e-05,0.000990179139826515,0.000990179139826515
9.900066671017781e-05,9.900066671017781e-05,0.000990006667101778,0.000990006667101778
9.898327083436833e-05,9.898327083436833e-05,0.0009898327083436834,0.0009898327083436834
9.89657264079792e-05,9.89657264079792e-05,0.000989657264079792,0.000989657264079792
9.894803348421706e-05,9.894803348421706e-05,0.0009894803348421705,0.0009894803348421705
9.893019211673886e-05,9.893019211673886e-05,0.0009893019211673886,0.0009893019211673886
9.891220235965177e-05,9.891220235965177e-05,0.0009891220235965178,0.0009891220235965178
9.889406426751296e-05,9.889406426751296e-05,0.0009889406426751297,0.0009889406426751297
9.887577789532947e-05,9.887577789532947e-05,0.0009887577789532947,0.0009887577789532947
9.885734329855798e-05,9.885734329855798e-05,0.0009885734329855799,0.0009885734329855799
9.883876053310475e-05,9.883876053310475e-05,0.0009883876053310475,0.0009883876053310475
9.882002965532535e-05,9.882002965532535e-05,0.0009882002965532536,0.0009882002965532536
9.880115072202453e-05,9.880115072202453e-05,0.0009880115072202454,0.0009880115072202454
9.878212379045608e-05,9.878212379045608e-05,0.000987821237904561,0.000987821237904561
9.876294891832255e-05,9.876294891832255e-05,0.0009876294891832255,0.0009876294891832255
9.874362616377522e-05,9.874362616377522e-05,0.0009874362616377522,0.0009874362616377522
9.872415558541379e-05,9.872415558541379e-05,0.000987241555854138,0.000987241555854138
9.870453724228633e-05,9.870453724228633e-05,0.0009870453724228631,0.0009870453724228631
9.868477119388896e-05,9.868477119388896e-05,0.0009868477119388895,0.0009868477119388895
9.866485750016578e-05,9.866485750016578e-05,0.0009866485750016577,0.0009866485750016577
9.864479622150869e-05,9.864479622150869e-05,0.0009864479622150868,0.0009864479622150868
9.862458741875707e-05,9.862458741875707e-05,0.0009862458741875706,0.0009862458741875706
9.860423115319779e-05,9.860423115319779e-05,0.0009860423115319779,0.0009860423115319779
9.858372748656485e-05,9.858372748656485e-05,0.0009858372748656485,0.0009858372748656485
9.856307648103934e-05,9.856307648103934e-05,0.0009856307648103933,0.0009856307648103933
9.854227819924913e-05,9.854227819924913e-05,0.0009854227819924913,0.0009854227819924913
9.852133270426876e-05,9.852133270426876e-05,0.0009852133270426876,0.0009852133270426876
9.850024005961922e-05,9.850024005961922e-05,0.000985002400596192,0.000985002400596192
9.847900032926773e-05,9.847900032926773e-05,0.0009847900032926773,0.0009847900032926773
9.84576135776276e-05,9.84576135776276e-05,0.0009845761357762759,0.0009845761357762759
9.843607986955799e-05,9.843607986955799e-05,0.0009843607986955798,0.0009843607986955798
9.841439927036378e-05,9.841439927036378e-05,0.0009841439927036376,0.0009841439927036376
9.839257184579525e-05,9.839257184579525e-05,0.0009839257184579525,0.0009839257184579525
9.8370597662048e-05,9.8370597662048e-05,0.0009837059766204799,0.0009837059766204799
9.834847678576269e-05,9.834847678576269e-05,0.0009834847678576268,0.0009834847678576268
9.832620928402488e-05,9.832620928402488e-05,0.0009832620928402487,0.0009832620928402487
9.830379522436474e-05,9.830379522436474e-05,0.0009830379522436474,0.0009830379522436474
9.828123467475697e-05,9.828123467475697e-05,0.0009828123467475697,0.0009828123467475697
9.825852770362046e-05,9.825852770362046e-05,0.0009825852770362045,0.0009825852770362045
9.823567437981822e-05,9.823567437981822e-05,0.000982356743798182,0.000982356743798182
9.821267477265705e-05,9.821267477265705e-05,0.0009821267477265706,0.0009821267477265706
9.81895289518874e-05,9.81895289518874e-05,0.000981895289518874,0.000981895289518874
9.816623698770312e-05,9.816623698770312e-05,0.0009816623698770312,0.0009816623698770312
9.81427989507413e-05,9.81427989507413e-05,0.000981427989507413,0.000981427989507413
9.8119214912082e-05,9.8119214912082e-05,0.00098119214912082,0.00098119214912082
9.809548494324805e-05,9.809548494324805e-05,0.0009809548494324805,0.0009809548494324805
9.807160911620484e-05,9.807160911620484e-05,0.0009807160911620484,0.0009807160911620484
9.804758750336013e-05,9.804758750336013e-05,0.0009804758750336013,0.0009804758750336013
9.802342017756378e-05,9.802342017756378e-05,0.0009802342017756378,0.0009802342017756378
9.799910721210754e-05,9.799910721210754e-05,0.0009799910721210753,0.0009799910721210753
9.797464868072488e-05,9.797464868072488e-05,0.0009797464868072487,0.0009797464868072487
9.795004465759065e-05,9.795004465759065e-05,0.0009795004465759066,0.0009795004465759066
9.792529521732102e-05,9.792529521732102e-05,0.0009792529521732102,0.0009792529521732102
9.790040043497308e-05,9.790040043497308e-05,0.0009790040043497308,0.0009790040043497308
9.787536038604477e-05,9.787536038604477e-05,0.0009787536038604477,0.0009787536038604477
9.785017514647452e-05,9.785017514647452e-05,0.0009785017514647451,0.0009785017514647451
9.78248447926411e-05,9.78248447926411e-05,0.000978248447926411,0.000978248447926411
9.779936940136338e-05,9.779936940136338e-05,0.0009779936940136338,0.0009779936940136338
9.777374904990007e-05,9.777374904990007e-05,0.0009777374904990006,0.0009777374904990006
9.774798381594945e-05,9.774798381594945e-05,0.0009774798381594946,0.0009774798381594946
9.772207377764928e-05,9.772207377764928e-05,0.0009772207377764929,0.0009772207377764929
9.769601901357639e-05,9.769601901357639e-05,0.000976960190135764,0.000976960190135764
9.766981960274653e-05,9.766981960274653e-05,0.0009766981960274653,0.0009766981960274653
9.764347562461413e-05,9.764347562461413e-05,0.0009764347562461413,0.0009764347562461413
9.761698715907206e-05,9.761698715907206e-05,0.0009761698715907205,0.0009761698715907205
9.759035428645135e-05,9.759035428645135e-05,0.0009759035428645134,0.0009759035428645134
9.756357708752095e-05,9.756357708752095e-05,0.0009756357708752095,0.0009756357708752095
9.753665564348758e-05,9.753665564348758e-05,0.0009753665564348757,0.0009753665564348757
9.75095900359953e-05,9.75095900359953e-05,0.000975095900359953,0.000975095900359953
9.748238034712548e-05,9.748238034712548e-05,0.0009748238034712548,0.0009748238034712548
9.745502665939639e-05,9.745502665939639e-05,0.0009745502665939638,0.0009745502665939638
9.742752905576299e-05,9.742752905576299e-05,0.0009742752905576299,0.0009742752905576299
9.739988761961673e-05,9.739988761961673e-05,0.0009739988761961673,0.0009739988761961673
9.737210243478521e-05,9.737210243478521e-05,0.0009737210243478522,0.0009737210243478522
9.734417358553204e-05,9.734417358553204e-05,0.0009734417358553204,0.0009734417358553204
9.731610115655645e-05,9.731610115655645e-05,0.0009731610115655644,0.0009731610115655644
9.728788523299313e-05,9.728788523299313e-05,0.0009728788523299312,0.0009728788523299312
9.725952590041196e-05,9.725952590041196e-05,0.0009725952590041196,0.0009725952590041196
9.72310232448177e-05,9.72310232448177e-05,0.0009723102324481769,0.0009723102324481769
9.720237735264979e-05,9.720237735264979e-05,0.0009720237735264979,0.0009720237735264979
9.717358831078205e-05,9.717358831078205e-05,0.0009717358831078204,0.0009717358831078204
9.714465620652243e-05,9.714465620652243e-05,0.0009714465620652243,0.0009714465620652243
9.711558112761274e-05,9.711558112761274e-05,0.0009711558112761274,0.0009711558112761274
9.708636316222838e-05,9.708636316222838e-05,0.0009708636316222838,0.0009708636316222838
9.705700239897809e-05,9.705700239897809e-05,0.0009705700239897808,0.0009705700239897808
9.702749892690366e-05,9.702749892690366e-05,0.0009702749892690366,0.0009702749892690366
9.699785283547968e-05,9.699785283547968e-05,0.0009699785283547968,0.0009699785283547968
9.696806421461327e-05,9.696806421461327e-05,0.0009696806421461326,0.0009696806421461326
9.693813315464375e-05,9.693813315464375e-05,0.0009693813315464375,0.0009693813315464375
9.690805974634248e-05,9.690805974634248e-05,0.0009690805974634247,0.0009690805974634247
9.687784408091243e-05,9.687784408091243e-05,0.0009687784408091242,0.0009687784408091242
9.68474862499881e-05,9.68474862499881e-05,0.000968474862499881,0.000968474862499881
9.681698634563503e-05,9.681698634563503e-05,0.0009681698634563503,0.0009681698634563503
9.678634446034968e-05,9.678634446034968e-05,0.0009678634446034967,0.0009678634446034967
9.675556068705908e-05,9.675556068705908e-05,0.0009675556068705907,0.0009675556068705907
9.672463511912055e-05,9.672463511912055e-05,0.0009672463511912055,0.0009672463511912055
9.669356785032147e-05,9.669356785032147e-05,0.0009669356785032146,0.0009669356785032146
9.666235897487888e-05,9.666235897487888e-05,0.0009666235897487888,0.0009666235897487888
9.663100858743932e-05,9.663100858743932e-05,0.0009663100858743932,0.0009663100858743932
9.659951678307848e-05,9.659951678307848e-05,0.0009659951678307847,0.0009659951678307847
9.656788365730094e-05,9.656788365730094e-05,0.0009656788365730094,0.0009656788365730094
9.653610930603982e-05,9.653610930603982e-05,0.0009653610930603982,0.0009653610930603982
9.650419382565657e-05,9.650419382565657e-05,0.0009650419382565657,0.0009650419382565657
9.647213731294062e-05,9.647213731294062e-05,0.0009647213731294063,0.0009647213731294063
9.643993986510911e-05,9.643993986510911e-05,0.0009643993986510911,0.0009643993986510911
9.64076015798066e-05,9.64076015798066e-05,0.0009640760157980659,0.0009640760157980659
9.637512255510475e-05,9.637512255510475e-05,0.0009637512255510475,0.0009637512255510475
9.634250288950202e-05,9.634250288950202e-05,0.0009634250288950201,0.0009634250288950201
9.630974268192345e-05,9.630974268192345e-05,0.0009630974268192345,0.0009630974268192345
9.627684203172027e-05,9.627684203172027e-05,0.0009627684203172027,0.0009627684203172027
9.624380103866959e-05,9.624380103866959e-05,0.0009624380103866959,0.0009624380103866959
9.621061980297416e-05,9.621061980297416e-05,0.0009621061980297416,0.0009621061980297416
9.617729842526208e-05,9.617729842526208e-05,0.0009617729842526208,0.0009617729842526208
9.614383700658637e-05,9.614383700658637e-05,0.0009614383700658638,0.0009614383700658638
9.611023564842487e-05,9.611023564842487e-05,0.0009611023564842487,0.0009611023564842487
9.60764944526797e-05,9.60764944526797e-05,0.0009607649445267969,0.0009607649445267969
9.604261352167709e-05,9.604261352167709e-05,0.000960426135216771,0.000960426135216771
9.600859295816708e-05,9.600859295816708e-05,0.0009600859295816708,0.0009600859295816708
9.597443286532318e-05,9.597443286532318e-05,0.0009597443286532317,0.0009597443286532317
9.594013334674194e-05,9.594013334674194e-05,0.0009594013334674194,0.0009594013334674194
9.590569450644289e-05,9.590569450644289e-05,0.0009590569450644289,0.0009590569450644289
9.587111644886797e-05,9.587111644886797e-05,0.0009587111644886796,0.0009587111644886796
9.583639927888137e-05,9.583639927888137e-05,0.0009583639927888137,0.0009583639927888137
9.580154310176916e-05,9.580154310176916e-05,0.0009580154310176916,0.0009580154310176916
9.576654802323895e-05,9.576654802323895e-05,0.0009576654802323895,0.0009576654802323895
9.573141414941962e-05,9.573141414941962e-05,0.0009573141414941962,0.0009573141414941962
9.569614158686097e-05,9.569614158686097e-05,0.0009569614158686096,0.0009569614158686096
9.566073044253337e-05,9.566073044253337e-05,0.0009566073044253336,0.0009566073044253336
9.56251808238275e-05,9.56251808238275e-05,0.000956251808238275,0.000956251808238275
9.558949283855398e-05,9.558949283855398e-05,0.0009558949283855398,0.0009558949283855398
9.555366659494302e-05,9.555366659494302e-05,0.0009555366659494303,0.0009555366659494303
9.551770220164418e-05,9.551770220164418e-05,0.0009551770220164417,0.0009551770220164417
9.548159976772592e-05,9.548159976772592e-05,0.0009548159976772592,0.0009548159976772592
9.544535940267538e-05,9.544535940267538e-05,0.0009544535940267537,0.0009544535940267537
9.5408981216398e-05,9.5408981216398e-05,0.0009540898121639799,0.0009540898121639799
9.537246531921715e-05,9.537246531921715e-05,0.0009537246531921714,0.0009537246531921714
9.533581182187385e-05,9.533581182187385e-05,0.0009533581182187385,0.0009533581182187385
9.529902083552647e-05,9.529902083552647e-05,0.0009529902083552646,0.0009529902083552646
9.526209247175024e-05,9.526209247175024e-05,0.0009526209247175024,0.0009526209247175024
9.522502684253709e-05,9.522502684253709e-05,0.0009522502684253709,0.0009522502684253709
9.51878240602952e-05,9.51878240602952e-05,0.000951878240602952,0.000951878240602952
9.515048423784871e-05,9.515048423784871e-05,0.0009515048423784871,0.0009515048423784871
9.511300748843736e-05,9.511300748843736e-05,0.0009511300748843736,0.0009511300748843736
9.50753939257161e-05,9.50753939257161e-05,0.0009507539392571609,0.0009507539392571609
9.503764366375486e-05,9.503764366375486e-05,0.0009503764366375484,0.0009503764366375484
9.499975681703805e-05,9.499975681703805e-05,0.0009499975681703805,0.0009499975681703805
9.49617335004644e-05,9.49617335004644e-05,0.000949617335004644,0.000949617335004644
9.492357382934642e-05,9.492357382934642e-05,0.0009492357382934642,0.0009492357382934642
9.48852779194102e-05,9.48852779194102e-05,0.0009488527791941021,0.0009488527791941021
9.484684588679498e-05,9.484684588679498e-05,0.0009484684588679498,0.0009484684588679498
9.480827784805278e-05,9.480827784805278e-05,0.0009480827784805278,0.0009480827784805278
9.476957392014814e-05,9.476957392014814e-05,0.0009476957392014814,0.0009476957392014814
9.473073422045769e-05,9.473073422045769e-05,0.0009473073422045768,0.0009473073422045768
9.469175886676978e-05,9.469175886676978e-05,0.0009469175886676977,0.0009469175886676977
9.465264797728419e-05,9.465264797728419e-05,0.000946526479772842,0.000946526479772842
9.461340167061174e-05,9.461340167061174e-05,0.0009461340167061175,0.0009461340167061175
9.457402006577392e-05,9.457402006577392e-05,0.0009457402006577392,0.0009457402006577392
9.453450328220251e-05,9.453450328220251e-05,0.000945345032822025,0.000945345032822025
9.449485143973924e-05,9.449485143973924e-05,0.0009449485143973923,0.0009449485143973923
9.445506465863552e-05,9.445506465863552e-05,0.0009445506465863552,0.0009445506465863552
9.441514305955186e-05,9.441514305955186e-05,0.0009441514305955185,0.0009441514305955185
9.437508676355773e-05,9.437508676355773e-05,0.0009437508676355772,0.0009437508676355772
9.433489589213102e-05,9.433489589213102e-05,0.0009433489589213102,0.0009433489589213102
9.429457056715783e-05,9.429457056715783e-05,0.0009429457056715782,0.0009429457056715782
9.42541109109319e-05,9.42541109109319e-05,0.000942541109109319,0.000942541109109319
9.421351704615444e-05,9.421351704615444e-05,0.0009421351704615444,0.0009421351704615444
9.417278909593366e-05,9.417278909593366e-05,0.0009417278909593365,0.0009417278909593365
9.413192718378439e-05,9.413192718378439e-05,0.0009413192718378438,0.0009413192718378438
9.409093143362771e-05,9.409093143362771e-05,0.000940909314336277,0.000940909314336277
9.40498019697906e-05,9.40498019697906e-05,0.0009404980196979061,0.0009404980196979061
9.400853891700561e-05,9.400853891700561e-05,0.000940085389170056,0.000940085389170056
9.396714240041031e-05,9.396714240041031e-05,0.0009396714240041031,0.0009396714240041031
9.392561254554713e-05,9.392561254554713e-05,0.0009392561254554713,0.0009392561254554713
9.388394947836279e-05,9.388394947836279e-05,0.0009388394947836278,0.0009388394947836278
9.384215332520805e-05,9.384215332520805e-05,0.0009384215332520805,0.0009384215332520805
9.380022421283725e-05,9.380022421283725e-05,0.0009380022421283725,0.0009380022421283725
9.375816226840799e-05,9.375816226840799e-05,0.0009375816226840799,0.0009375816226840799
9.371596761948067e-05,9.371596761948067e-05,0.0009371596761948067,0.0009371596761948067
9.367364039401815e-05,9.367364039401815e-05,0.0009367364039401814,0.0009367364039401814
9.363118072038535e-05,9.363118072038535e-05,0.0009363118072038535,0.0009363118072038535
9.358858872734888e-05,9.358858872734888e-05,0.0009358858872734887,0.0009358858872734887
9.354586454407661e-05,9.354586454407661e-05,0.0009354586454407661,0.0009354586454407661
9.350300830013731e-05,9.350300830013731e-05,0.0009350300830013731,0.0009350300830013731
9.346002012550025e-05,9.346002012550025e-05,0.0009346002012550025,0.0009346002012550025
9.341690015053484e-05,9.341690015053484e-05,0.0009341690015053484,0.0009341690015053484
9.33736485060101e-05,9.33736485060101e-05,0.0009337364850601009,0.0009337364850601009
9.333026532309444e-05,9.333026532309444e-05,0.0009333026532309444,0.0009333026532309444
9.328675073335518e-05,9.328675073335518e-05,0.0009328675073335518,0.0009328675073335518
9.324310486875813e-05,9.324310486875813e-05,0.0009324310486875814,0.0009324310486875814
9.319932786166725e-05,9.319932786166725e-05,0.0009319932786166724,0.0009319932786166724
9.315541984484414e-05,9.315541984484414e-05,0.0009315541984484414,0.0009315541984484414
9.31113809514478e-05,9.31113809514478e-05,0.000931113809514478,0.000931113809514478
9.306721131503407e-05,9.306721131503407e-05,0.0009306721131503408,0.0009306721131503408
9.302291106955535e-05,9.302291106955535e-05,0.0009302291106955534,0.0009302291106955534
9.297848034936006e-05,9.297848034936006e-05,0.0009297848034936007,0.0009297848034936007
9.293391928919239e-05,9.293391928919239e-05,0.0009293391928919238,0.0009293391928919238
9.288922802419174e-05,9.288922802419174e-05,0.0009288922802419174,0.0009288922802419174
9.284440668989242e-05,9.284440668989242e-05,0.0009284440668989243,0.0009284440668989243
9.279945542222321e-05,9.279945542222321e-05,0.0009279945542222321,0.0009279945542222321
9.27543743575069e-05,9.27543743575069e-05,0.0009275437435750689,0.0009275437435750689
9.27091636324599e-05,9.27091636324599e-05,0.000927091636324599,0.000927091636324599
9.26638233841919e-05,9.26638233841919e-05,0.0009266382338419191,0.0009266382338419191
9.261835375020536e-05,9.261835375020536e-05,0.0009261835375020535,0.0009261835375020535
9.257275486839512e-05,9.257275486839512e-05,0.0009257275486839511,0.0009257275486839511
9.252702687704795e-05,9.252702687704795e-05,0.0009252702687704795,0.0009252702687704795
9.248116991484229e-05,9.248116991484229e-05,0.0009248116991484227,0.0009248116991484227
9.243518412084753e-05,9.243518412084753e-05,0.0009243518412084753,0.0009243518412084753
9.238906963452394e-05,9.238906963452394e-05,0.0009238906963452394,0.0009238906963452394
9.234282659572196e-05,9.234282659572196e-05,0.0009234282659572195,0.0009234282659572195
9.229645514468192e-05,9.229645514468192e-05,0.0009229645514468193,0.0009229645514468193
9.22499554220336e-05,9.22499554220336e-05,0.0009224995542203361,0.0009224995542203361
9.220332756879578e-05,9.220332756879578e-05,0.0009220332756879577,0.0009220332756879577
9.21565717263758e-05,9.21565717263758e-05,0.0009215657172637579,0.0009215657172637579
9.210968803656915e-05,9.210968803656915e-05,0.0009210968803656914,0.0009210968803656914
9.206267664155907e-05,9.206267664155907e-05,0.0009206267664155906,0.0009206267664155906
9.201553768391606e-05,9.201553768391606e-05,0.0009201553768391607,0.0009201553768391607
9.19682713065975e-05,9.19682713065975e-05,0.0009196827130659751,0.0009196827130659751
9.192087765294719e-05,9.192087765294719e-05,0.0009192087765294717,0.0009192087765294717
9.187335686669487e-05,9.187335686669487e-05,0.0009187335686669487,0.0009187335686669487
9.182570909195591e-05,9.182570909195591e-05,0.0009182570909195591,0.0009182570909195591
9.177793447323076e-05,9.177793447323076e-05,0.0009177793447323076,0.0009177793447323076
9.173003315540452e-05,9.173003315540452e-05,0.0009173003315540451,0.0009173003315540451
9.168200528374655e-05,9.168200528374655e-05,0.0009168200528374655,0.0009168200528374655
9.163385100391005e-05,9.163385100391005e-05,0.0009163385100391004,0.0009163385100391004
9.158557046193148e-05,9.158557046193148e-05,0.0009158557046193148,0.0009158557046193148
9.153716380423031e-05,9.153716380423031e-05,0.000915371638042303,0.000915371638042303
9.148863117760842e-05,9.148863117760842e-05,0.0009148863117760842,0.0009148863117760842
9.143997272924973e-05,9.143997272924973e-05,0.0009143997272924974,0.0009143997272924974
9.139118860671974e-05,9.139118860671974e-05,0.0009139118860671974,0.0009139118860671974
9.134227895796508e-05,9.134227895796508e-05,0.0009134227895796508,0.0009134227895796508
9.129324393131305e-05,9.129324393131305e-05,0.0009129324393131306,0.0009129324393131306
9.12440836754712e-05,9.12440836754712e-05,0.0009124408367547119,0.0009124408367547119
9.119479833952683e-05,9.119479833952683e-05,0.0009119479833952683,0.0009119479833952683
9.11453880729466e-05,9.11453880729466e-05,0.000911453880729466,0.000911453880729466
9.109585302557603e-05,9.109585302557603e-05,0.0009109585302557603,0.0009109585302557603
9.104619334763907e-05,9.104619334763907e-05,0.0009104619334763906,0.0009104619334763906
9.09964091897376e-05,9.09964091897376e-05,0.000909964091897376,0.000909964091897376
9.094650070285104e-05,9.094650070285104e-05,0.0009094650070285104,0.0009094650070285104
9.089646803833589e-05,9.089646803833589e-05,0.0009089646803833589,0.0009089646803833589
9.084631134792516e-05,9.084631134792516e-05,0.0009084631134792516,0.0009084631134792516
9.079603078372805e-05,9.079603078372805e-05,0.0009079603078372806,0.0009079603078372806
9.074562649822945e-05,9.074562649822945e-05,0.0009074562649822944,0.0009074562649822944
9.069509864428935e-05,9.069509864428935e-05,0.0009069509864428935,0.0009069509864428935
9.064444737514261e-05,9.064444737514261e-05,0.0009064444737514262,0.0009064444737514262
9.05936728443983e-05,9.05936728443983e-05,0.000905936728443983,0.000905936728443983
9.054277520603934e-05,9.054277520603934e-05,0.0009054277520603933,0.0009054277520603933
9.049175461442192e-05,9.049175461442192e-05,0.0009049175461442191,0.0009049175461442191
9.044061122427521e-05,9.044061122427521e-05,0.000904406112242752,0.000904406112242752
9.038934519070071e-05,9.038934519070071e-05,0.0009038934519070072,0.0009038934519070072
9.033795666917191e-05,9.033795666917191e-05,0.0009033795666917191,0.0009033795666917191
9.028644581553374e-05,9.028644581553374e-05,0.0009028644581553373,0.0009028644581553373
9.023481278600212e-05,9.023481278600212e-05,0.0009023481278600212,0.0009023481278600212
9.018305773716351e-05,9.018305773716351e-05,0.000901830577371635,0.000901830577371635
9.01311808259744e-05,9.01311808259744e-05,0.000901311808259744,0.000901311808259744
9.007918220976086e-05,9.007918220976086e-05,0.0009007918220976086,0.0009007918220976086
9.002706204621803e-05,9.002706204621803e-05,0.0009002706204621802,0.0009002706204621802
8.997482049340968e-05,8.997482049340968e-05,0.0008997482049340968,0.0008997482049340968
8.992245770976775e-05,8.992245770976775e-05,0.0008992245770976775,0.0008992245770976775
8.986997385409179e-05,8.986997385409179e-05,0.0008986997385409177,0.0008986997385409177
8.98173690855485e-05,8.98173690855485e-05,0.000898173690855485,0.000898173690855485
8.976464356367134e-05,8.976464356367134e-05,0.0008976464356367133,0.0008976464356367133
8.971179744835989e-05,8.971179744835989e-05,0.0008971179744835989,0.0008971179744835989
8.965883089987957e-05,8.965883089987957e-05,0.0008965883089987957,0.0008965883089987957
8.960574407886091e-05,8.960574407886091e-05,0.0008960574407886091,0.0008960574407886091
8.955253714629928e-05,8.955253714629928e-05,0.0008955253714629927,0.0008955253714629927
8.949921026355424e-05,8.949921026355424e-05,0.0008949921026355423,0.0008949921026355423
8.944576359234918e-05,8.944576359234918e-05,0.0008944576359234917,0.0008944576359234917
8.939219729477073e-05,8.939219729477073e-05,0.0008939219729477073,0.0008939219729477073
8.933851153326833e-05,8.933851153326833e-05,0.0008933851153326833,0.0008933851153326833
8.92847064706537e-05,8.92847064706537e-05,0.000892847064706537,0.000892847064706537
8.923078227010038e-05,8.923078227010038e-05,0.0008923078227010037,0.0008923078227010037
8.917673909514322e-05,8.917673909514322e-05,0.0008917673909514322,0.0008917673909514322
8.912257710967783e-05,8.912257710967783e-05,0.0008912257710967783,0.0008912257710967783
8.90682964779602e-05,8.90682964779602e-05,0.000890682964779602,0.000890682964779602
8.901389736460611e-05,8.901389736460611e-05,0.0008901389736460611,0.0008901389736460611
8.895937993459067e-05,8.895937993459067e-05,0.0008895937993459066,0.0008895937993459066
8.890474435324776e-05,8.890474435324776e-05,0.0008890474435324775,0.0008890474435324775
8.884999078626961e-05,8.884999078626961e-05,0.0008884999078626961,0.0008884999078626961
8.879511939970629e-05,8.879511939970629e-05,0.0008879511939970628,0.0008879511939970628
8.874013035996514e-05,8.874013035996514e-05,0.0008874013035996513,0.0008874013035996513
8.868502383381027e-05,8.868502383381027e-05,0.0008868502383381027,0.0008868502383381027
8.862979998836221e-05,8.862979998836221e-05,0.0008862979998836221,0.0008862979998836221
8.857445899109715e-05,8.857445899109715e-05,0.0008857445899109715,0.0008857445899109715
8.851900100984664e-05,8.851900100984664e-05,0.0008851900100984663,0.0008851900100984663
8.846342621279697e-05,8.846342621279697e-05,0.0008846342621279697,0.0008846342621279697
8.840773476848871e-05,8.840773476848871e-05,0.0008840773476848871,0.0008840773476848871
8.835192684581621e-05,8.835192684581621e-05,0.0008835192684581621,0.0008835192684581621
8.829600261402699e-05,8.829600261402699e-05,0.00088296002614027,0.00088296002614027
8.823996224272137e-05,8.823996224272137e-05,0.0008823996224272137,0.0008823996224272137
8.818380590185186e-05,8.818380590185186e-05,0.0008818380590185186,0.0008818380590185186
8.812753376172265e-05,8.812753376172265e-05,0.0008812753376172265,0.0008812753376172265
8.807114599298913e-05,8.807114599298913e-05,0.0008807114599298913,0.0008807114599298913
8.801464276665736e-05,8.801464276665736e-05,0.0008801464276665736,0.0008801464276665736
8.795802425408352e-05,8.795802425408352e-05,0.0008795802425408352,0.0008795802425408352
8.790129062697347e-05,8.790129062697347e-05,0.0008790129062697346,0.0008790129062697346
8.78444420573821e-05,8.78444420573821e-05,0.0008784444205738209,0.0008784444205738209
8.778747871771292e-05,8.778747871771292e-05,0.0008778747871771292,0.0008778747871771292
8.773040078071753e-05,8.773040078071753e-05,0.0008773040078071753,0.0008773040078071753
8.767320841949504e-05,8.767320841949504e-05,0.0008767320841949503,0.0008767320841949503
8.761590180749155e-05,8.761590180749155e-05,0.0008761590180749155,0.0008761590180749155
8.755848111849969e-05,8.755848111849969e-05,0.0008755848111849969,0.0008755848111849969
8.750094652665804e-05,8.750094652665804e-05,0.0008750094652665803,0.0008750094652665803
8.744329820645054e-05,8.744329820645054e-05,0.0008744329820645054,0.0008744329820645054
8.738553633270617e-05,8.738553633270617e-05,0.0008738553633270616,0.0008738553633270616
8.732766108059813e-05,8.732766108059813e-05,0.0008732766108059813,0.0008732766108059813
8.726967262564359e-05,8.726967262564359e-05,0.0008726967262564358,0.0008726967262564358
8.721157114370293e-05,8.721157114370293e-05,0.0008721157114370293,0.0008721157114370293
8.715335681097936e-05,8.715335681097936e-05,0.0008715335681097935,0.0008715335681097935
8.709502980401832e-05,8.709502980401832e-05,0.0008709502980401832,0.0008709502980401832
8.703659029970694e-05,8.703659029970694e-05,0.0008703659029970694,0.0008703659029970694
8.697803847527355e-05,8.697803847527355e-05,0.0008697803847527354,0.0008697803847527354
8.691937450828707e-05,8.691937450828707e-05,0.0008691937450828706,0.0008691937450828706
8.686059857665652e-05,8.686059857665652e-05,0.0008686059857665651,0.0008686059857665651
8.680171085863052e-05,8.680171085863052e-05,0.0008680171085863051,0.0008680171085863051
8.674271153279662e-05,8.674271153279662e-05,0.0008674271153279663,0.0008674271153279663
8.668360077808093e-05,8.668360077808093e-05,0.0008668360077808093,0.0008668360077808093
8.662437877374742e-05,8.662437877374742e-05,0.0008662437877374743,0.0008662437877374743
8.656504569939752e-05,8.656504569939752e-05,0.0008656504569939751,0.0008656504569939751
8.650560173496937e-05,8.650560173496937e-05,0.0008650560173496937,0.0008650560173496937
8.644604706073756e-05,8.644604706073756e-05,0.0008644604706073755,0.0008644604706073755
8.63863818573123e-05,8.63863818573123e-05,0.000863863818573123,0.000863863818573123
8.632660630563909e-05,8.632660630563909e-05,0.0008632660630563908,0.0008632660630563908
8.6266720586998e-05,8.6266720586998e-05,0.00086266720586998,0.00086266720586998
8.620672488300328e-05,8.620672488300328e-05,0.0008620672488300327,0.0008620672488300327
8.614661937560268e-05,8.614661937560268e-05,0.0008614661937560268,0.0008614661937560268
8.608640424707696e-05,8.608640424707696e-05,0.0008608640424707697,0.0008608640424707697
8.602607968003935e-05,8.602607968003935e-05,0.0008602607968003935,0.0008602607968003935
8.596564585743492e-05,8.596564585743492e-05,0.0008596564585743493,0.0008596564585743493
8.590510296254013e-05,8.590510296254013e-05,0.0008590510296254013,0.0008590510296254013
8.584445117896218e-05,8.584445117896218e-05,0.0008584445117896218,0.0008584445117896218
8.578369069063854e-05,8.578369069063854e-05,0.0008578369069063853,0.0008578369069063853
8.572282168183628e-05,8.572282168183628e-05,0.0008572282168183628,0.0008572282168183628
8.566184433715165e-05,8.566184433715165e-05,0.0008566184433715165,0.0008566184433715165
8.560075884150941e-05,8.560075884150941e-05,0.0008560075884150941,0.0008560075884150941
8.55395653801623e-05,8.55395653801623e-05,0.000855395653801623,0.000855395653801623
8.547826413869052e-05,8.547826413869052e-05,0.0008547826413869052,0.0008547826413869052
8.54168553030011e-05,8.54168553030011e-05,0.000854168553030011,0.000854168553030011
8.535533905932738e-05,8.535533905932738e-05,0.0008535533905932737,0.0008535533905932737
8.529371559422843e-05,8.529371559422843e-05,0.0008529371559422843,0.0008529371559422843
8.52319850945885e-05,8.52319850945885e-05,0.0008523198509458851,0.0008523198509458851
8.517014774761644e-05,8.517014774761644e-05,0.0008517014774761644,0.0008517014774761644
8.510820374084512e-05,8.510820374084512e-05,0.0008510820374084511,0.0008510820374084511
8.504615326213086e-05,8.504615326213086e-05,0.0008504615326213085,0.0008504615326213085
8.498399649965295e-05,8.498399649965295e-05,0.0008498399649965294,0.0008498399649965294
8.492173364191287e-05,8.492173364191287e-05,0.0008492173364191286,0.0008492173364191286
8.485936487773403e-05,8.485936487773403e-05,0.0008485936487773403,0.0008485936487773403
8.479689039626088e-05,8.479689039626088e-05,0.0008479689039626087,0.0008479689039626087
8.473431038695852e-05,8.473431038695852e-05,0.0008473431038695851,0.0008473431038695851
8.467162503961208e-05,8.467162503961208e-05,0.0008467162503961209,0.0008467162503961209
8.460883454432618e-05,8.460883454432618e-05,0.0008460883454432618,0.0008460883454432618
8.454593909152427e-05,8.454593909152427e-05,0.0008454593909152427,0.0008454593909152427
8.448293887194813e-05,8.448293887194813e-05,0.0008448293887194814,0.0008448293887194814
8.441983407665726e-05,8.441983407665726e-05,0.0008441983407665725,0.0008441983407665725
8.435662489702828e-05,8.435662489702828e-05,0.0008435662489702828,0.0008435662489702828
8.429331152475443e-05,8.429331152475443e-05,0.0008429331152475443,0.0008429331152475443
8.422989415184487e-05,8.422989415184487e-05,0.0008422989415184488,0.0008422989415184488
8.416637297062421e-05,8.416637297062421e-05,0.0008416637297062421,0.0008416637297062421
8.410274817373187e-05,8.410274817373187e-05,0.0008410274817373187,0.0008410274817373187
8.403901995412147e-05,8.403901995412147e-05,0.0008403901995412146,0.0008403901995412146
8.397518850506028e-05,8.397518850506028e-05,0.0008397518850506028,0.0008397518850506028
8.391125402012869e-05,8.391125402012869e-05,0.000839112540201287,0.000839112540201287
8.384721669321952e-05,8.384721669321952e-05,0.0008384721669321952,0.0008384721669321952
8.378307671853747e-05,8.378307671853747e-05,0.0008378307671853746,0.0008378307671853746
8.371883429059855e-05,8.371883429059855e-05,0.0008371883429059854,0.0008371883429059854
8.365448960422948e-05,8.365448960422948e-05,0.0008365448960422948,0.0008365448960422948
8.35900428545671e-05,8.35900428545671e-05,0.0008359004285456709,0.0008359004285456709
8.352549423705776e-05,8.352549423705776e-05,0.0008352549423705775,0.0008352549423705775
8.346084394745676e-05,8.346084394745676e-05,0.0008346084394745677,0.0008346084394745677
8.339609218182774e-05,8.339609218182774e-05,0.0008339609218182773,0.0008339609218182773
8.333123913654206e-05,8.333123913654206e-05,0.0008333123913654205,0.0008333123913654205
8.326628500827826e-05,8.326628500827826e-05,0.0008326628500827827,0.0008326628500827827
8.320122999402142e-05,8.320122999402142e-05,0.0008320122999402142,0.0008320122999402142
8.313607429106257e-05,8.313607429106257e-05,0.0008313607429106257,0.0008313607429106257
8.307081809699808e-05,8.307081809699808e-05,0.0008307081809699809,0.0008307081809699809
8.30054616097291e-05,8.30054616097291e-05,0.000830054616097291,0.000830054616097291
8.294000502746098e-05,8.294000502746098e-05,0.0008294000502746098,0.0008294000502746098
8.287444854870253e-05,8.287444854870253e-05,0.0008287444854870252,0.0008287444854870252
8.280879237226555e-05,8.280879237226555e-05,0.0008280879237226555,0.0008280879237226555
8.274303669726426e-05,8.274303669726426e-05,0.0008274303669726426,0.0008274303669726426
8.267718172311454e-05,8.267718172311454e-05,0.0008267718172311454,0.0008267718172311454
8.261122764953345e-05,8.261122764953345e-05,0.0008261122764953344,0.0008261122764953344
8.254517467653858e-05,8.254517467653858e-05,0.0008254517467653857,0.0008254517467653857
8.247902300444744e-05,8.247902300444744e-05,0.0008247902300444743,0.0008247902300444743
8.24127728338769e-05,8.24127728338769e-05,0.0008241277283387689,0.0008241277283387689
8.23464243657425e-05,8.23464243657425e-05,0.0008234642436574248,0.0008234642436574248
8.22799778012579e-05,8.22799778012579e-05,0.0008227997780125791,0.0008227997780125791
8.22134333419343e-05,8.22134333419343e-05,0.000822134333419343,0.000822134333419343
8.214679118957968e-05,8.214679118957968e-05,0.0008214679118957968,0.0008214679118957968
8.208005154629841e-05,8.208005154629841e-05,0.000820800515462984,0.000820800515462984
8.201321461449043e-05,8.201321461449043e-05,0.0008201321461449042,0.0008201321461449042
8.194628059685077e-05,8.194628059685077e-05,0.0008194628059685076,0.0008194628059685076
8.187924969636887e-05,8.187924969636887e-05,0.0008187924969636887,0.0008187924969636887
8.181212211632799e-05,8.181212211632799e-05,0.00081812122116328,0.00081812122116328
8.174489806030461e-05,8.174489806030461e-05,0.000817448980603046,0.000817448980603046
8.167757773216777e-05,8.167757773216777e-05,0.0008167757773216777,0.0008167757773216777
8.161016133607845e-05,8.161016133607845e-05,0.0008161016133607844,0.0008161016133607844
8.154264907648902e-05,8.154264907648902e-05,0.0008154264907648902,0.0008154264907648902
8.147504115814254e-05,8.147504115814254e-05,0.0008147504115814253,0.0008147504115814253
8.140733778607219e-05,8.140733778607219e-05,0.0008140733778607219,0.0008140733778607219
8.133953916560062e-05,8.133953916560062e-05,0.0008133953916560062,0.0008133953916560062
8.127164550233934e-05,8.127164550233934e-05,0.0008127164550233934,0.0008127164550233934
8.12036570021881e-05,8.12036570021881e-05,0.0008120365700218811,0.0008120365700218811
8.113557387133427e-05,8.113557387133427e-05,0.0008113557387133427,0.0008113557387133427
8.106739631625217e-05,8.106739631625217e-05,0.0008106739631625217,0.0008106739631625217
8.099912454370249e-05,8.099912454370249e-05,0.0008099912454370249,0.0008099912454370249
8.093075876073168e-05,8.093075876073168e-05,0.0008093075876073169,0.0008093075876073169
8.086229917467127e-05,8.086229917467127e-05,0.0008086229917467127,0.0008086229917467127
8.079374599313728e-05,8.079374599313728e-05,0.0008079374599313728,0.0008079374599313728
8.072509942402955e-05,8.072509942402955e-05,0.0008072509942402955,0.0008072509942402955
8.065635967553115e-05,8.065635967553115e-05,0.0008065635967553114,0.0008065635967553114
8.058752695610773e-05,8.058752695610773e-05,0.0008058752695610773,0.0008058752695610773
8.05186014745069e-05,8.05186014745069e-05,0.0008051860147450689,0.0008051860147450689
8.044958343975757e-05,8.044958343975757e-05,0.0008044958343975757,0.0008044958343975757
8.038047306116937e-05,8.038047306116937e-05,0.0008038047306116935,0.0008038047306116935
8.03112705483319e-05,8.03112705483319e-05,0.000803112705483319,0.000803112705483319
8.02419761111143e-05,8.02419761111143e-05,0.000802419761111143,0.000802419761111143
8.017258995966436e-05,8.017258995966436e-05,0.0008017258995966437,0.0008017258995966437
8.010311230440808e-05,8.010311230440808e-05,0.0008010311230440808,0.0008010311230440808
8.003354335604897e-05,8.003354335604897e-05,0.0008003354335604897,0.0008003354335604897
7.996388332556735e-05,7.996388332556735e-05,0.0007996388332556734,0.0007996388332556734
7.98941324242198e-05,7.98941324242198e-05,0.000798941324242198,0.000798941324242198
7.982429086353848e-05,7.982429086353848e-05,0.0007982429086353848,0.0007982429086353848
7.97543588553305e-05,7.97543588553305e-05,0.0007975435885533049,0.0007975435885533049
7.968433661167723e-05,7.968433661167723e-05,0.0007968433661167722,0.0007968433661167722
7.961422434493372e-05,7.961422434493372e-05,0.0007961422434493372,0.0007961422434493372
7.954402226772804e-05,7.954402226772804e-05,0.0007954402226772804,0.0007954402226772804
7.947373059296062e-05,7.947373059296062e-05,0.0007947373059296061,0.0007947373059296061
7.940334953380358e-05,7.940334953380358e-05,0.0007940334953380358,0.0007940334953380358
7.933287930370018e-05,7.933287930370018e-05,0.0007933287930370018,0.0007933287930370018
7.926232011636404e-05,7.926232011636404e-05,0.0007926232011636404,0.0007926232011636404
7.91916721857786e-05,7.91916721857786e-05,0.000791916721857786,0.000791916721857786
7.912093572619644e-05,7.912093572619644e-05,0.0007912093572619643,0.0007912093572619643
7.905011095213855e-05,7.905011095213855e-05,0.0007905011095213854,0.0007905011095213854
7.897919807839382e-05,7.897919807839382e-05,0.0007897919807839382,0.0007897919807839382
7.89081973200183e-05,7.89081973200183e-05,0.0007890819732001831,0.0007890819732001831
7.883710889233455e-05,7.883710889233455e-05,0.0007883710889233455,0.0007883710889233455
7.876593301093104e-05,7.876593301093104e-05,0.0007876593301093103,0.0007876593301093103
7.86946698916614e-05,7.86946698916614e-05,0.000786946698916614,0.000786946698916614
7.862331975064387e-05,7.862331975064387e-05,0.0007862331975064387,0.0007862331975064387
7.855188280426059e-05,7.855188280426059e-05,0.0007855188280426059,0.0007855188280426059
7.848035926915694e-05,7.848035926915694e-05,0.0007848035926915695,0.0007848035926915695
7.840874936224092e-05,7.840874936224092e-05,0.0007840874936224092,0.0007840874936224092
7.833705330068244e-05,7.833705330068244e-05,0.0007833705330068244,0.0007833705330068244
7.826527130191272e-05,7.826527130191272e-05,0.0007826527130191272,0.0007826527130191272
7.819340358362357e-05,7.819340358362357e-05,0.0007819340358362356,0.0007819340358362356
7.812145036376677e-05,7.812145036376677e-05,0.0007812145036376676,0.0007812145036376676
7.804941186055342e-05,7.804941186055342e-05,0.0007804941186055341,0.0007804941186055341
7.797728829245321e-05,7.797728829245321e-05,0.0007797728829245321,0.0007797728829245321
7.790507987819384e-05,7.790507987819384e-05,0.0007790507987819384,0.0007790507987819384
7.783278683676035e-05,7.783278683676035e-05,0.0007783278683676035,0.0007783278683676035
7.776040938739435e-05,7.776040938739435e-05,0.0007776040938739434,0.0007776040938739434
7.76879477495935e-05,7.76879477495935e-05,0.000776879477495935,0.000776879477495935
7.761540214311074e-05,7.761540214311074e-05,0.0007761540214311074,0.0007761540214311074
7.754277278795365e-05,7.754277278795365e-05,0.0007754277278795366,0.0007754277278795366
7.747005990438385e-05,7.747005990438385e-05,0.0007747005990438385,0.0007747005990438385
7.739726371291624e-05,7.739726371291624e-05,0.0007739726371291623,0.0007739726371291623
7.732438443431833e-05,7.732438443431833e-05,0.0007732438443431833,0.0007732438443431833
7.725142228960966e-05,7.725142228960966e-05,0.0007725142228960966,0.0007725142228960966
7.717837750006106e-05,7.717837750006106e-05,0.0007717837750006106,0.0007717837750006106
7.7105250287194e-05,7.7105250287194e-05,0.00077105250287194,0.00077105250287194
7.703204087277988e-05,7.703204087277988e-05,0.0007703204087277988,0.0007703204087277988
7.695874947883945e-05,7.695874947883945e-05,0.0007695874947883945,0.0007695874947883945
7.688537632764203e-05,7.688537632764203e-05,0.0007688537632764203,0.0007688537632764203
7.68119216417049e-05,7.68119216417049e-05,0.0007681192164170489,0.0007681192164170489
7.673838564379258e-05,7.673838564379258e-05,0.0007673838564379258,0.0007673838564379258
7.666476855691627e-05,7.666476855691627e-05,0.0007666476855691626,0.0007666476855691626
7.6591070604333e-05,7.6591070604333e-05,0.0007659107060433299,0.0007659107060433299
7.651729200954504e-05,7.651729200954504e-05,0.0007651729200954505,0.0007651729200954505
7.644343299629928e-05,7.644343299629928e-05,0.0007644343299629927,0.0007644343299629927
7.636949378858646e-05,7.636949378858646e-05,0.0007636949378858647,0.0007636949378858647
7.629547461064054e-05,7.629547461064054e-05,0.0007629547461064053,0.0007629547461064053
7.622137568693797e-05,7.622137568693797e-05,0.0007622137568693796,0.0007622137568693796
7.614719724219705e-05,7.614719724219705e-05,0.0007614719724219705,0.0007614719724219705
7.607293950137729e-05,7.607293950137729e-05,0.0007607293950137728,0.0007607293950137728
7.599860268967863e-05,7.599860268967863e-05,0.0007599860268967863,0.0007599860268967863
7.592418703254082e-05,7.592418703254082e-05,0.0007592418703254082,0.0007592418703254082
7.584969275564273e-05,7.584969275564273e-05,0.0007584969275564273,0.0007584969275564273
7.577512008490166e-05,7.577512008490166e-05,0.0007577512008490166,0.0007577512008490166
7.570046924647265e-05,7.570046924647265e-05,0.0007570046924647264,0.0007570046924647264
7.562574046674777e-05,7.562574046674777e-05,0.0007562574046674777,0.0007562574046674777
7.555093397235552e-05,7.555093397235552e-05,0.0007555093397235552,0.0007555093397235552
7.547604999016002e-05,7.547604999016002e-05,0.0007547604999016002,0.0007547604999016002
7.540108874726047e-05,7.540108874726047e-05,0.0007540108874726046,0.0007540108874726046
7.532605047099024e-05,7.532605047099024e-05,0.0007532605047099024,0.0007532605047099024
7.525093538891646e-05,7.525093538891646e-05,0.0007525093538891646,0.0007525093538891646
7.51757437288391e-05,7.51757437288391e-05,0.0007517574372883911,0.0007517574372883911
7.510047571879042e-05,7.510047571879042e-05,0.0007510047571879042,0.0007510047571879042
7.502513158703416e-05,7.502513158703416e-05,0.0007502513158703417,0.0007502513158703417
7.494971156206501e-05,7.494971156206501e-05,0.00074949711562065,0.00074949711562065
7.487421587260771e-05,7.487421587260771e-05,0.0007487421587260771,0.0007487421587260771
7.479864474761653e-05,7.479864474761653e-05,0.0007479864474761652,0.0007479864474761652
7.472299841627451e-05,7.472299841627451e-05,0.000747229984162745,0.000747229984162745
7.464727710799277e-05,7.464727710799277e-05,0.0007464727710799276,0.0007464727710799276
7.457148105240977e-05,7.457148105240977e-05,0.0007457148105240976,0.0007457148105240976
7.449561047939068e-05,7.449561047939068e-05,0.0007449561047939068,0.0007449561047939068
7.441966561902669e-05,7.441966561902669e-05,0.0007441966561902669,0.0007441966561902669
7.434364670163422e-05,7.434364670163422e-05,0.0007434364670163423,0.0007434364670163423
7.426755395775433e-05,7.426755395775433e-05,0.0007426755395775433,0.0007426755395775433
7.419138761815194e-05,7.419138761815194e-05,0.0007419138761815195,0.0007419138761815195
7.411514791381519e-05,7.411514791381519e-05,0.0007411514791381519,0.0007411514791381519
7.40388350759547e-05,7.40388350759547e-05,0.000740388350759547,0.000740388350759547
7.396244933600285e-05,7.396244933600285e-05,0.0007396244933600284,0.0007396244933600284
7.388599092561315e-05,7.388599092561315e-05,0.0007388599092561315,0.0007388599092561315
7.380946007665949e-05,7.380946007665949e-05,0.0007380946007665948,0.0007380946007665948
7.373285702123542e-05,7.373285702123542e-05,0.0007373285702123542,0.0007373285702123542
7.365618199165352e-05,7.365618199165352e-05,0.0007365618199165351,0.0007365618199165351
7.357943522044456e-05,7.357943522044456e-05,0.0007357943522044455,0.0007357943522044455
7.350261694035696e-05,7.350261694035696e-05,0.0007350261694035696,0.0007350261694035696
7.342572738435596e-05,7.342572738435596e-05,0.0007342572738435597,0.0007342572738435597
7.3348766785623e-05,7.3348766785623e-05,0.0007334876678562299,0.0007334876678562299
7.327173537755487e-05,7.327173537755487e-05,0.0007327173537755487,0.0007327173537755487
7.319463339376325e-05,7.319463339376325e-05,0.0007319463339376325,0.0007319463339376325
7.31174610680737e-05,7.31174610680737e-05,0.0007311746106807371,0.0007311746106807371
7.304021863452524e-05,7.304021863452524e-05,0.0007304021863452525,0.0007304021863452525
7.296290632736942e-05,7.296290632736942e-05,0.0007296290632736942,0.0007296290632736942
7.288552438106973e-05,7.288552438106973e-05,0.0007288552438106973,0.0007288552438106973
7.28080730303008e-05,7.28080730303008e-05,0.000728080730303008,0.000728080730303008
7.273055250994784e-05,7.273055250994784e-05,0.0007273055250994785,0.0007273055250994785
7.265296305510572e-05,7.265296305510572e-05,0.0007265296305510573,0.0007265296305510573
7.257530490107847e-05,7.257530490107847e-05,0.0007257530490107847,0.0007257530490107847
7.249757828337837e-05,7.249757828337837e-05,0.0007249757828337838,0.0007249757828337838
7.241978343772538e-05,7.241978343772538e-05,0.0007241978343772537,0.0007241978343772537
7.234192060004637e-05,7.234192060004637e-05,0.0007234192060004636,0.0007234192060004636
7.226399000647439e-05,7.226399000647439e-05,0.0007226399000647439,0.0007226399000647439
7.218599189334799e-05,7.218599189334799e-05,0.0007218599189334799,0.0007218599189334799
7.210792649721047e-05,7.210792649721047e-05,0.0007210792649721047,0.0007210792649721047
7.202979405480921e-05,7.202979405480921e-05,0.000720297940548092,0.000720297940548092
7.195159480309487e-05,7.195159480309487e-05,0.0007195159480309487,0.0007195159480309487
7.187332897922076e-05,7.187332897922076e-05,0.0007187332897922075,0.0007187332897922075
7.179499682054205e-05,7.179499682054205e-05,0.0007179499682054205,0.0007179499682054205
7.171659856461513e-05,7.171659856461513e-05,0.0007171659856461513,0.0007171659856461513
7.163813444919678e-05,7.163813444919678e-05,0.0007163813444919678,0.0007163813444919678
7.155960471224359e-05,7.155960471224359e-05,0.0007155960471224358,0.0007155960471224358
7.148100959191105e-05,7.148100959191105e-05,0.0007148100959191105,0.0007148100959191105
7.140234932655307e-05,7.140234932655307e-05,0.0007140234932655306,0.0007140234932655306
7.1323624154721e-05,7.1323624154721e-05,0.0007132362415472099,0.0007132362415472099
7.124483431516308e-05,7.124483431516308e-05,0.0007124483431516309,0.0007124483431516309
7.116598004682374e-05,7.116598004682374e-05,0.0007116598004682373,0.0007116598004682373
7.108706158884265e-05,7.108706158884265e-05,0.0007108706158884265,0.0007108706158884265
7.100807918055428e-05,7.100807918055428e-05,0.0007100807918055428,0.0007100807918055428
7.092903306148698e-05,7.092903306148698e-05,0.0007092903306148697,0.0007092903306148697
7.084992347136229e-05,7.084992347136229e-05,0.0007084992347136229,0.0007084992347136229
7.077075065009433e-05,7.077075065009433e-05,0.0007077075065009433,0.0007077075065009433
7.069151483778889e-05,7.069151483778889e-05,0.0007069151483778889,0.0007069151483778889
7.06122162747428e-05,7.06122162747428e-05,0.0007061221627474281,0.0007061221627474281
7.053285520144327e-05,7.053285520144327e-05,0.0007053285520144327,0.0007053285520144327
7.045343185856701e-05,7.045343185856701e-05,0.00070453431858567,0.00070453431858567
7.037394648697957e-05,7.037394648697957e-05,0.0007037394648697956,0.0007037394648697956
7.029439932773464e-05,7.029439932773464e-05,0.0007029439932773465,0.0007029439932773465
7.021479062207332e-05,7.021479062207332e-05,0.0007021479062207332,0.0007021479062207332
7.01351206114233e-05,7.01351206114233e-05,0.0007013512061142331,0.0007013512061142331
7.005538953739825e-05,7.005538953739825e-05,0.0007005538953739824,0.0007005538953739824
6.997559764179694e-05,6.997559764179694e-05,0.0006997559764179694,0.0006997559764179694
6.98957451666027e-05,6.98957451666027e-05,0.000698957451666027,0.000698957451666027
6.98158323539825e-05,6.98158323539825e-05,0.000698158323539825,0.000698158323539825
6.973585944628634e-05,6.973585944628634e-05,0.0006973585944628633,0.0006973585944628633
6.965582668604638e-05,6.965582668604638e-05,0.0006965582668604639,0.0006965582668604639
6.957573431597646e-05,6.957573431597646e-05,0.0006957573431597646,0.0006957573431597646
6.949558257897102e-05,6.949558257897102e-05,0.0006949558257897102,0.0006949558257897102
6.941537171810466e-05,6.941537171810466e-05,0.0006941537171810466,0.0006941537171810466
6.933510197663124e-05,6.933510197663124e-05,0.0006933510197663123,0.0006933510197663123
6.925477359798317e-05,6.925477359798317e-05,0.0006925477359798317,0.0006925477359798317
6.917438682577071e-05,6.917438682577071e-05,0.0006917438682577071,0.0006917438682577071
6.909394190378122e-05,6.909394190378122e-05,0.0006909394190378122,0.0006909394190378122
6.90134390759784e-05,6.90134390759784e-05,0.000690134390759784,0.000690134390759784
6.893287858650155e-05,6.893287858650155e-05,0.0006893287858650154,0.0006893287858650154
6.885226067966484e-05,6.885226067966484e-05,0.0006885226067966483,0.0006885226067966483
6.877158559995657e-05,6.877158559995657e-05,0.0006877158559995657,0.0006877158559995657
6.869085359203844e-05,6.869085359203844e-05,0.0006869085359203844,0.0006869085359203844
6.861006490074478e-05,6.861006490074478e-05,0.0006861006490074479,0.0006861006490074479
6.852921977108183e-05,6.852921977108183e-05,0.0006852921977108183,0.0006852921977108183
6.8448318448227e-05,6.8448318448227e-05,0.00068448318448227,0.00068448318448227
6.836736117752809e-05,6.836736117752809e-05,0.0006836736117752809,0.0006836736117752809
6.828634820450259e-05,6.828634820450259e-05,0.0006828634820450258,0.0006828634820450258
6.820527977483689e-05,6.820527977483689e-05,0.0006820527977483688,0.0006820527977483688
6.81241561343856e-05,6.81241561343856e-05,0.0006812415613438559,0.0006812415613438559
6.804297752917077e-05,6.804297752917077e-05,0.0006804297752917077,0.0006804297752917077
6.796174420538111e-05,6.796174420538111e-05,0.0006796174420538112,0.0006796174420538112
6.788045640937128e-05,6.788045640937128e-05,0.0006788045640937128,0.0006788045640937128
6.779911438766116e-05,6.779911438766116e-05,0.0006779911438766117,0.0006779911438766117
6.771771838693507e-05,6.771771838693507e-05,0.0006771771838693506,0.0006771771838693506
6.763626865404096e-05,6.763626865404096e-05,0.0006763626865404097,0.0006763626865404097
6.755476543598987e-05,6.755476543598987e-05,0.0006755476543598986,0.0006755476543598986
6.747320897995493e-05,6.747320897995493e-05,0.0006747320897995492,0.0006747320897995492
6.739159953327077e-05,6.739159953327077e-05,0.0006739159953327076,0.0006739159953327076
6.73099373434327e-05,6.73099373434327e-05,0.000673099373434327,0.000673099373434327
6.722822265809605e-05,6.722822265809605e-05,0.0006722822265809605,0.0006722822265809605
6.714645572507524e-05,6.714645572507524e-05,0.0006714645572507524,0.0006714645572507524
6.706463679234326e-05,6.706463679234326e-05,0.0006706463679234325,0.0006706463679234325
6.69827661080307e-05,6.69827661080307e-05,0.0006698276610803069,0.0006698276610803069
6.690084392042513e-05,6.690084392042513e-05,0.0006690084392042513,0.0006690084392042513
6.681887047797037e-05,6.681887047797037e-05,0.0006681887047797037,0.0006681887047797037
6.673684602926558e-05,6.673684602926558e-05,0.0006673684602926559,0.0006673684602926559
6.665477082306468e-05,6.665477082306468e-05,0.0006665477082306468,0.0006665477082306468
6.657264510827549e-05,6.657264510827549e-05,0.0006657264510827549,0.0006657264510827549
6.6490469133959e-05,6.6490469133959e-05,0.00066490469133959,0.00066490469133959
6.640824314932867e-05,6.640824314932867e-05,0.0006640824314932866,0.0006640824314932866
6.632596740374953e-05,6.632596740374953e-05,0.0006632596740374952,0.0006632596740374952
6.624364214673762e-05,6.624364214673762e-05,0.0006624364214673763,0.0006624364214673763
6.61612676279591e-05,6.61612676279591e-05,0.000661612676279591,0.000661612676279591
6.607884409722948e-05,6.607884409722948e-05,0.0006607884409722947,0.0006607884409722947
6.599637180451294e-05,6.599637180451294e-05,0.0006599637180451295,0.0006599637180451295
6.59138509999216e-05,6.59138509999216e-05,0.000659138509999216,0.000659138509999216
6.583128193371459e-05,6.583128193371459e-05,0.000658312819337146,0.000658312819337146
6.574866485629747e-05,6.574866485629747e-05,0.0006574866485629747,0.0006574866485629747
6.566600001822139e-05,6.566600001822139e-05,0.0006566600001822138,0.0006566600001822138
6.558328767018234e-05,6.558328767018234e-05,0.0006558328767018233,0.0006558328767018233
6.550052806302039e-05,6.550052806302039e-05,0.0006550052806302038,0.0006550052806302038
6.541772144771892e-05,6.541772144771892e-05,0.0006541772144771893,0.0006541772144771893
6.533486807540393e-05,6.533486807540393e-05,0.0006533486807540393,0.0006533486807540393
6.525196819734314e-05,6.525196819734314e-05,0.0006525196819734313,0.0006525196819734313
6.516902206494536e-05,6.516902206494536e-05,0.0006516902206494535,0.0006516902206494535
6.508602992975963e-05,6.508602992975963e-05,0.0006508602992975963,0.0006508602992975963
6.500299204347453e-05,6.500299204347453e-05,0.0006500299204347453,0.0006500299204347453
6.491990865791743e-05,6.491990865791743e-05,0.0006491990865791742,0.0006491990865791742
6.48367800250536e-05,6.48367800250536e-05,0.000648367800250536,0.000648367800250536
6.475360639698557e-05,6.475360639698557e-05,0.0006475360639698558,0.0006475360639698558
6.467038802595237e-05,6.467038802595237e-05,0.0006467038802595237,0.0006467038802595237
6.458712516432865e-05,6.458712516432865e-05,0.0006458712516432864,0.0006458712516432864
6.4503818064624e-05,6.4503818064624e-05,0.00064503818064624,0.00064503818064624
6.442046697948219e-05,6.442046697948219e-05,0.0006442046697948219,0.0006442046697948219
6.433707216168042e-05,6.433707216168042e-05,0.0006433707216168041,0.0006433707216168041
6.425363386412843e-05,6.425363386412843e-05,0.0006425363386412843,0.0006425363386412843
6.417015233986786e-05,6.417015233986786e-05,0.0006417015233986786,0.0006417015233986786
6.408662784207149e-05,6.408662784207149e-05,0.0006408662784207149,0.0006408662784207149
6.400306062404236e-05,6.400306062404236e-05,0.0006400306062404235,0.0006400306062404235
6.391945093921309e-05,6.391945093921309e-05,0.0006391945093921308,0.0006391945093921308
6.38357990411451e-05,6.38357990411451e-05,0.000638357990411451,0.000638357990411451
6.375210518352779e-05,6.375210518352779e-05,0.0006375210518352779,0.0006375210518352779
6.366836962017788e-05,6.366836962017788e-05,0.0006366836962017787,0.0006366836962017787
6.358459260503848e-05,6.358459260503848e-05,0.0006358459260503848,0.0006358459260503848
6.35007743921785e-05,6.35007743921785e-05,0.000635007743921785,0.000635007743921785
6.341691523579171e-05,6.341691523579171e-05,0.0006341691523579172,0.0006341691523579172
6.333301539019613e-05,6.333301539019613e-05,0.0006333301539019613,0.0006333301539019613
6.32490751098331e-05,6.32490751098331e-05,0.000632490751098331,0.000632490751098331
6.316509464926661e-05,6.316509464926661e-05,0.0006316509464926661,0.0006316509464926661
6.308107426318253e-05,6.308107426318253e-05,0.0006308107426318254,0.0006308107426318254
6.299701420638782e-05,6.299701420638782e-05,0.0006299701420638781,0.0006299701420638781
6.291291473380969e-05,6.291291473380969e-05,0.0006291291473380969,0.0006291291473380969
6.282877610049491e-05,6.282877610049491e-05,0.0006282877610049491,0.0006282877610049491
6.274459856160903e-05,6.274459856160903e-05,0.0006274459856160904,0.0006274459856160904
6.266038237243561e-05,6.266038237243561e-05,0.0006266038237243561,0.0006266038237243561
6.257612778837535e-05,6.257612778837535e-05,0.0006257612778837535,0.0006257612778837535
6.249183506494544e-05,6.249183506494544e-05,0.0006249183506494544,0.0006249183506494544
6.240750445777873e-05,6.240750445777873e-05,0.0006240750445777873,0.0006240750445777873
6.232313622262296e-05,6.232313622262296e-05,0.0006232313622262297,0.0006232313622262297
6.223873061533998e-05,6.223873061533998e-05,0.0006223873061533998,0.0006223873061533998
6.215428789190498e-05,6.215428789190498e-05,0.0006215428789190497,0.0006215428789190497
6.206980830840567e-05,6.206980830840567e-05,0.0006206980830840567,0.0006206980830840567
6.198529212104164e-05,6.198529212104164e-05,0.0006198529212104164,0.0006198529212104164
6.19007395861234e-05,6.19007395861234e-05,0.0006190073958612339,0.0006190073958612339
6.181615096007172e-05,6.181615096007172e-05,0.0006181615096007172,0.0006181615096007172
6.173152649941683e-05,6.173152649941683e-05,0.0006173152649941682,0.0006173152649941682
6.164686646079763e-05,6.164686646079763e-05,0.0006164686646079762,0.0006164686646079762
6.156217110096089e-05,6.156217110096089e-05,0.0006156217110096088,0.0006156217110096088
6.147744067676057e-05,6.147744067676057e-05,0.0006147744067676056,0.0006147744067676056
6.139267544515689e-05,6.139267544515689e-05,0.0006139267544515689,0.0006139267544515689
6.130787566321567e-05,6.130787566321567e-05,0.0006130787566321568,0.0006130787566321568
6.12230415881075e-05,6.12230415881075e-05,0.000612230415881075,0.000612230415881075
6.113817347710697e-05,6.113817347710697e-05,0.0006113817347710698,0.0006113817347710698
6.10532715875919e-05,6.10532715875919e-05,0.0006105327158759191,0.0006105327158759191
6.096833617704254e-05,6.096833617704254e-05,0.0006096833617704254,0.0006096833617704254
6.0883367503040775e-05,6.0883367503040775e-05,0.0006088336750304078,0.0006088336750304078
6.079836582326945e-05,6.079836582326945e-05,0.0006079836582326946,0.0006079836582326946
6.071333139551141e-05,6.071333139551141e-05,0.000607133313955114,0.000607133313955114
6.062826447764883e-05,6.062826447764883e-05,0.0006062826447764884,0.0006062826447764884
6.054316532766249e-05,6.054316532766249e-05,0.0006054316532766249,0.0006054316532766249
6.045803420363084e-05,6.045803420363084e-05,0.0006045803420363084,0.0006045803420363084
6.0372871363729344e-05,6.0372871363729344e-05,0.0006037287136372935,0.0006037287136372935
6.02876770662296e-05,6.02876770662296e-05,0.0006028767706622959,0.0006028767706622959
6.0202451569498676e-05,6.0202451569498676e-05,0.0006020245156949868,0.0006020245156949868
6.011719513199821e-05,6.011719513199821e-05,0.000601171951319982,0.000601171951319982
6.0031908012283664e-05,6.0031908012283664e-05,0.0006003190801228366,0.0006003190801228366
5.994659046900357e-05,5.994659046900357e-05,0.0005994659046900356,0.0005994659046900356
5.9861242760898774e-05,5.9861242760898774e-05,0.0005986124276089877,0.0005986124276089877
5.9775865146801505e-05,5.9775865146801505e-05,0.000597758651468015,0.000597758651468015
5.9690457885634756e-05,5.9690457885634756e-05,0.0005969045788563475,0.0005969045788563475
5.960502123641138e-05,5.960502123641138e-05,0.0005960502123641138,0.0005960502123641138
5.951955545823342e-05,5.951955545823342e-05,0.0005951955545823342,0.0005951955545823342
5.943406081029122e-05,5.943406081029122e-05,0.0005943406081029122,0.0005943406081029122
5.934853755186264e-05,5.934853755186264e-05,0.0005934853755186263,0.0005934853755186263
5.9262985942312374e-05,5.9262985942312374e-05,0.0005926298594231237,0.0005926298594231237
5.917740624109107e-05,5.917740624109107e-05,0.0005917740624109107,0.0005917740624109107
5.909179870773457e-05,5.909179870773457e-05,0.0005909179870773457,0.0005909179870773457
5.9006163601863086e-05,5.9006163601863086e-05,0.0005900616360186308,0.0005900616360186308
5.8920501183180486e-05,5.8920501183180486e-05,0.0005892050118318048,0.0005892050118318048
5.88348117114735e-05,5.88348117114735e-05,0.000588348117114735,0.000588348117114735
5.8749095446610836e-05,5.8749095446610836e-05,0.0005874909544661083,0.0005874909544661083
5.866335264854248e-05,5.866335264854248e-05,0.0005866335264854247,0.0005866335264854247
5.8577583577298924e-05,5.8577583577298924e-05,0.0005857758357729892,0.0005857758357729892
5.849178849299026e-05,5.849178849299026e-05,0.0005849178849299026,0.0005849178849299026
5.840596765580555e-05,5.840596765580555e-05,0.0005840596765580555,0.0005840596765580555
5.832012132601188e-05,5.832012132601188e-05,0.0005832012132601188,0.0005832012132601188
5.823424976395373e-05,5.823424976395373e-05,0.0005823424976395372,0.0005823424976395372
5.814835323005203e-05,5.814835323005203e-05,0.0005814835323005203,0.0005814835323005203
5.806243198480348e-05,5.806243198480348e-05,0.0005806243198480347,0.0005806243198480347
5.7976486288779706e-05,5.7976486288779706e-05,0.0005797648628877971,0.0005797648628877971
5.789051640262648e-05,5.789051640262648e-05,0.0005789051640262648,0.0005789051640262648
5.780452258706299e-05,5.780452258706299e-05,0.0005780452258706299,0.0005780452258706299
5.7718505102880906e-05,5.7718505102880906e-05,0.000577185051028809,0.000577185051028809
5.7632464210943726e-05,5.7632464210943726e-05,0.0005763246421094373,0.0005763246421094373
5.754640017218596e-05,5.754640017218596e-05,0.0005754640017218596,0.0005754640017218596
5.746031324761225e-05,5.746031324761225e-05,0.0005746031324761225,0.0005746031324761225
5.737420369829669e-05,5.737420369829669e-05,0.000573742036982967,0.000573742036982967
5.728807178538199e-05,5.728807178538199e-05,0.0005728807178538199,0.0005728807178538199
5.7201917770078674e-05,5.7201917770078674e-05,0.0005720191777007867,0.0005720191777007867
5.7115741913664264e-05,5.7115741913664264e-05,0.0005711574191366427,0.0005711574191366427
5.702954447748256e-05,5.702954447748256e-05,0.0005702954447748257,0.0005702954447748257
5.69433257229428e-05,5.69433257229428e-05,0.0005694332572294279,0.0005694332572294279
5.685708591151885e-05,5.685708591151885e-05,0.0005685708591151885,0.0005685708591151885
5.677082530474845e-05,5.677082530474845e-05,0.0005677082530474845,0.0005677082530474845
5.668454416423242e-05,5.668454416423242e-05,0.0005668454416423242,0.0005668454416423242
5.659824275163385e-05,5.659824275163385e-05,0.0005659824275163384,0.0005659824275163384
5.6511921328677265e-05,5.6511921328677265e-05,0.0005651192132867727,0.0005651192132867727
5.642558015714792e-05,5.642558015714792e-05,0.0005642558015714792,0.0005642558015714792
5.633921949889095e-05,5.633921949889095e-05,0.0005633921949889095,0.0005633921949889095
5.625283961581058e-05,5.625283961581058e-05,0.0005625283961581059,0.0005625283961581059
5.6166440769869365e-05,5.6166440769869365e-05,0.0005616644076986936,0.0005616644076986936
5.608002322308731e-05,5.608002322308731e-05,0.0005608002322308731,0.0005608002322308731
5.59935872375412e-05,5.59935872375412e-05,0.0005599358723754119,0.0005599358723754119
5.5907133075363695e-05,5.5907133075363695e-05,0.0005590713307536369,0.0005590713307536369
5.582066099874259e-05,5.582066099874259e-05,0.0005582066099874259,0.0005582066099874259
5.573417126992003e-05,5.573417126992003e-05,0.0005573417126992003,0.0005573417126992003
5.564766415119165e-05,5.564766415119165e-05,0.0005564766415119165,0.0005564766415119165
5.556113990490587e-05,5.556113990490587e-05,0.0005556113990490587,0.0005556113990490587
5.547459879346302e-05,5.547459879346302e-05,0.0005547459879346302,0.0005547459879346302
5.538804107931457e-05,5.538804107931457e-05,0.0005538804107931457,0.0005538804107931457
5.5301467024962395e-05,5.5301467024962395e-05,0.0005530146702496239,0.0005530146702496239
5.521487689295787e-05,5.521487689295787e-05,0.0005521487689295787,0.0005521487689295787
5.512827094590113e-05,5.512827094590113e-05,0.0005512827094590112,0.0005512827094590112
5.50416494464403e-05,5.50416494464403e-05,0.000550416494464403,0.000550416494464403
5.495501265727066e-05,5.495501265727066e-05,0.0005495501265727066,0.0005495501265727066
5.486836084113387e-05,5.486836084113387e-05,0.0005486836084113387,0.0005486836084113387
5.478169426081712e-05,5.478169426081712e-05,0.0005478169426081711,0.0005478169426081711
5.469501317915242e-05,5.469501317915242e-05,0.0005469501317915242,0.0005469501317915242
5.460831785901574e-05,5.460831785901574e-05,0.0005460831785901575,0.0005460831785901575
5.4521608563326246e-05,5.4521608563326246e-05,0.0005452160856332624,0.0005452160856332624
5.4434885555045446e-05,5.4434885555045446e-05,0.0005443488555504544,0.0005443488555504544
5.434814909717648e-05,5.434814909717648e-05,0.0005434814909717648,0.0005434814909717648
5.426139945276326e-05,5.426139945276326e-05,0.0005426139945276326,0.0005426139945276326
5.417463688488968e-05,5.417463688488968e-05,0.0005417463688488968,0.0005417463688488968
5.408786165667884e-05,5.408786165667884e-05,0.0005408786165667884,0.0005408786165667884
5.400107403129222e-05,5.400107403129222e-05,0.0005400107403129222,0.0005400107403129222
5.391427427192891e-05,5.391427427192891e-05,0.0005391427427192891,0.0005391427427192891
5.38274626418248e-05,5.38274626418248e-05,0.0005382746264182479,0.0005382746264182479
5.3740639404251744e-05,5.3740639404251744e-05,0.0005374063940425174,0.0005374063940425174
5.365380482251685e-05,5.365380482251685e-05,0.0005365380482251685,0.0005365380482251685
5.3566959159961615e-05,5.3566959159961615e-05,0.0005356695915996161,0.0005356695915996161
5.348010267996113e-05,5.348010267996113e-05,0.0005348010267996113,0.0005348010267996113
5.339323564592327e-05,5.339323564592327e-05,0.0005339323564592327,0.0005339323564592327
5.3306358321287966e-05,5.3306358321287966e-05,0.0005330635832128796,0.0005330635832128796
5.321947096952633e-05,5.321947096952633e-05,0.0005321947096952633,0.0005321947096952633
5.313257385413986e-05,5.313257385413986e-05,0.0005313257385413985,0.0005313257385413985
5.3045667238659714e-05,5.3045667238659714e-05,0.0005304566723865971,0.0005304566723865971
5.295875138664583e-05,5.295875138664583e-05,0.0005295875138664583,0.0005295875138664583
5.287182656168618e-05,5.287182656168618e-05,0.0005287182656168618,0.0005287182656168618
5.2784893027395876e-05,5.2784893027395876e-05,0.0005278489302739587,0.0005278489302739587
5.269795104741656e-05,5.269795104741656e-05,0.0005269795104741656,0.0005269795104741656
5.2611000885415386e-05,5.2611000885415386e-05,0.0005261100088541538,0.0005261100088541538
5.252404280508438e-05,5.252404280508438e-05,0.0005252404280508439,0.0005252404280508439
5.243707707013956e-05,5.243707707013956e-05,0.0005243707707013956,0.0005243707707013956
5.2350103944320164e-05,5.2350103944320164e-05,0.0005235010394432016,0.0005235010394432016
5.226312369138782e-05,5.226312369138782e-05,0.0005226312369138781,0.0005226312369138781
5.217613657512581e-05,5.217613657512581e-05,0.0005217613657512581,0.0005217613657512581
5.208914285933819e-05,5.208914285933819e-05,0.0005208914285933819,0.0005208914285933819
5.2002142807849084e-05,5.2002142807849084e-05,0.0005200214280784908,0.0005200214280784908
5.191513668450178e-05,5.191513668450178e-05,0.0005191513668450177,0.0005191513668450177
5.182812475315798e-05,5.182812475315798e-05,0.0005182812475315798,0.0005182812475315798
5.1741107277697045e-05,5.1741107277697045e-05,0.0005174110727769704,0.0005174110727769704
5.16540845220151e-05,5.16540845220151e-05,0.000516540845220151,0.000516540845220151
5.156705675002431e-05,5.156705675002431e-05,0.0005156705675002431,0.0005156705675002431
5.148002422565207e-05,5.148002422565207e-05,0.0005148002422565207,0.0005148002422565207
5.139298721284013e-05,5.139298721284013e-05,0.0005139298721284013,0.0005139298721284013
5.1305945975543915e-05,5.1305945975543915e-05,0.0005130594597554391,0.0005130594597554391
5.121890077773162e-05,5.121890077773162e-05,0.0005121890077773161,0.0005121890077773161
5.113185188338345e-05,5.113185188338345e-05,0.0005113185188338345,0.0005113185188338345
5.1044799556490875e-05,5.1044799556490875e-05,0.0005104479955649088,0.0005104479955649088
5.095774406105571e-05,5.095774406105571e-05,0.0005095774406105571,0.0005095774406105571
5.0870685661089415e-05,5.0870685661089415e-05,0.0005087068566108941,0.0005087068566108941
5.0783624620612216e-05,5.0783624620612216e-05,0.0005078362462061221,0.0005078362462061221
5.06965612036524e-05,5.06965612036524e-05,0.0005069656120365241,0.0005069656120365241
5.060949567424545e-05,5.060949567424545e-05,0.0005060949567424546,0.0005060949567424546
5.052242829643323e-05,5.052242829643323e-05,0.0005052242829643323,0.0005052242829643323
5.043535933426323e-05,5.043535933426323e-05,0.0005043535933426323,0.0005043535933426323
5.0348289051787754e-05,5.0348289051787754e-05,0.0005034828905178775,0.0005034828905178775
5.026121771306307e-05,5.026121771306307e-05,0.0005026121771306306,0.0005026121771306306
5.017414558214869e-05,5.017414558214869e-05,0.0005017414558214869,0.0005017414558214869
5.0087072923106494e-05,5.0087072923106494e-05,0.0005008707292310649,0.0005008707292310649
5e-05,5e-05,0.0005,0.0005
4.9912927076893504e-05,4.9912927076893504e-05,0.000499129270768935,0.000499129270768935
4.982585441785133e-05,4.982585441785133e-05,0.0004982585441785132,0.0004982585441785132
4.973878228693693e-05,4.973878228693693e-05,0.0004973878228693693,0.0004973878228693693
4.965171094821226e-05,4.965171094821226e-05,0.0004965171094821226,0.0004965171094821226
4.9564640665736766e-05,4.9564640665736766e-05,0.0004956464066573677,0.0004956464066573677
4.947757170356677e-05,4.947757170356677e-05,0.0004947757170356677,0.0004947757170356677
4.939050432575455e-05,4.939050432575455e-05,0.0004939050432575454,0.0004939050432575454
4.930343879634762e-05,4.930343879634762e-05,0.0004930343879634762,0.0004930343879634762
4.92163753793878e-05,4.92163753793878e-05,0.000492163753793878,0.000492163753793878
4.912931433891062e-05,4.912931433891062e-05,0.0004912931433891061,0.0004912931433891061
4.9042255938944296e-05,4.9042255938944296e-05,0.000490422559389443,0.000490422559389443
4.895520044350914e-05,4.895520044350914e-05,0.0004895520044350914,0.0004895520044350914
4.8868148116616554e-05,4.8868148116616554e-05,0.0004886814811661655,0.0004886814811661655
4.878109922226838e-05,4.878109922226838e-05,0.00048781099222268377,0.00048781099222268377
4.86940540244561e-05,4.86940540244561e-05,0.00048694054024456094,0.00048694054024456094
4.860701278715987e-05,4.860701278715987e-05,0.0004860701278715987,0.0004860701278715987
4.851997577434794e-05,4.851997577434794e-05,0.0004851997577434794,0.0004851997577434794
4.8432943249975685e-05,4.8432943249975685e-05,0.00048432943249975685,0.00048432943249975685
4.834591547798492e-05,4.834591547798492e-05,0.0004834591547798492,0.0004834591547798492
4.825889272230297e-05,4.825889272230297e-05,0.00048258892722302974,0.00048258892722302974
4.8171875246842033e-05,4.8171875246842033e-05,0.0004817187524684203,0.0004817187524684203
4.8084863315498234e-05,4.8084863315498234e-05,0.00048084863315498236,0.00048084863315498236
4.7997857192150934e-05,4.7997857192150934e-05,0.00047997857192150933,0.00047997857192150933
4.791085714066181e-05,4.791085714066181e-05,0.0004791085714066181,0.0004791085714066181
4.78238634248742e-05,4.78238634248742e-05,0.000478238634248742,0.000478238634248742
4.773687630861219e-05,4.773687630861219e-05,0.0004773687630861219,0.0004773687630861219
4.764989605567984e-05,4.764989605567984e-05,0.00047649896055679844,0.00047649896055679844
4.756292292986045e-05,4.756292292986045e-05,0.00047562922929860445,0.00047562922929860445
4.747595719491561e-05,4.747595719491561e-05,0.0004747595719491561,0.0004747595719491561
4.738899911458462e-05,4.738899911458462e-05,0.0004738899911458462,0.0004738899911458462
4.730204895258345e-05,4.730204895258345e-05,0.00047302048952583447,0.00047302048952583447
4.721510697260413e-05,4.721510697260413e-05,0.00047215106972604127,0.00047215106972604127
4.712817343831384e-05,4.712817343831384e-05,0.0004712817343831384,0.0004712817343831384
4.7041248613354186e-05,4.7041248613354186e-05,0.0004704124861335418,0.0004704124861335418
4.695433276134029e-05,4.695433276134029e-05,0.0004695433276134029,0.0004695433276134029
4.6867426145860147e-05,4.6867426145860147e-05,0.0004686742614586015,0.0004686742614586015
4.678052903047369e-05,4.678052903047369e-05,0.00046780529030473686,0.00046780529030473686
4.669364167871203e-05,4.669364167871203e-05,0.00046693641678712027,0.00046693641678712027
4.660676435407674e-05,4.660676435407674e-05,0.00046606764354076736,0.00046606764354076736
4.651989732003888e-05,4.651989732003888e-05,0.00046519897320038877,0.00046519897320038877
4.643304084003839e-05,4.643304084003839e-05,0.00046433040840038387,0.00046433040840038387
4.634619517748315e-05,4.634619517748315e-05,0.00046346195177483145,0.00046346195177483145
4.625936059574828e-05,4.625936059574828e-05,0.0004625936059574828,0.0004625936059574828
4.6172537358175214e-05,4.6172537358175214e-05,0.00046172537358175214,0.00046172537358175214
4.6085725728071114e-05,4.6085725728071114e-05,0.0004608572572807111,0.0004608572572807111
4.599892596870779e-05,4.599892596870779e-05,0.0004599892596870779,0.0004599892596870779
4.591213834332117e-05,4.591213834332117e-05,0.00045912138343321167,0.00045912138343321167
4.582536311511032e-05,4.582536311511032e-05,0.0004582536311511032,0.0004582536311511032
4.573860054723673e-05,4.573860054723673e-05,0.0004573860054723673,0.0004573860054723673
4.565185090282353e-05,4.565185090282353e-05,0.00045651850902823525,0.00045651850902823525
4.556511444495456e-05,4.556511444495456e-05,0.0004556511444495456,0.0004556511444495456
4.5478391436673765e-05,4.5478391436673765e-05,0.00045478391436673765,0.00045478391436673765
4.539168214098426e-05,4.539168214098426e-05,0.0004539168214098426,0.0004539168214098426
4.53049868208476e-05,4.53049868208476e-05,0.00045304986820847594,0.00045304986820847594
4.521830573918289e-05,4.521830573918289e-05,0.0004521830573918289,0.0004521830573918289
4.513163915886615e-05,4.513163915886615e-05,0.0004513163915886615,0.0004513163915886615
4.504498734272934e-05,4.504498734272934e-05,0.00045044987342729345,0.00045044987342729345
4.495835055355972e-05,4.495835055355972e-05,0.0004495835055355972,0.0004495835055355972
4.4871729054098875e-05,4.4871729054098875e-05,0.00044871729054098874,0.00044871729054098874
4.478512310704216e-05,4.478512310704216e-05,0.00044785123107042156,0.00044785123107042156
4.4698532975037616e-05,4.4698532975037616e-05,0.00044698532975037615,0.00044698532975037615
4.461195892068543e-05,4.461195892068543e-05,0.00044611958920685423,0.00044611958920685423
4.452540120653699e-05,4.452540120653699e-05,0.00044525401206536993,0.00044525401206536993
4.443886009509413e-05,4.443886009509413e-05,0.0004443886009509413,0.0004443886009509413
4.4352335848808363e-05,4.4352335848808363e-05,0.0004435233584880836,0.0004435233584880836
4.4265828730079987e-05,4.4265828730079987e-05,0.0004426582873007998,0.0004426582873007998
4.4179339001257416e-05,4.4179339001257416e-05,0.00044179339001257416,0.00044179339001257416
4.409286692463631e-05,4.409286692463631e-05,0.0004409286692463631,0.0004409286692463631
4.400641276245882e-05,4.400641276245882e-05,0.0004400641276245882,0.0004400641276245882
4.39199767769127e-05,4.39199767769127e-05,0.000439199767769127,0.000439199767769127
4.383355923013066e-05,4.383355923013066e-05,0.0004383355923013066,0.0004383355923013066
4.374716038418942e-05,4.374716038418942e-05,0.0004374716038418942,0.0004374716038418942
4.3660780501109075e-05,4.3660780501109075e-05,0.00043660780501109076,0.00043660780501109076
4.357441984285209e-05,4.357441984285209e-05,0.00043574419842852086,0.00043574419842852086
4.348807867132274e-05,4.348807867132274e-05,0.0004348807867132274,0.0004348807867132274
4.340175724836617e-05,4.340175724836617e-05,0.0004340175724836617,0.0004340175724836617
4.331545583576758e-05,4.331545583576758e-05,0.00043315455835767574,0.00043315455835767574
4.322917469525155e-05,4.322917469525155e-05,0.0004322917469525155,0.0004322917469525155
4.314291408848116e-05,4.314291408848116e-05,0.00043142914088481157,0.00043142914088481157
4.3056674277057226e-05,4.3056674277057226e-05,0.0004305667427705722,0.0004305667427705722
4.297045552251745e-05,4.297045552251745e-05,0.0004297045552251745,0.0004297045552251745
4.288425808633575e-05,4.288425808633575e-05,0.0004288425808633575,0.0004288425808633575
4.279808222992134e-05,4.279808222992134e-05,0.00042798082229921337,0.00042798082229921337
4.271192821461803e-05,4.271192821461803e-05,0.0004271192821461802,0.0004271192821461802
4.262579630170333e-05,4.262579630170333e-05,0.00042625796301703323,0.00042625796301703323
4.2539686752387766e-05,4.2539686752387766e-05,0.00042539686752387764,0.00042539686752387764
4.245359982781406e-05,4.245359982781406e-05,0.0004245359982781406,0.0004245359982781406
4.236753578905627e-05,4.236753578905627e-05,0.0004236753578905627,0.0004236753578905627
4.2281494897119105e-05,4.2281494897119105e-05,0.00042281494897119105,0.00042281494897119105
4.2195477412937015e-05,4.2195477412937015e-05,0.00042195477412937014,0.00042195477412937014
4.2109483597373524e-05,4.2109483597373524e-05,0.0004210948359737352,0.0004210948359737352
4.2023513711220305e-05,4.2023513711220305e-05,0.0004202351371122031,0.0004202351371122031
4.193756801519654e-05,4.193756801519654e-05,0.0004193756801519654,0.0004193756801519654
4.1851646769947986e-05,4.1851646769947986e-05,0.0004185164676994798,0.0004185164676994798
4.17657502360463e-05,4.17657502360463e-05,0.00041765750236046295,0.00041765750236046295
4.1679878673988135e-05,4.1679878673988135e-05,0.0004167987867398813,0.0004167987867398813
4.159403234419448e-05,4.159403234419448e-05,0.0004159403234419448,0.0004159403234419448
4.1508211507009745e-05,4.1508211507009745e-05,0.0004150821150700975,0.0004150821150700975
4.142241642270108e-05,4.142241642270108e-05,0.0004142241642270108,0.0004142241642270108
4.1336647351457526e-05,4.1336647351457526e-05,0.00041336647351457523,0.00041336647351457523
4.125090455338917e-05,4.125090455338917e-05,0.0004125090455338917,0.0004125090455338917
4.116518828852651e-05,4.116518828852651e-05,0.00041165188288526513,0.00041165188288526513
4.107949881681951e-05,4.107949881681951e-05,0.0004107949881681951,0.0004107949881681951
4.099383639813693e-05,4.099383639813693e-05,0.0004099383639813693,0.0004099383639813693
4.0908201292265444e-05,4.0908201292265444e-05,0.00040908201292265444,0.00040908201292265444
4.0822593758908946e-05,4.0822593758908946e-05,0.00040822593758908944,0.00040822593758908944
4.073701405768763e-05,4.073701405768763e-05,0.00040737014057687626,0.00040737014057687626
4.0651462448137375e-05,4.0651462448137375e-05,0.0004065146244813737,0.0004065146244813737
4.05659391897088e-05,4.05659391897088e-05,0.000405659391897088,0.000405659391897088
4.0480444541766576e-05,4.0480444541766576e-05,0.00040480444541766573,0.00040480444541766573
4.039497876358863e-05,4.039497876358863e-05,0.0004039497876358863,0.0004039497876358863
4.030954211436526e-05,4.030954211436526e-05,0.00040309542114365263,0.00040309542114365263
4.0224134853198507e-05,4.0224134853198507e-05,0.0004022413485319851,0.0004022413485319851
4.013875723910123e-05,4.013875723910123e-05,0.0004013875723910123,0.0004013875723910123
4.005340953099644e-05,4.005340953099644e-05,0.00040053409530996437,0.00040053409530996437
3.996809198771634e-05,3.996809198771634e-05,0.00039968091987716345,0.00039968091987716345
3.988280486800182e-05,3.988280486800182e-05,0.0003988280486800182,0.0003988280486800182
3.9797548430501335e-05,3.9797548430501335e-05,0.00039797548430501337,0.00039797548430501337
3.971232293377041e-05,3.971232293377041e-05,0.00039712322933770414,0.00039712322933770414
3.9627128636270674e-05,3.9627128636270674e-05,0.00039627128636270673,0.00039627128636270673
3.954196579636918e-05,3.954196579636918e-05,0.00039541965796369177,0.00039541965796369177
3.9456834672337516e-05,3.9456834672337516e-05,0.00039456834672337514,0.00039456834672337514
3.937173552235117e-05,3.937173552235117e-05,0.00039371735522351166,0.00039371735522351166
3.928666860448861e-05,3.928666860448861e-05,0.00039286668604488606,0.00039286668604488606
3.920163417673055e-05,3.920163417673055e-05,0.0003920163417673055,0.0003920163417673055
3.911663249695923e-05,3.911663249695923e-05,0.0003911663249695923,0.0003911663249695923
3.903166382295748e-05,3.903166382295748e-05,0.00039031663822957475,0.00039031663822957475
3.894672841240812e-05,3.894672841240812e-05,0.00038946728412408115,0.00038946728412408115
3.886182652289304e-05,3.886182652289304e-05,0.0003886182652289304,0.0003886182652289304
3.877695841189253e-05,3.877695841189253e-05,0.00038776958411892526,0.00038776958411892526
3.869212433678434e-05,3.869212433678434e-05,0.0003869212433678434,0.0003869212433678434
3.8607324554843136e-05,3.8607324554843136e-05,0.0003860732455484313,0.0003860732455484313
3.852255932323945e-05,3.852255932323945e-05,0.00038522559323239447,0.00038522559323239447
3.843782889903912e-05,3.843782889903912e-05,0.0003843782889903912,0.0003843782889903912
3.835313353920239e-05,3.835313353920239e-05,0.0003835313353920239,0.0003835313353920239
3.826847350058318e-05,3.826847350058318e-05,0.0003826847350058318,0.0003826847350058318
3.81838490399283e-05,3.81838490399283e-05,0.000381838490399283,0.000381838490399283
3.8099260413876615e-05,3.8099260413876615e-05,0.0003809926041387661,0.0003809926041387661
3.801470787895837e-05,3.801470787895837e-05,0.0003801470787895837,0.0003801470787895837
3.7930191691594324e-05,3.7930191691594324e-05,0.00037930191691594326,0.00037930191691594326
3.784571210809505e-05,3.784571210809505e-05,0.0003784571210809505,0.0003784571210809505
3.776126938466003e-05,3.776126938466003e-05,0.0003776126938466003,0.0003776126938466003
3.7676863777377054e-05,3.7676863777377054e-05,0.0003767686377737705,0.0003767686377737705
3.759249554222128e-05,3.759249554222128e-05,0.0003759249554222128,0.0003759249554222128
3.750816493505459e-05,3.750816493505459e-05,0.00037508164935054586,0.00037508164935054586
3.742387221162466e-05,3.742387221162466e-05,0.0003742387221162466,0.0003742387221162466
3.73396176275644e-05,3.73396176275644e-05,0.00037339617627564394,0.00037339617627564394
3.725540143839097e-05,3.725540143839097e-05,0.0003725540143839097,0.0003725540143839097
3.717122389950509e-05,3.717122389950509e-05,0.0003717122389950509,0.0003717122389950509
3.708708526619033e-05,3.708708526619033e-05,0.00037087085266190325,0.00037087085266190325
3.7002985793612175e-05,3.7002985793612175e-05,0.00037002985793612174,0.00037002985793612174
3.691892573681747e-05,3.691892573681747e-05,0.0003691892573681747,0.0003691892573681747
3.6834905350733395e-05,3.6834905350733395e-05,0.00036834905350733395,0.00036834905350733395
3.675092489016693e-05,3.675092489016693e-05,0.00036750924890166926,0.00036750924890166926
3.6666984609803884e-05,3.6666984609803884e-05,0.0003666698460980388,0.0003666698460980388
3.6583084764208306e-05,3.6583084764208306e-05,0.0003658308476420831,0.0003658308476420831
3.649922560782152e-05,3.649922560782152e-05,0.0003649922560782152,0.0003649922560782152
3.641540739496154e-05,3.641540739496154e-05,0.00036415407394961536,0.00036415407394961536
3.633163037982214e-05,3.633163037982214e-05,0.0003633163037982214,0.0003633163037982214
3.624789481647221e-05,3.624789481647221e-05,0.0003624789481647221,0.0003624789481647221
3.616420095885492e-05,3.616420095885492e-05,0.00036164200958854916,0.00036164200958854916
3.608054906078691e-05,3.608054906078691e-05,0.0003608054906078691,0.0003608054906078691
3.5996939375957655e-05,3.5996939375957655e-05,0.00035996939375957656,0.00035996939375957656
3.591337215792852e-05,3.591337215792852e-05,0.0003591337215792851,0.0003591337215792851
3.582984766013215e-05,3.582984766013215e-05,0.00035829847660132146,0.00035829847660132146
3.574636613587159e-05,3.574636613587159e-05,0.00035746366135871587,0.00035746366135871587
3.566292783831961e-05,3.566292783831961e-05,0.00035662927838319607,0.00035662927838319607
3.557953302051782e-05,3.557953302051782e-05,0.0003557953302051782,0.0003557953302051782
3.549618193537602e-05,3.549618193537602e-05,0.00035496181935376023,0.00035496181935376023
3.541287483567137e-05,3.541287483567137e-05,0.0003541287483567137,0.0003541287483567137
3.532961197404763e-05,3.532961197404763e-05,0.0003532961197404763,0.0003532961197404763
3.5246393603014433e-05,3.5246393603014433e-05,0.0003524639360301443,0.0003524639360301443
3.516321997494641e-05,3.516321997494641e-05,0.0003516321997494641,0.0003516321997494641
3.508009134208259e-05,3.508009134208259e-05,0.00035080091342082586,0.00035080091342082586
3.4997007956525464e-05,3.4997007956525464e-05,0.0003499700795652546,0.0003499700795652546
3.4913970070240386e-05,3.4913970070240386e-05,0.00034913970070240386,0.00034913970070240386
3.4830977935054656e-05,3.4830977935054656e-05,0.00034830977935054654,0.00034830977935054654
3.4748031802656876e-05,3.4748031802656876e-05,0.0003474803180265688,0.0003474803180265688
3.466513192459608e-05,3.466513192459608e-05,0.0003466513192459608,0.0003466513192459608
3.4582278552281076e-05,3.4582278552281076e-05,0.0003458227855228108,0.0003458227855228108
3.4499471936979625e-05,3.4499471936979625e-05,0.0003449947193697962,0.0003449947193697962
3.441671232981769e-05,3.441671232981769e-05,0.00034416712329817683,0.00034416712329817683
3.433399998177863e-05,3.433399998177863e-05,0.00034333999981778625,0.00034333999981778625
3.425133514370253e-05,3.425133514370253e-05,0.00034251335143702533,0.00034251335143702533
3.4168718066285423e-05,3.4168718066285423e-05,0.0003416871806628542,0.0003416871806628542
3.408614900007841e-05,3.408614900007841e-05,0.000340861490000784,0.000340861490000784
3.4003628195487057e-05,3.4003628195487057e-05,0.0003400362819548706,0.0003400362819548706
3.3921155902770534e-05,3.3921155902770534e-05,0.00033921155902770533,0.00033921155902770533
3.3838732372040925e-05,3.3838732372040925e-05,0.00033838732372040925,0.00033838732372040925
3.375635785326238e-05,3.375635785326238e-05,0.0003375635785326238,0.0003375635785326238
3.3674032596250484e-05,3.3674032596250484e-05,0.0003367403259625048,0.0003367403259625048
3.359175685067135e-05,3.359175685067135e-05,0.0003359175685067135,0.0003359175685067135
3.3509530866041014e-05,3.3509530866041014e-05,0.00033509530866041015,0.00033509530866041015
3.3427354891724525e-05,3.3427354891724525e-05,0.00033427354891724527,0.00033427354891724527
3.334522917693533e-05,3.334522917693533e-05,0.00033345229176935334,0.00033345229176935334
3.326315397073442e-05,3.326315397073442e-05,0.0003326315397073442,0.0003326315397073442
3.318112952202963e-05,3.318112952202963e-05,0.0003318112952202963,0.0003318112952202963
3.309915607957487e-05,3.309915607957487e-05,0.0003309915607957487,0.0003309915607957487
3.3017233891969316e-05,3.3017233891969316e-05,0.00033017233891969314,0.00033017233891969314
3.2935363207656756e-05,3.2935363207656756e-05,0.0003293536320765675,0.0003293536320765675
3.285354427492475e-05,3.285354427492475e-05,0.0003285354427492475,0.0003285354427492475
3.2771777341903976e-05,3.2771777341903976e-05,0.00032771777341903974,0.00032771777341903974
3.26900626565673e-05,3.26900626565673e-05,0.00032690062656567297,0.00032690062656567297
3.260840046672925e-05,3.260840046672925e-05,0.00032608400466729257,0.00032608400466729257
3.2526791020045086e-05,3.2526791020045086e-05,0.0003252679102004509,0.0003252679102004509
3.2445234564010154e-05,3.2445234564010154e-05,0.00032445234564010153,0.00032445234564010153
3.236373134595904e-05,3.236373134595904e-05,0.0003236373134595904,0.0003236373134595904
3.2282281613064946e-05,3.2282281613064946e-05,0.00032282281613064945,0.00032282281613064945
3.2200885612338845e-05,3.2200885612338845e-05,0.0003220088561233884,0.0003220088561233884
3.211954359062871e-05,3.211954359062871e-05,0.00032119543590628706,0.00032119543590628706
3.2038255794618885e-05,3.2038255794618885e-05,0.0003203825579461889,0.0003203825579461889
3.1957022470829226e-05,3.1957022470829226e-05,0.0003195702247082922,0.0003195702247082922
3.1875843865614406e-05,3.1875843865614406e-05,0.00031875843865614406,0.00031875843865614406
3.179472022516313e-05,3.179472022516313e-05,0.0003179472022516313,0.0003179472022516313
3.1713651795497444e-05,3.1713651795497444e-05,0.00031713651795497446,0.00031713651795497446
3.163263882247193e-05,3.163263882247193e-05,0.00031632638822471927,0.00031632638822471927
3.155168155177302e-05,3.155168155177302e-05,0.00031551681551773023,0.00031551681551773023
3.147078022891817e-05,3.147078022891817e-05,0.0003147078022891817,0.0003147078022891817
3.138993509925523e-05,3.138993509925523e-05,0.00031389935099255227,0.00031389935099255227
3.130914640796157e-05,3.130914640796157e-05,0.00031309146407961565,0.00031309146407961565
3.122841440004343e-05,3.122841440004343e-05,0.00031228414400043426,0.00031228414400043426
3.114773932033517e-05,3.114773932033517e-05,0.00031147739320335166,0.00031147739320335166
3.106712141349844e-05,3.106712141349844e-05,0.0003106712141349844,0.0003106712141349844
3.0986560924021604e-05,3.0986560924021604e-05,0.00030986560924021604,0.00030986560924021604
3.090605809621878e-05,3.090605809621878e-05,0.0003090605809621878,0.0003090605809621878
3.08256131742293e-05,3.08256131742293e-05,0.000308256131742293,0.000308256131742293
3.074522640201685e-05,3.074522640201685e-05,0.00030745226402016846,0.00030745226402016846
3.066489802336879e-05,3.066489802336879e-05,0.0003066489802336879,0.0003066489802336879
3.058462828189536e-05,3.058462828189536e-05,0.00030584628281895356,0.00030584628281895356
3.0504417421028997e-05,3.0504417421028997e-05,0.00030504417421028994,0.00030504417421028994
3.0424265684023558e-05,3.0424265684023558e-05,0.00030424265684023555,0.00030424265684023555
3.0344173313953612e-05,3.0344173313953612e-05,0.0003034417331395361,0.0003034417331395361
3.026414055371368e-05,3.026414055371368e-05,0.00030264140553713684,0.00030264140553713684
3.01841676460175e-05,3.01841676460175e-05,0.00030184167646017494,0.00030184167646017494
3.0104254833397306e-05,3.0104254833397306e-05,0.000301042548333973,0.000301042548333973
3.0024402358203056e-05,3.0024402358203056e-05,0.00030024402358203055,0.00030024402358203055
2.9944610462601767e-05,2.9944610462601767e-05,0.0002994461046260177,0.0002994461046260177
2.9864879388576695e-05,2.9864879388576695e-05,0.00029864879388576696,0.00029864879388576696
2.97852093779267e-05,2.97852093779267e-05,0.000297852093779267,0.000297852093779267
2.9705600672265367e-05,2.9705600672265367e-05,0.00029705600672265365,0.00029705600672265365
2.9626053513020452e-05,2.9626053513020452e-05,0.0002962605351302045,0.0002962605351302045
2.9546568141433006e-05,2.9546568141433006e-05,0.00029546568141433004,0.00029546568141433004
2.9467144798556745e-05,2.9467144798556745e-05,0.00029467144798556746,0.00029467144798556746
2.93877837252572e-05,2.93877837252572e-05,0.000293877837252572,0.000293877837252572
2.930848516221113e-05,2.930848516221113e-05,0.0002930848516221113,0.0002930848516221113
2.9229249349905684e-05,2.9229249349905684e-05,0.0002922924934990568,0.0002922924934990568
2.915007652863771e-05,2.915007652863771e-05,0.0002915007652863771,0.0002915007652863771
2.9070966938513045e-05,2.9070966938513045e-05,0.00029070966938513044,0.00029070966938513044
2.899192081944574e-05,2.899192081944574e-05,0.00028991920819445736,0.00028991920819445736
2.8912938411157365e-05,2.8912938411157365e-05,0.00028912938411157366,0.00028912938411157366
2.8834019953176273e-05,2.8834019953176273e-05,0.0002883401995317627,0.0002883401995317627
2.8755165684836925e-05,2.8755165684836925e-05,0.00028755165684836925,0.00028755165684836925
2.8676375845279013e-05,2.8676375845279013e-05,0.00028676375845279015,0.00028676375845279015
2.859765067344695e-05,2.859765067344695e-05,0.0002859765067344695,0.0002859765067344695
2.8518990408088953e-05,2.8518990408088953e-05,0.0002851899040808895,0.0002851899040808895
2.8440395287756417e-05,2.8440395287756417e-05,0.00028440395287756415,0.00028440395287756415
2.8361865550803236e-05,2.8361865550803236e-05,0.0002836186555080323,0.0002836186555080323
2.8283401435384883e-05,2.8283401435384883e-05,0.0002828340143538488,0.0002828340143538488
2.8205003179457957e-05,2.8205003179457957e-05,0.00028205003179457955,0.00028205003179457955
2.812667102077926e-05,2.812667102077926e-05,0.0002812667102077926,0.0002812667102077926
2.804840519690515e-05,2.804840519690515e-05,0.00028048405196905146,0.00028048405196905146
2.7970205945190787e-05,2.7970205945190787e-05,0.00027970205945190786,0.00027970205945190786
2.7892073502789538e-05,2.7892073502789538e-05,0.00027892073502789537,0.00027892073502789537
2.7814008106652012e-05,2.7814008106652012e-05,0.0002781400810665201,0.0002781400810665201
2.773600999352562e-05,2.773600999352562e-05,0.0002773600999352562,0.0002773600999352562
2.7658079399953645e-05,2.7658079399953645e-05,0.00027658079399953643,0.00027658079399953643
2.7580216562274637e-05,2.7580216562274637e-05,0.0002758021656227463,0.0002758021656227463
2.750242171662165e-05,2.750242171662165e-05,0.0002750242171662165,0.0002750242171662165
2.7424695098921534e-05,2.7424695098921534e-05,0.0002742469509892153,0.0002742469509892153
2.734703694489427e-05,2.734703694489427e-05,0.00027347036944894273,0.00027347036944894273
2.7269447490052167e-05,2.7269447490052167e-05,0.00027269447490052166,0.00027269447490052166
2.71919269696992e-05,2.71919269696992e-05,0.000271919269696992,0.000271919269696992
2.711447561893029e-05,2.711447561893029e-05,0.0002711447561893029,0.0002711447561893029
2.703709367263059e-05,2.703709367263059e-05,0.0002703709367263059,0.0002703709367263059
2.6959781365474758e-05,2.6959781365474758e-05,0.0002695978136547476,0.0002695978136547476
2.6882538931926316e-05,2.6882538931926316e-05,0.0002688253893192631,0.0002688253893192631
2.680536660623677e-05,2.680536660623677e-05,0.00026805366606236767,0.00026805366606236767
2.6728264622445137e-05,2.6728264622445137e-05,0.00026728264622445137,0.00026728264622445137
2.665123321437703e-05,2.665123321437703e-05,0.0002665123321437703,0.0002665123321437703
2.6574272615644052e-05,2.6574272615644052e-05,0.0002657427261564405,0.0002657427261564405
2.6497383059643037e-05,2.6497383059643037e-05,0.0002649738305964304,0.0002649738305964304
2.6420564779555447e-05,2.6420564779555447e-05,0.00026420564779555444,0.00026420564779555444
2.6343818008346493e-05,2.6343818008346493e-05,0.0002634381800834649,0.0002634381800834649
2.626714297876458e-05,2.626714297876458e-05,0.0002626714297876458,0.0002626714297876458
2.619053992334053e-05,2.619053992334053e-05,0.0002619053992334053,0.0002619053992334053
2.6114009074386846e-05,2.6114009074386846e-05,0.00026114009074386846,0.00026114009074386846
2.603755066399718e-05,2.603755066399718e-05,0.00026037550663997176,0.00026037550663997176
2.596116492404531e-05,2.596116492404531e-05,0.0002596116492404531,0.0002596116492404531
2.588485208618481e-05,2.588485208618481e-05,0.00025884852086184806,0.00025884852086184806
2.5808612381848062e-05,2.5808612381848062e-05,0.0002580861238184806,0.0002580861238184806
2.5732446042245684e-05,2.5732446042245684e-05,0.00025732446042245685,0.00025732446042245685
2.5656353298365775e-05,2.5656353298365775e-05,0.00025656353298365777,0.00025656353298365777
2.5580334380973315e-05,2.5580334380973315e-05,0.00025580334380973316,0.00025580334380973316
2.5504389520609322e-05,2.5504389520609322e-05,0.0002550438952060932,0.0002550438952060932
2.5428518947590247e-05,2.5428518947590247e-05,0.00025428518947590245,0.00025428518947590245
2.535272289200725e-05,2.535272289200725e-05,0.00025352722892007254,0.00025352722892007254
2.527700158372548e-05,2.527700158372548e-05,0.0002527700158372548,0.0002527700158372548
2.5201355252383485e-05,2.5201355252383485e-05,0.00025201355252383483,0.00025201355252383483
2.51257841273923e-05,2.51257841273923e-05,0.000251257841273923,0.000251257841273923
2.5050288437935004e-05,2.5050288437935004e-05,0.00025050288437935,0.00025050288437935
2.497486841296584e-05,2.497486841296584e-05,0.0002497486841296584,0.0002497486841296584
2.4899524281209602e-05,2.4899524281209602e-05,0.000248995242812096,0.000248995242812096
2.4824256271160917e-05,2.4824256271160917e-05,0.00024824256271160916,0.00024824256271160916
2.4749064611083566e-05,2.4749064611083566e-05,0.0002474906461108357,0.0002474906461108357
2.467394952900977e-05,2.467394952900977e-05,0.0002467394952900977,0.0002467394952900977
2.4598911252739554e-05,2.4598911252739554e-05,0.00024598911252739556,0.00024598911252739556
2.452395000983998e-05,2.452395000983998e-05,0.00024523950009839977,0.00024523950009839977
2.4449066027644475e-05,2.4449066027644475e-05,0.0002444906602764447,0.0002444906602764447
2.437425953325224e-05,2.437425953325224e-05,0.0002437425953325224,0.0002437425953325224
2.4299530753527356e-05,2.4299530753527356e-05,0.00024299530753527353,0.00024299530753527353
2.422487991509834e-05,2.422487991509834e-05,0.0002422487991509834,0.0002422487991509834
2.4150307244357273e-05,2.4150307244357273e-05,0.00024150307244357271,0.00024150307244357271
2.4075812967459193e-05,2.4075812967459193e-05,0.00024075812967459193,0.00024075812967459193
2.4001397310321388e-05,2.4001397310321388e-05,0.0002400139731032139,0.0002400139731032139
2.3927060498622733e-05,2.3927060498622733e-05,0.00023927060498622733,0.00023927060498622733
2.385280275780295e-05,2.385280275780295e-05,0.0002385280275780295,0.0002385280275780295
2.3778624313062048e-05,2.3778624313062048e-05,0.00023778624313062048,0.00023778624313062048
2.3704525389359472e-05,2.3704525389359472e-05,0.00023704525389359472,0.00023704525389359472
2.363050621141354e-05,2.363050621141354e-05,0.0002363050621141354,0.0002363050621141354
2.3556567003700725e-05,2.3556567003700725e-05,0.00023556567003700724,0.00023556567003700724
2.3482707990454955e-05,2.3482707990454955e-05,0.00023482707990454954,0.00023482707990454954
2.340892939566701e-05,2.340892939566701e-05,0.0002340892939566701,0.0002340892939566701
2.3335231443083732e-05,2.3335231443083732e-05,0.0002333523144308373,0.0002333523144308373
2.3261614356207417e-05,2.3261614356207417e-05,0.00023261614356207417,0.00023261614356207417
2.3188078358295122e-05,2.3188078358295122e-05,0.00023188078358295122,0.00023188078358295122
2.3114623672357993e-05,2.3114623672357993e-05,0.00023114623672357992,0.00023114623672357992
2.304125052116055e-05,2.304125052116055e-05,0.0002304125052116055,0.0002304125052116055
2.296795912722014e-05,2.296795912722014e-05,0.0002296795912722014,0.0002296795912722014
2.289474971280601e-05,2.289474971280601e-05,0.00022894749712806011,0.00022894749712806011
2.282162249993895e-05,2.282162249993895e-05,0.00022821622499938948,0.00022821622499938948
2.274857771039035e-05,2.274857771039035e-05,0.0002274857771039035,0.0002274857771039035
2.2675615565681668e-05,2.2675615565681668e-05,0.00022675615565681667,0.00022675615565681667
2.2602736287083787e-05,2.2602736287083787e-05,0.00022602736287083785,0.00022602736287083785
2.252994009561614e-05,2.252994009561614e-05,0.0002252994009561614,0.0002252994009561614
2.245722721204635e-05,2.245722721204635e-05,0.00022457227212046348,0.00022457227212046348
2.2384597856889278e-05,2.2384597856889278e-05,0.00022384597856889277,0.00022384597856889277
2.231205225040652e-05,2.231205225040652e-05,0.00022312052250406518,0.00022312052250406518
2.2239590612605645e-05,2.2239590612605645e-05,0.00022239590612605642,0.00022239590612605642
2.216721316323967e-05,2.216721316323967e-05,0.0002216721316323967,0.0002216721316323967
2.2094920121806156e-05,2.2094920121806156e-05,0.00022094920121806157,0.00022094920121806157
2.20227117075468e-05,2.20227117075468e-05,0.000220227117075468,0.000220227117075468
2.1950588139446597e-05,2.1950588139446597e-05,0.00021950588139446598,0.00021950588139446598
2.1878549636233224e-05,2.1878549636233224e-05,0.00021878549636233224,0.00021878549636233224
2.1806596416376445e-05,2.1806596416376445e-05,0.00021806596416376446,0.00021806596416376446
2.1734728698087283e-05,2.1734728698087283e-05,0.0002173472869808728,0.0002173472869808728
2.166294669931756e-05,2.166294669931756e-05,0.0002166294669931756,0.0002166294669931756
2.1591250637759086e-05,2.1591250637759086e-05,0.00021591250637759086,0.00021591250637759086
2.1519640730843072e-05,2.1519640730843072e-05,0.0002151964073084307,0.0002151964073084307
2.1448117195739416e-05,2.1448117195739416e-05,0.00021448117195739413,0.00021448117195739413
2.1376680249356152e-05,2.1376680249356152e-05,0.0002137668024935615,0.0002137668024935615
2.1305330108338607e-05,2.1305330108338607e-05,0.00021305330108338605,0.00021305330108338605
2.1234066989068972e-05,2.1234066989068972e-05,0.00021234066989068973,0.00021234066989068973
2.116289110766545e-05,2.116289110766545e-05,0.0002116289110766545,0.0002116289110766545
2.109180267998169e-05,2.109180267998169e-05,0.0002109180267998169,0.0002109180267998169
2.10208019216062e-05,2.10208019216062e-05,0.000210208019216062,0.000210208019216062
2.094988904786146e-05,2.094988904786146e-05,0.00020949889047861458,0.00020949889047861458
2.087906427380358e-05,2.087906427380358e-05,0.00020879064273803577,0.00020879064273803577
2.08083278142214e-05,2.08083278142214e-05,0.000208083278142214,0.000208083278142214
2.0737679883635967e-05,2.0737679883635967e-05,0.0002073767988363597,0.0002073767988363597
2.066712069629984e-05,2.066712069629984e-05,0.0002066712069629984,0.0002066712069629984
2.0596650466196436e-05,2.0596650466196436e-05,0.00020596650466196437,0.00020596650466196437
2.0526269407039395e-05,2.0526269407039395e-05,0.00020526269407039393,0.00020526269407039393
2.0455977732271993e-05,2.0455977732271993e-05,0.0002045597773227199,0.0002045597773227199
2.038577565506629e-05,2.038577565506629e-05,0.0002038577565506629,0.0002038577565506629
2.0315663388322788e-05,2.0315663388322788e-05,0.00020315663388322785,0.00020315663388322785
2.0245641144669514e-05,2.0245641144669514e-05,0.00020245641144669513,0.00020245641144669513
2.0175709136461506e-05,2.0175709136461506e-05,0.00020175709136461506,0.00020175709136461506
2.0105867575780197e-05,2.0105867575780197e-05,0.00020105867575780195,0.00020105867575780195
2.0036116674432654e-05,2.0036116674432654e-05,0.00020036116674432652,0.00020036116674432652
1.9966456643951044e-05,1.9966456643951044e-05,0.00019966456643951043,0.00019966456643951043
1.9896887695591927e-05,1.9896887695591927e-05,0.00019896887695591926,0.00019896887695591926
1.9827410040335658e-05,1.9827410040335658e-05,0.00019827410040335657,0.00019827410040335657
1.9758023888885708e-05,1.9758023888885708e-05,0.00019758023888885706,0.00019758023888885706
1.9688729451668114e-05,1.9688729451668114e-05,0.00019688729451668114,0.00019688729451668114
1.961952693883065e-05,1.961952693883065e-05,0.0001961952693883065,0.0001961952693883065
1.955041656024244e-05,1.955041656024244e-05,0.0001955041656024244,0.0001955041656024244
1.9481398525493115e-05,1.9481398525493115e-05,0.00019481398525493117,0.00019481398525493117
1.9412473043892272e-05,1.9412473043892272e-05,0.0001941247304389227,0.0001941247304389227
1.9343640324468854e-05,1.9343640324468854e-05,0.00019343640324468852,0.00019343640324468852
1.9274900575970455e-05,1.9274900575970455e-05,0.00019274900575970454,0.00019274900575970454
1.9206254006862722e-05,1.9206254006862722e-05,0.00019206254006862722,0.00019206254006862722
1.913770082532873e-05,1.913770082532873e-05,0.0001913770082532873,0.0001913770082532873
1.9069241239268328e-05,1.9069241239268328e-05,0.00019069241239268324,0.00019069241239268324
1.9000875456297507e-05,1.9000875456297507e-05,0.00019000875456297506,0.00019000875456297506
1.893260368374786e-05,1.893260368374786e-05,0.00018932603683747857,0.00018932603683747857
1.8864426128665734e-05,1.8864426128665734e-05,0.00018864426128665734,0.00018864426128665734
1.87963429978119e-05,1.87963429978119e-05,0.000187963429978119,0.000187963429978119
1.8728354497660665e-05,1.8728354497660665e-05,0.00018728354497660665,0.00018728354497660665
1.866046083439939e-05,1.866046083439939e-05,0.0001866046083439939,0.0001866046083439939
1.8592662213927825e-05,1.8592662213927825e-05,0.00018592662213927824,0.00018592662213927824
1.852495884185746e-05,1.852495884185746e-05,0.0001852495884185746,0.0001852495884185746
1.8457350923510987e-05,1.8457350923510987e-05,0.00018457350923510986,0.00018457350923510986
1.8389838663921553e-05,1.8389838663921553e-05,0.00018389838663921554,0.00018389838663921554
1.8322422267832244e-05,1.8322422267832244e-05,0.00018322422267832246,0.00018322422267832246
1.825510193969538e-05,1.825510193969538e-05,0.00018255101939695378,0.00018255101939695378
1.818787788367202e-05,1.818787788367202e-05,0.00018187877883672022,0.00018187877883672022
1.812075030363114e-05,1.812075030363114e-05,0.0001812075030363114,0.0001812075030363114
1.8053719403149243e-05,1.8053719403149243e-05,0.00018053719403149243,0.00018053719403149243
1.798678538550958e-05,1.798678538550958e-05,0.0001798678538550958,0.0001798678538550958
1.7919948453701606e-05,1.7919948453701606e-05,0.00017919948453701606,0.00017919948453701606
1.785320881042033e-05,1.785320881042033e-05,0.00017853208810420329,0.00017853208810420329
1.7786566658065728e-05,1.7786566658065728e-05,0.0001778656665806573,0.0001778656665806573
1.772002219874209e-05,1.772002219874209e-05,0.00017720022198742093,0.00017720022198742093
1.7653575634257513e-05,1.7653575634257513e-05,0.00017653575634257512,0.00017653575634257512
1.7587227166123114e-05,1.7587227166123114e-05,0.00017587227166123115,0.00017587227166123115
1.752097699555258e-05,1.752097699555258e-05,0.00017520976995552578,0.00017520976995552578
1.7454825323461448e-05,1.7454825323461448e-05,0.0001745482532346145,0.0001745482532346145
1.7388772350466565e-05,1.7388772350466565e-05,0.00017388772350466564,0.00017388772350466564
1.732281827688547e-05,1.732281827688547e-05,0.00017322818276885473,0.00017322818276885473
1.725696330273575e-05,1.725696330273575e-05,0.0001725696330273575,0.0001725696330273575
1.719120762773446e-05,1.719120762773446e-05,0.00017191207627734455,0.00017191207627734455
1.7125551451297494e-05,1.7125551451297494e-05,0.00017125551451297494,0.00017125551451297494
1.705999497253904e-05,1.705999497253904e-05,0.00017059994972539038,0.00017059994972539038
1.6994538390270886e-05,1.6994538390270886e-05,0.00016994538390270887,0.00016994538390270887
1.692918190300192e-05,1.692918190300192e-05,0.00016929181903001922,0.00016929181903001922
1.686392570893744e-05,1.686392570893744e-05,0.0001686392570893744,0.0001686392570893744
1.6798770005978583e-05,1.6798770005978583e-05,0.0001679877000597858,0.0001679877000597858
1.673371499172174e-05,1.673371499172174e-05,0.00016733714991721738,0.00016733714991721738
1.6668760863457932e-05,1.6668760863457932e-05,0.0001666876086345793,0.0001666876086345793
1.6603907818172276e-05,1.6603907818172276e-05,0.00016603907818172275,0.00016603907818172275
1.653915605254324e-05,1.653915605254324e-05,0.00016539156052543241,0.00016539156052543241
1.647450576294225e-05,1.647450576294225e-05,0.0001647450576294225,0.0001647450576294225
1.640995714543292e-05,1.640995714543292e-05,0.00016409957145432919,0.00016409957145432919
1.6345510395770536e-05,1.6345510395770536e-05,0.00016345510395770536,0.00016345510395770536
1.6281165709401457e-05,1.6281165709401457e-05,0.00016281165709401457,0.00016281165709401457
1.6216923281462553e-05,1.6216923281462553e-05,0.00016216923281462553,0.00016216923281462553
1.6152783306780482e-05,1.6152783306780482e-05,0.00016152783306780483,0.00016152783306780483
1.6088745979871312e-05,1.6088745979871312e-05,0.00016088745979871312,0.00016088745979871312
1.6024811494939724e-05,1.6024811494939724e-05,0.00016024811494939724,0.00016024811494939724
1.5960980045878537e-05,1.5960980045878537e-05,0.00015960980045878536,0.00015960980045878536
1.5897251826268152e-05,1.5897251826268152e-05,0.0001589725182626815,0.0001589725182626815
1.5833627029375784e-05,1.5833627029375784e-05,0.00015833627029375786,0.00015833627029375786
1.5770105848155138e-05,1.5770105848155138e-05,0.00015770105848155136,0.00015770105848155136
1.570668847524559e-05,1.570668847524559e-05,0.0001570668847524559,0.0001570668847524559
1.5643375102971737e-05,1.5643375102971737e-05,0.00015643375102971735,0.00015643375102971735
1.5580165923342767e-05,1.5580165923342767e-05,0.00015580165923342765,0.00015580165923342765
1.551706112805189e-05,1.551706112805189e-05,0.0001551706112805189,0.0001551706112805189
1.545406090847573e-05,1.545406090847573e-05,0.00015454060908475732,0.00015454060908475732
1.5391165455673822e-05,1.5391165455673822e-05,0.00015391165455673822,0.00015391165455673822
1.532837496038792e-05,1.532837496038792e-05,0.0001532837496038792,0.0001532837496038792
1.526568961304148e-05,1.526568961304148e-05,0.00015265689613041478,0.00015265689613041478
1.520310960373914e-05,1.520310960373914e-05,0.0001520310960373914,0.0001520310960373914
1.5140635122265966e-05,1.5140635122265966e-05,0.00015140635122265966,0.00015140635122265966
1.5078266358087124e-05,1.5078266358087124e-05,0.00015078266358087124,0.00015078266358087124
1.5016003500347081e-05,1.5016003500347081e-05,0.0001501600350034708,0.0001501600350034708
1.4953846737869154e-05,1.4953846737869154e-05,0.00014953846737869153,0.00014953846737869153
1.4891796259154905e-05,1.4891796259154905e-05,0.00014891796259154904,0.00014891796259154904
1.482985225238358e-05,1.482985225238358e-05,0.0001482985225238358,0.0001482985225238358
1.4768014905411498e-05,1.4768014905411498e-05,0.00014768014905411497,0.00014768014905411497
1.4706284405771587e-05,1.4706284405771587e-05,0.00014706284405771586,0.00014706284405771586
1.4644660940672627e-05,1.4644660940672627e-05,0.00014644660940672628,0.00014644660940672628
1.4583144696998895e-05,1.4583144696998895e-05,0.00014583144696998895,0.00014583144696998895
1.4521735861309489e-05,1.4521735861309489e-05,0.00014521735861309487,0.00014521735861309487
1.4460434619837694e-05,1.4460434619837694e-05,0.00014460434619837693,0.00014460434619837693
1.4399241158490594e-05,1.4399241158490594e-05,0.00014399241158490595,0.00014399241158490595
1.4338155662848357e-05,1.4338155662848357e-05,0.00014338155662848356,0.00014338155662848356
1.4277178318163731e-05,1.4277178318163731e-05,0.0001427717831816373,0.0001427717831816373
1.421630930936148e-05,1.421630930936148e-05,0.0001421630930936148,0.0001421630930936148
1.4155548821037828e-05,1.4155548821037828e-05,0.0001415554882103783,0.0001415554882103783
1.4094897037459869e-05,1.4094897037459869e-05,0.0001409489703745987,0.0001409489703745987
1.4034354142565093e-05,1.4034354142565093e-05,0.00014034354142565092,0.00014034354142565092
1.3973920319960655e-05,1.3973920319960655e-05,0.00013973920319960653,0.00013973920319960653
1.3913595752923031e-05,1.3913595752923031e-05,0.0001391359575292303,0.0001391359575292303
1.3853380624397322e-05,1.3853380624397322e-05,0.0001385338062439732,0.0001385338062439732
1.3793275116996713e-05,1.3793275116996713e-05,0.0001379327511699671,0.0001379327511699671
1.3733279413001993e-05,1.3733279413001993e-05,0.00013733279413001993,0.00013733279413001993
1.367339369436092e-05,1.367339369436092e-05,0.0001367339369436092,0.0001367339369436092
1.3613618142687701e-05,1.3613618142687701e-05,0.000136136181426877,0.000136136181426877
1.3553952939262448e-05,1.3553952939262448e-05,0.0001355395293926245,0.0001355395293926245
1.3494398265030633e-05,1.3494398265030633e-05,0.00013494398265030634,0.00013494398265030634
1.3434954300602488e-05,1.3434954300602488e-05,0.00013434954300602485,0.00013434954300602485
1.3375621226252582e-05,1.3375621226252582e-05,0.00013375621226252582,0.00013375621226252582
1.3316399221919074e-05,1.3316399221919074e-05,0.00013316399221919073,0.00013316399221919073
1.3257288467203389e-05,1.3257288467203389e-05,0.0001325728846720339,0.0001325728846720339
1.3198289141369508e-05,1.3198289141369508e-05,0.00013198289141369508,0.00013198289141369508
1.3139401423343483e-05,1.3139401423343483e-05,0.00013139401423343483,0.00013139401423343483
1.3080625491712956e-05,1.3080625491712956e-05,0.00013080625491712955,0.00013080625491712955
1.3021961524726457e-05,1.3021961524726457e-05,0.00013021961524726456,0.00013021961524726456
1.2963409700293056e-05,1.2963409700293056e-05,0.00012963409700293056,0.00012963409700293056
1.2904970195981686e-05,1.2904970195981686e-05,0.00012904970195981686,0.00012904970195981686
1.2846643189020646e-05,1.2846643189020646e-05,0.00012846643189020645,0.00012846643189020645
1.278842885629707e-05,1.278842885629707e-05,0.00012788428856297068,0.00012788428856297068
1.2730327374356433e-05,1.2730327374356433e-05,0.00012730327374356433,0.00012730327374356433
1.2672338919401866e-05,1.2672338919401866e-05,0.00012672338919401865,0.00012672338919401865
1.2614463667293846e-05,1.2614463667293846e-05,0.00012614463667293845,0.00012614463667293845
1.2556701793549458e-05,1.2556701793549458e-05,0.00012556701793549457,0.00012556701793549457
1.2499053473341982e-05,1.2499053473341982e-05,0.00012499053473341982,0.00012499053473341982
1.2441518881500319e-05,1.2441518881500319e-05,0.0001244151888150032,0.0001244151888150032
1.2384098192508448e-05,1.2384098192508448e-05,0.00012384098192508446,0.00012384098192508446
1.2326791580504971e-05,1.2326791580504971e-05,0.0001232679158050497,0.0001232679158050497
1.2269599219282474e-05,1.2269599219282474e-05,0.00012269599219282473,0.00012269599219282473
1.2212521282287092e-05,1.2212521282287092e-05,0.00012212521282287093,0.00012212521282287093
1.2155557942617923e-05,1.2155557942617923e-05,0.00012155557942617923,0.00012155557942617923
1.2098709373026557e-05,1.2098709373026557e-05,0.00012098709373026556,0.00012098709373026556
1.2041975745916472e-05,1.2041975745916472e-05,0.00012041975745916473,0.00012041975745916473
1.1985357233342642e-05,1.1985357233342642e-05,0.00011985357233342643,0.00011985357233342643
1.192885400701087e-05,1.192885400701087e-05,0.0001192885400701087,0.0001192885400701087
1.1872466238277358e-05,1.1872466238277358e-05,0.00011872466238277357,0.00011872466238277357
1.1816194098148148e-05,1.1816194098148148e-05,0.00011816194098148148,0.00011816194098148148
1.176003775727862e-05,1.176003775727862e-05,0.00011760037757278619,0.00011760037757278619
1.1703997385973009e-05,1.1703997385973009e-05,0.00011703997385973008,0.00011703997385973008
1.1648073154183797e-05,1.1648073154183797e-05,0.00011648073154183797,0.00011648073154183797
1.159226523151129e-05,1.159226523151129e-05,0.0001159226523151129,0.0001159226523151129
1.1536573787203043e-05,1.1536573787203043e-05,0.00011536573787203042,0.00011536573787203042
1.1480998990153374e-05,1.1480998990153374e-05,0.00011480998990153374,0.00011480998990153374
1.1425541008902851e-05,1.1425541008902851e-05,0.00011425541008902851,0.00011425541008902851
1.1370200011637811e-05,1.1370200011637811e-05,0.0001137020001163781,0.0001137020001163781
1.1314976166189723e-05,1.1314976166189723e-05,0.00011314976166189722,0.00011314976166189722
1.1259869640034882e-05,1.1259869640034882e-05,0.00011259869640034881,0.00011259869640034881
1.1204880600293727e-05,1.1204880600293727e-05,0.00011204880600293727,0.00011204880600293727
1.1150009213730405e-05,1.1150009213730405e-05,0.00011150009213730405,0.00011150009213730405
1.1095255646752256e-05,1.1095255646752256e-05,0.00011095255646752256,0.00011095255646752256
1.1040620065409347e-05,1.1040620065409347e-05,0.00011040620065409345,0.00011040620065409345
1.0986102635393892e-05,1.0986102635393892e-05,0.00010986102635393891,0.00010986102635393891
1.0931703522039804e-05,1.0931703522039804e-05,0.00010931703522039805,0.00010931703522039805
1.0877422890322186e-05,1.0877422890322186e-05,0.00010877422890322186,0.00010877422890322186
1.082326090485679e-05,1.082326090485679e-05,0.0001082326090485679,0.0001082326090485679
1.0769217729899634e-05,1.0769217729899634e-05,0.00010769217729899632,0.00010769217729899632
1.0715293529346305e-05,1.0715293529346305e-05,0.00010715293529346303,0.00010715293529346303
1.0661488466731678e-05,1.0661488466731678e-05,0.00010661488466731679,0.00010661488466731679
1.060780270522928e-05,1.060780270522928e-05,0.0001060780270522928,0.0001060780270522928
1.0554236407650837e-05,1.0554236407650837e-05,0.00010554236407650836,0.00010554236407650836
1.0500789736445777e-05,1.0500789736445777e-05,0.00010500789736445776,0.00010500789736445776
1.0447462853700745e-05,1.0447462853700745e-05,0.00010447462853700745,0.00010447462853700745
1.039425592113909e-05,1.039425592113909e-05,0.0001039425592113909,0.0001039425592113909
1.034116910012044e-05,1.034116910012044e-05,0.0001034116910012044,0.0001034116910012044
1.0288202551640108e-05,1.0288202551640108e-05,0.00010288202551640108,0.00010288202551640108
1.0235356436328675e-05,1.0235356436328675e-05,0.00010235356436328675,0.00010235356436328675
1.0182630914451518e-05,1.0182630914451518e-05,0.00010182630914451519,0.00010182630914451519
1.0130026145908222e-05,1.0130026145908222e-05,0.00010130026145908222,0.00010130026145908222
1.0077542290232251e-05,1.0077542290232251e-05,0.0001007754229023225,0.0001007754229023225
1.0025179506590315e-05,1.0025179506590315e-05,0.00010025179506590316,0.00010025179506590316
9.972937953781986e-06,9.972937953781986e-06,9.972937953781985e-05,9.972937953781985e-05
9.920817790239163e-06,9.920817790239163e-06,9.920817790239162e-05,9.920817790239162e-05
9.868819174025617e-06,9.868819174025617e-06,9.868819174025617e-05,9.868819174025617e-05
9.816942262836493e-06,9.816942262836493e-06,9.816942262836492e-05,9.816942262836492e-05
9.765187213997884e-06,9.765187213997884e-06,9.765187213997884e-05,9.765187213997884e-05
9.713554184466267e-06,9.713554184466267e-06,9.713554184466267e-05,9.713554184466267e-05
9.662043330828085e-06,9.662043330828085e-06,9.662043330828085e-05,9.662043330828085e-05
9.610654809299302e-06,9.610654809299302e-06,9.610654809299302e-05,9.610654809299302e-05
9.559388775724798e-06,9.559388775724798e-06,9.559388775724798e-05,9.559388775724798e-05
9.508245385578084e-06,9.508245385578084e-06,9.508245385578085e-05,9.508245385578085e-05
9.457224793960684e-06,9.457224793960684e-06,9.457224793960684e-05,9.457224793960684e-05
9.406327155601708e-06,9.406327155601708e-06,9.406327155601708e-05,9.406327155601708e-05
9.3555526248574e-06,9.3555526248574e-06,9.3555526248574e-05,9.3555526248574e-05
9.304901355710665e-06,9.304901355710665e-06,9.304901355710666e-05,9.304901355710666e-05
9.25437350177057e-06,9.25437350177057e-06,9.254373501770569e-05,9.254373501770569e-05
9.203969216271957e-06,9.203969216271957e-06,9.203969216271957e-05,9.203969216271957e-05
9.153688652074844e-06,9.153688652074844e-06,9.153688652074843e-05,9.153688652074843e-05
9.103531961664118e-06,9.103531961664118e-06,9.103531961664119e-05,9.103531961664119e-05
9.05349929714896e-06,9.05349929714896e-06,9.053499297148959e-05,9.053499297148959e-05
9.003590810262402e-06,9.003590810262402e-06,9.003590810262402e-05,9.003590810262402e-05
8.953806652360953e-06,8.953806652360953e-06,8.953806652360952e-05,8.953806652360952e-05
8.904146974423971e-06,8.904146974423971e-06,8.904146974423971e-05,8.904146974423971e-05
8.854611927053402e-06,8.854611927053402e-06,8.854611927053402e-05,8.854611927053402e-05
8.805201660473178e-06,8.805201660473178e-06,8.805201660473178e-05,8.805201660473178e-05
8.755916324528813e-06,8.755916324528813e-06,8.755916324528812e-05,8.755916324528812e-05
8.70675606868695e-06,8.70675606868695e-06,8.706756068686949e-05,8.706756068686949e-05
8.657721042034933e-06,8.657721042034933e-06,8.657721042034933e-05,8.657721042034933e-05
8.608811393280263e-06,8.608811393280263e-06,8.608811393280264e-05,8.608811393280264e-05
8.560027270750277e-06,8.560027270750277e-06,8.560027270750276e-05,8.560027270750276e-05
8.51136882239159e-06,8.51136882239159e-06,8.511368822391591e-05,8.511368822391591e-05
8.462836195769692e-06,8.462836195769692e-06,8.46283619576969e-05,8.46283619576969e-05
8.414429538068536e-06,8.414429538068536e-06,8.414429538068535e-05,8.414429538068535e-05
8.366148996089967e-06,8.366148996089967e-06,8.366148996089968e-05,8.366148996089968e-05
8.317994716253451e-06,8.317994716253451e-06,8.317994716253452e-05,8.317994716253452e-05
8.269966844595496e-06,8.269966844595496e-06,8.269966844595495e-05,8.269966844595495e-05
8.222065526769258e-06,8.222065526769258e-06,8.222065526769257e-05,8.222065526769257e-05
8.17429090804408e-06,8.17429090804408e-06,8.17429090804408e-05,8.17429090804408e-05
8.12664313330514e-06,8.12664313330514e-06,8.126643133305139e-05,8.126643133305139e-05
8.079122347052826e-06,8.079122347052826e-06,8.079122347052825e-05,8.079122347052825e-05
8.031728693402502e-06,8.031728693402502e-06,8.031728693402501e-05,8.031728693402501e-05
7.984462316083947e-06,7.984462316083947e-06,7.984462316083946e-05,7.984462316083946e-05
7.937323358440935e-06,7.937323358440935e-06,7.937323358440934e-05,7.937323358440934e-05
7.890311963430868e-06,7.890311963430868e-06,7.890311963430869e-05,7.890311963430869e-05
7.843428273624216e-06,7.843428273624216e-06,7.843428273624215e-05,7.843428273624215e-05
7.796672431204227e-06,7.796672431204227e-06,7.796672431204227e-05,7.796672431204227e-05
7.750044577966403e-06,7.750044577966403e-06,7.750044577966404e-05,7.750044577966404e-05
7.70354485531809e-06,7.70354485531809e-06,7.70354485531809e-05,7.70354485531809e-05
7.657173404278056e-06,7.657173404278056e-06,7.657173404278056e-05,7.657173404278056e-05
7.610930365476077e-06,7.610930365476077e-06,7.610930365476076e-05,7.610930365476076e-05
7.564815879152471e-06,7.564815879152471e-06,7.56481587915247e-05,7.56481587915247e-05
7.518830085157735e-06,7.518830085157735e-06,7.518830085157735e-05,7.518830085157735e-05
7.472973122952048e-06,7.472973122952048e-06,7.472973122952048e-05,7.472973122952048e-05
7.4272451316048986e-06,7.4272451316048986e-06,7.427245131604898e-05,7.427245131604898e-05
7.381646249794649e-06,7.381646249794649e-06,7.381646249794649e-05,7.381646249794649e-05
7.336176615808094e-06,7.336176615808094e-06,7.336176615808094e-05,7.336176615808094e-05
7.2908363675401e-06,7.2908363675401e-06,7.290836367540099e-05,7.290836367540099e-05
7.245625642493115e-06,7.245625642493115e-06,7.245625642493115e-05,7.245625642493115e-05
7.200544577776791e-06,7.200544577776791e-06,7.20054457777679e-05,7.20054457777679e-05
7.155593310107578e-06,7.155593310107578e-06,7.155593310107578e-05,7.155593310107578e-05
7.110771975808272e-06,7.110771975808272e-06,7.110771975808272e-05,7.110771975808272e-05
7.066080710807615e-06,7.066080710807615e-06,7.066080710807615e-05,7.066080710807615e-05
7.0215196506399515e-06,7.0215196506399515e-06,7.021519650639951e-05,7.021519650639951e-05
6.977088930444664e-06,6.977088930444664e-06,6.977088930444664e-05,6.977088930444664e-05
6.932788684965935e-06,6.932788684965935e-06,6.932788684965935e-05,6.932788684965935e-05
6.888619048552214e-06,6.888619048552214e-06,6.888619048552214e-05,6.888619048552214e-05
6.844580155155861e-06,6.844580155155861e-06,6.84458015515586e-05,6.84458015515586e-05
6.800672138332764e-06,6.800672138332764e-06,6.800672138332764e-05,6.800672138332764e-05
6.756895131241869e-06,6.756895131241869e-06,6.756895131241869e-05,6.756895131241869e-05
6.713249266644828e-06,6.713249266644828e-06,6.713249266644828e-05,6.713249266644828e-05
6.66973467690557e-06,6.66973467690557e-06,6.66973467690557e-05,6.66973467690557e-05
6.626351493989919e-06,6.626351493989919e-06,6.626351493989918e-05,6.626351493989918e-05
6.583099849465169e-06,6.583099849465169e-06,6.583099849465168e-05,6.583099849465168e-05
6.539979874499747e-06,6.539979874499747e-06,6.539979874499746e-05,6.539979874499746e-05
6.496991699862686e-06,6.496991699862686e-06,6.496991699862686e-05,6.496991699862686e-05
6.454135455923393e-06,6.454135455923393e-06,6.454135455923393e-05,6.454135455923393e-05
6.41141127265113e-06,6.41141127265113e-06,6.41141127265113e-05,6.41141127265113e-05
6.368819279614657e-06,6.368819279614657e-06,6.368819279614656e-05,6.368819279614656e-05
6.326359605981863e-06,6.326359605981863e-06,6.326359605981863e-05,6.326359605981863e-05
6.284032380519333e-06,6.284032380519333e-06,6.284032380519334e-05,6.284032380519334e-05
6.24183773159201e-06,6.24183773159201e-06,6.24183773159201e-05,6.24183773159201e-05
6.199775787162748e-06,6.199775787162748e-06,6.199775787162748e-05,6.199775787162748e-05
6.157846674791962e-06,6.157846674791962e-06,6.157846674791961e-05,6.157846674791961e-05
6.116050521637218e-06,6.116050521637218e-06,6.116050521637217e-05,6.116050521637217e-05
6.07438745445289e-06,6.07438745445289e-06,6.07438745445289e-05,6.07438745445289e-05
6.032857599589692e-06,6.032857599589692e-06,6.0328575995896916e-05,6.0328575995896916e-05
5.991461082994404e-06,5.991461082994404e-06,5.9914610829944035e-05,5.9914610829944035e-05
5.950198030209398e-06,5.950198030209398e-06,5.9501980302093975e-05,5.9501980302093975e-05
5.909068566372311e-06,5.909068566372311e-06,5.909068566372311e-05,5.909068566372311e-05
5.86807281621563e-06,5.86807281621563e-06,5.8680728162156305e-05,5.8680728162156305e-05
5.8272109040663435e-06,5.8272109040663435e-06,5.8272109040663435e-05,5.8272109040663435e-05
5.786482953845562e-06,5.786482953845562e-06,5.786482953845562e-05,5.786482953845562e-05
5.7458890890681125e-06,5.7458890890681125e-06,5.745889089068112e-05,5.745889089068112e-05
5.705429432842191e-06,5.705429432842191e-06,5.7054294328421905e-05,5.7054294328421905e-05
5.6651041078689685e-06,5.6651041078689685e-06,5.665104107868968e-05,5.665104107868968e-05
5.624913236442286e-06,5.624913236442286e-06,5.624913236442286e-05,5.624913236442286e-05
5.584856940448141e-06,5.584856940448141e-06,5.584856940448141e-05,5.584856940448141e-05
5.544935341364493e-06,5.544935341364493e-06,5.544935341364493e-05,5.544935341364493e-05
5.505148560260764e-06,5.505148560260764e-06,5.5051485602607643e-05,5.5051485602607643e-05
5.465496717797514e-06,5.465496717797514e-06,5.4654967177975135e-05,5.4654967177975135e-05
5.4259799342261e-06,5.4259799342261e-06,5.4259799342261e-05,5.4259799342261e-05
5.386598329388265e-06,5.386598329388265e-06,5.386598329388265e-05,5.386598329388265e-05
5.347352022715802e-06,5.347352022715802e-06,5.347352022715801e-05,5.347352022715801e-05
5.308241133230224e-06,5.308241133230224e-06,5.3082411332302235e-05,5.3082411332302235e-05
5.269265779542321e-06,5.269265779542321e-06,5.26926577954232e-05,5.26926577954232e-05
5.230426079851858e-06,5.230426079851858e-06,5.230426079851858e-05,5.230426079851858e-05
5.191722151947226e-06,5.191722151947226e-06,5.191722151947226e-05,5.191722151947226e-05
5.153154113205028e-06,5.153154113205028e-06,5.153154113205027e-05,5.153154113205027e-05
5.114722080589807e-06,5.114722080589807e-06,5.1147220805898065e-05,5.1147220805898065e-05
5.076426170653581e-06,5.076426170653581e-06,5.076426170653581e-05,5.076426170653581e-05
5.03826649953561e-06,5.03826649953561e-06,5.03826649953561e-05,5.03826649953561e-05
5.000243182961961e-06,5.000243182961961e-06,5.000243182961961e-05,5.000243182961961e-05
4.962356336245166e-06,4.962356336245166e-06,4.962356336245166e-05,4.962356336245166e-05
4.924606074283899e-06,4.924606074283899e-06,4.924606074283899e-05,4.924606074283899e-05
4.886992511562655e-06,4.886992511562655e-06,4.886992511562654e-05,4.886992511562654e-05
4.849515762151285e-06,4.849515762151285e-06,4.8495157621512856e-05,4.8495157621512856e-05
4.8121759397047995e-06,4.8121759397047995e-06,4.8121759397047994e-05,4.8121759397047994e-05
4.7749731574629196e-06,4.7749731574629196e-06,4.77497315746292e-05,4.77497315746292e-05
4.737907528249763e-06,4.737907528249763e-06,4.737907528249763e-05,4.737907528249763e-05
4.700979164473551e-06,4.700979164473551e-06,4.700979164473551e-05,4.700979164473551e-05
4.664188178126145e-06,4.664188178126145e-06,4.664188178126144e-05,4.664188178126144e-05
4.627534680782858e-06,4.627534680782858e-06,4.6275346807828576e-05,4.6275346807828576e-05
4.591018783602008e-06,4.591018783602008e-06,4.591018783602008e-05,4.591018783602008e-05
4.554640597324622e-06,4.554640597324622e-06,4.554640597324622e-05,4.554640597324622e-05
4.5184002322740785e-06,4.5184002322740785e-06,4.518400232274078e-05,4.518400232274078e-05
4.4822977983558336e-06,4.4822977983558336e-06,4.482297798355833e-05,4.482297798355833e-05
4.446333405056979e-06,4.446333405056979e-06,4.446333405056979e-05,4.446333405056979e-05
4.410507161446026e-06,4.410507161446026e-06,4.410507161446026e-05,4.410507161446026e-05
4.374819176172501e-06,4.374819176172501e-06,4.374819176172501e-05,4.374819176172501e-05
4.33926955746663e-06,4.33926955746663e-06,4.33926955746663e-05,4.33926955746663e-05
4.303858413139045e-06,4.303858413139045e-06,4.3038584131390444e-05,4.3038584131390444e-05
4.268585850580381e-06,4.268585850580381e-06,4.268585850580381e-05,4.268585850580381e-05
4.2334519767610545e-06,4.2334519767610545e-06,4.233451976761055e-05,4.233451976761055e-05
4.198456898230851e-06,4.198456898230851e-06,4.198456898230851e-05,4.198456898230851e-05
4.163600721118638e-06,4.163600721118638e-06,4.163600721118638e-05,4.163600721118638e-05
4.12888355113204e-06,4.12888355113204e-06,4.12888355113204e-05,4.12888355113204e-05
4.094305493557121e-06,4.094305493557121e-06,4.094305493557121e-05,4.094305493557121e-05
4.0598666532580544e-06,4.0598666532580544e-06,4.059866653258054e-05,4.059866653258054e-05
4.025567134676844e-06,4.025567134676844e-06,4.025567134676844e-05,4.025567134676844e-05
3.991407041832912e-06,3.991407041832912e-06,3.991407041832912e-05,3.991407041832912e-05
3.957386478322905e-06,3.957386478322905e-06,3.957386478322905e-05,3.957386478322905e-05
3.923505547320316e-06,3.923505547320316e-06,3.9235055473203165e-05,3.9235055473203165e-05
3.8897643515751315e-06,3.8897643515751315e-06,3.889764351575131e-05,3.889764351575131e-05
3.85616299341362e-06,3.85616299341362e-06,3.85616299341362e-05,3.85616299341362e-05
3.82270157473793e-06,3.82270157473793e-06,3.8227015747379304e-05,3.8227015747379304e-05
3.7893801970258435e-06,3.7893801970258435e-06,3.7893801970258435e-05,3.7893801970258435e-05
3.756198961330426e-06,3.756198961330426e-06,3.756198961330426e-05,3.756198961330426e-05
3.7231579682797447e-06,3.7231579682797447e-06,3.723157968279745e-05,3.723157968279745e-05
3.69025731807654e-06,3.69025731807654e-06,3.69025731807654e-05,3.69025731807654e-05
3.6574971104979872e-06,3.6574971104979872e-06,3.657497110497987e-05,3.657497110497987e-05
3.6248774448952695e-06,3.6248774448952695e-06,3.624877444895269e-05,3.624877444895269e-05
3.5923984201934046e-06,3.5923984201934046e-06,3.5923984201934044e-05,3.5923984201934044e-05
3.560060134890897e-06,3.560060134890897e-06,3.560060134890897e-05,3.560060134890897e-05
3.52786268705938e-06,3.52786268705938e-06,3.52786268705938e-05,3.52786268705938e-05
3.49580617434343e-06,3.49580617434343e-06,3.49580617434343e-05,3.49580617434343e-05
3.4638906939601813e-06,3.4638906939601813e-06,3.463890693960181e-05,3.463890693960181e-05
3.432116342699071e-06,3.432116342699071e-06,3.432116342699071e-05,3.432116342699071e-05
3.400483216921524e-06,3.400483216921524e-06,3.400483216921524e-05,3.400483216921524e-05
3.368991412560696e-06,3.368991412560696e-06,3.368991412560696e-05,3.368991412560696e-05
3.3376410251211355e-06,3.3376410251211355e-06,3.337641025121135e-05,3.337641025121135e-05
3.3064321496785567e-06,3.3064321496785567e-06,3.306432149678557e-05,3.306432149678557e-05
3.2753648808794503e-06,3.2753648808794503e-06,3.27536488087945e-05,3.27536488087945e-05
3.2444393129409334e-06,3.2444393129409334e-06,3.244439312940933e-05,3.244439312940933e-05
3.213655539650334e-06,3.213655539650334e-06,3.213655539650334e-05,3.213655539650334e-05
3.18301365436498e-06,3.18301365436498e-06,3.18301365436498e-05,3.18301365436498e-05
3.1525137500119207e-06,3.1525137500119207e-06,3.152513750011921e-05,3.152513750011921e-05
3.1221559190875716e-06,3.1221559190875716e-06,3.122155919087572e-05,3.122155919087572e-05
3.0919402536575383e-06,3.0919402536575383e-06,3.091940253657538e-05,3.091940253657538e-05
3.0618668453562593e-06,3.0618668453562593e-06,3.0618668453562594e-05,3.0618668453562594e-05
3.031935785386747e-06,3.031935785386747e-06,3.031935785386747e-05,3.031935785386747e-05
3.0021471645203192e-06,3.0021471645203192e-06,3.002147164520319e-05,3.002147164520319e-05
2.9725010730963567e-06,2.9725010730963567e-06,2.9725010730963563e-05,2.9725010730963563e-05
2.942997601021924e-06,2.942997601021924e-06,2.9429976010219238e-05,2.9429976010219238e-05
2.9136368377716327e-06,2.9136368377716327e-06,2.913636837771633e-05,2.913636837771633e-05
2.8844188723872733e-06,2.8844188723872733e-06,2.884418872387273e-05,2.884418872387273e-05
2.855343793477572e-06,2.855343793477572e-06,2.8553437934775716e-05,2.8553437934775716e-05
2.826411689217956e-06,2.826411689217956e-06,2.826411689217956e-05,2.826411689217956e-05
2.797622647350212e-06,2.797622647350212e-06,2.797622647350212e-05,2.797622647350212e-05
2.7689767551823066e-06,2.7689767551823066e-06,2.7689767551823063e-05,2.7689767551823063e-05
2.740474099588053e-06,2.740474099588053e-06,2.7404740995880527e-05,2.7404740995880527e-05
2.7121147670068793e-06,2.7121147670068793e-06,2.712114767006879e-05,2.712114767006879e-05
2.683898843443555e-06,2.683898843443555e-06,2.683898843443555e-05,2.683898843443555e-05
2.6558264144679712e-06,2.6558264144679712e-06,2.655826414467971e-05,2.655826414467971e-05
2.6278975652147875e-06,2.6278975652147875e-06,2.6278975652147873e-05,2.6278975652147873e-05
2.6001123803832793e-06,2.6001123803832793e-06,2.6001123803832793e-05,2.6001123803832793e-05
2.5724709442370155e-06,2.5724709442370155e-06,2.5724709442370152e-05,2.5724709442370152e-05
2.5449733406036237e-06,2.5449733406036237e-06,2.5449733406036236e-05,2.5449733406036236e-05
2.517619652874531e-06,2.517619652874531e-06,2.5176196528745308e-05,2.5176196528745308e-05
2.4904099640047028e-06,2.4904099640047028e-06,2.4904099640047028e-05,2.4904099640047028e-05
2.4633443565124424e-06,2.4633443565124424e-06,2.4633443565124426e-05,2.4633443565124426e-05
2.436422912479053e-06,2.436422912479053e-06,2.4364229124790527e-05,2.4364229124790527e-05
2.4096457135486638e-06,2.4096457135486638e-06,2.4096457135486638e-05,2.4096457135486638e-05
2.3830128409279397e-06,2.3830128409279397e-06,2.3830128409279395e-05,2.3830128409279395e-05
2.3565243753858657e-06,2.3565243753858657e-06,2.3565243753858656e-05,2.3565243753858656e-05
2.330180397253473e-06,2.330180397253473e-06,2.330180397253473e-05,2.330180397253473e-05
2.3039809864236263e-06,2.3039809864236263e-06,2.303980986423626e-05,2.303980986423626e-05
2.2779262223507236e-06,2.2779262223507236e-06,2.2779262223507234e-05,2.2779262223507234e-05
2.252016184050554e-06,2.252016184050554e-06,2.2520161840505537e-05,2.2520161840505537e-05
2.2262509500999507e-06,2.2262509500999507e-06,2.2262509500999507e-05,2.2262509500999507e-05
2.200630598636627e-06,2.200630598636627e-06,2.2006305986366272e-05,2.2006305986366272e-05
2.1751552073589033e-06,2.1751552073589033e-06,2.1751552073589032e-05,2.1751552073589032e-05
2.1498248535254895e-06,2.1498248535254895e-06,2.1498248535254893e-05,2.1498248535254893e-05
2.1246396139552426e-06,2.1246396139552426e-06,2.1246396139552425e-05,2.1246396139552425e-05
2.0995995650269274e-06,2.0995995650269274e-06,2.0995995650269274e-05,2.0995995650269274e-05
2.074704782678999e-06,2.074704782678999e-06,2.074704782678999e-05,2.074704782678999e-05
2.049955342409349e-06,2.049955342409349e-06,2.0499553424093487e-05,2.0499553424093487e-05
2.0253513192751373e-06,2.0253513192751373e-06,2.025351319275137e-05,2.025351319275137e-05
2.0008927878924555e-06,2.0008927878924555e-06,2.0008927878924556e-05,2.0008927878924556e-05
1.9765798224362196e-06,1.9765798224362196e-06,1.9765798224362196e-05,1.9765798224362196e-05
1.9524124966398717e-06,1.9524124966398717e-06,1.9524124966398715e-05,1.9524124966398715e-05
1.928390883795167e-06,1.928390883795167e-06,1.928390883795167e-05,1.928390883795167e-05
1.9045150567519598e-06,1.9045150567519598e-06,1.9045150567519598e-05,1.9045150567519598e-05
1.8807850879180078e-06,1.8807850879180078e-06,1.8807850879180077e-05,1.8807850879180077e-05
1.8572010492587e-06,1.8572010492587e-06,1.8572010492586998e-05,1.8572010492586998e-05
1.8337630122968795e-06,1.8337630122968795e-06,1.8337630122968795e-05,1.8337630122968795e-05
1.8104710481126053e-06,1.8104710481126053e-06,1.810471048112605e-05,1.810471048112605e-05
1.7873252273429509e-06,1.7873252273429509e-06,1.787325227342951e-05,1.787325227342951e-05
1.7643256201817836e-06,1.7643256201817836e-06,1.7643256201817838e-05,1.7643256201817838e-05
1.7414722963795426e-06,1.7414722963795426e-06,1.7414722963795427e-05,1.7414722963795427e-05
1.7187653252430435e-06,1.7187653252430435e-06,1.7187653252430434e-05,1.7187653252430434e-05
1.6962047756352739e-06,1.6962047756352739e-06,1.6962047756352737e-05,1.6962047756352737e-05
1.6737907159751431e-06,1.6737907159751431e-06,1.673790715975143e-05,1.673790715975143e-05
1.6515232142373216e-06,1.6515232142373216e-06,1.6515232142373216e-05,1.6515232142373216e-05
1.6294023379520184e-06,1.6294023379520184e-06,1.6294023379520183e-05,1.6294023379520183e-05
1.6074281542047653e-06,1.6074281542047653e-06,1.6074281542047653e-05,1.6074281542047653e-05
1.585600729636233e-06,1.585600729636233e-06,1.5856007296362328e-05,1.5856007296362328e-05
1.5639201304420093e-06,1.5639201304420093e-06,1.563920130442009e-05,1.563920130442009e-05
1.542386422372405e-06,1.542386422372405e-06,1.542386422372405e-05,1.542386422372405e-05
1.5209996707322816e-06,1.5209996707322816e-06,1.5209996707322815e-05,1.5209996707322815e-05
1.499759940380785e-06,1.499759940380785e-06,1.4997599403807849e-05,1.4997599403807849e-05
1.4786672957312397e-06,1.4786672957312397e-06,1.4786672957312397e-05,1.4786672957312397e-05
1.457721800750872e-06,1.457721800750872e-06,1.457721800750872e-05,1.457721800750872e-05
1.43692351896067e-06,1.43692351896067e-06,1.43692351896067e-05,1.43692351896067e-05
1.4162725134351573e-06,1.4162725134351573e-06,1.4162725134351573e-05,1.4162725134351573e-05
1.3957688468022312e-06,1.3957688468022312e-06,1.3957688468022311e-05,1.3957688468022311e-05
1.3754125812429352e-06,1.3754125812429352e-06,1.3754125812429352e-05,1.3754125812429352e-05
1.3552037784913207e-06,1.3552037784913207e-06,1.3552037784913207e-05,1.3552037784913207e-05
1.3351424998342131e-06,1.3351424998342131e-06,1.3351424998342132e-05,1.3351424998342132e-05
1.3152288061110518e-06,1.3152288061110518e-06,1.3152288061110518e-05,1.3152288061110518e-05
1.2954627577136835e-06,1.2954627577136835e-06,1.2954627577136836e-05,1.2954627577136836e-05
1.275844414586208e-06,1.275844414586208e-06,1.275844414586208e-05,1.275844414586208e-05
1.256373836224789e-06,1.256373836224789e-06,1.2563738362247889e-05,1.2563738362247889e-05
1.2370510816774539e-06,1.2370510816774539e-06,1.2370510816774539e-05,1.2370510816774539e-05
1.2178762095439332e-06,1.2178762095439332e-06,1.2178762095439333e-05,1.2178762095439333e-05
1.1988492779754668e-06,1.1988492779754668e-06,1.1988492779754667e-05,1.1988492779754667e-05
1.1799703446746579e-06,1.1799703446746579e-06,1.1799703446746579e-05,1.1799703446746579e-05
1.161239466895253e-06,1.161239466895253e-06,1.1612394668952531e-05,1.1612394668952531e-05
1.1426567014420297e-06,1.1426567014420297e-06,1.1426567014420297e-05,1.1426567014420297e-05
1.1242221046705415e-06,1.1242221046705415e-06,1.1242221046705415e-05,1.1242221046705415e-05
1.1059357324870455e-06,1.1059357324870455e-06,1.1059357324870456e-05,1.1059357324870456e-05
1.0877976403482314e-06,1.0877976403482314e-06,1.0877976403482314e-05,1.0877976403482314e-05
1.0698078832611369e-06,1.0698078832611369e-06,1.069807883261137e-05,1.069807883261137e-05
1.0519665157829484e-06,1.0519665157829484e-06,1.0519665157829483e-05,1.0519665157829483e-05
1.0342735920207958e-06,1.0342735920207958e-06,1.0342735920207957e-05,1.0342735920207957e-05
1.016729165631669e-06,1.016729165631669e-06,1.016729165631669e-05,1.016729165631669e-05
9.993332898221963e-07,9.993332898221963e-07,9.993332898221963e-06,9.993332898221963e-06
9.82086017348499e-07,9.82086017348499e-07,9.82086017348499e-06,9.82086017348499e-06
9.649874005160263e-07,9.649874005160263e-07,9.649874005160265e-06,9.649874005160265e-06
9.480374911794266e-07,9.480374911794266e-07,9.480374911794265e-06,9.480374911794265e-06
9.312363407423253e-07,9.312363407423253e-07,9.312363407423252e-06,9.312363407423252e-06
9.145840001572537e-07,9.145840001572537e-07,9.145840001572536e-06,9.145840001572536e-06
8.980805199254205e-07,8.980805199254205e-07,8.980805199254205e-06,8.980805199254205e-06
8.817259500965957e-07,8.817259500965957e-07,8.817259500965957e-06,8.817259500965957e-06
8.655203402689605e-07,8.655203402689605e-07,8.655203402689605e-06,8.655203402689605e-06
8.494637395889349e-07,8.494637395889349e-07,8.494637395889348e-06,8.494637395889348e-06
8.335561967510564e-07,8.335561967510564e-07,8.335561967510564e-06,8.335561967510564e-06
8.177977599978071e-07,8.177977599978071e-07,8.17797759997807e-06,8.17797759997807e-06
8.021884771194809e-07,8.021884771194809e-07,8.02188477119481e-06,8.02188477119481e-06
7.867283954540283e-07,7.867283954540283e-07,7.867283954540283e-06,7.867283954540283e-06
7.714175618869446e-07,7.714175618869446e-07,7.714175618869445e-06,7.714175618869445e-06
7.562560228510651e-07,7.562560228510651e-07,7.562560228510651e-06,7.562560228510651e-06
7.41243824326504e-07,7.41243824326504e-07,7.41243824326504e-06,7.41243824326504e-06
7.263810118404435e-07,7.263810118404435e-07,7.263810118404435e-06,7.263810118404435e-06
7.116676304670333e-07,7.116676304670333e-07,7.116676304670333e-06,7.116676304670333e-06
6.971037248272582e-07,6.971037248272582e-07,6.971037248272582e-06,6.971037248272582e-06
6.826893390887712e-07,6.826893390887712e-07,6.8268933908877115e-06,6.8268933908877115e-06
6.684245169657987e-07,6.684245169657987e-07,6.684245169657987e-06,6.684245169657987e-06
6.543093017189805e-07,6.543093017189805e-07,6.543093017189805e-06,6.543093017189805e-06
6.403437361552411e-07,6.403437361552411e-07,6.403437361552411e-06,6.403437361552411e-06
6.265278626276683e-07,6.265278626276683e-07,6.265278626276683e-06,6.265278626276683e-06
6.128617230353851e-07,6.128617230353851e-07,6.12861723035385e-06,6.12861723035385e-06
5.993453588234165e-07,5.993453588234165e-07,5.993453588234166e-06,5.993453588234166e-06
5.859788109825793e-07,5.859788109825793e-07,5.859788109825792e-06,5.859788109825792e-06
5.727621200493138e-07,5.727621200493138e-07,5.727621200493138e-06,5.727621200493138e-06
5.596953261056304e-07,5.596953261056304e-07,5.596953261056304e-06,5.596953261056304e-06
5.467784687789302e-07,5.467784687789302e-07,5.467784687789301e-06,5.467784687789301e-06
5.340115872418949e-07,5.340115872418949e-07,5.340115872418949e-06,5.340115872418949e-06
5.213947202124037e-07,5.213947202124037e-07,5.213947202124036e-06,5.213947202124036e-06
5.089279059533658e-07,5.089279059533658e-07,5.089279059533658e-06,5.089279059533658e-06
4.966111822726383e-07,4.966111822726383e-07,4.966111822726382e-06,4.966111822726382e-06
4.84444586522903e-07,4.84444586522903e-07,4.8444458652290305e-06,4.8444458652290305e-06
4.724281556015564e-07,4.724281556015564e-07,4.724281556015564e-06,4.724281556015564e-06
4.6056192595057e-07,4.6056192595057e-07,4.6056192595057e-06,4.6056192595057e-06
4.48845933556441e-07,4.48845933556441e-07,4.48845933556441e-06,4.48845933556441e-06
4.3728021395000874e-07,4.3728021395000874e-07,4.3728021395000875e-06,4.3728021395000875e-06
4.2586480220639936e-07,4.2586480220639936e-07,4.2586480220639935e-06,4.2586480220639935e-06
4.145997329449092e-07,4.145997329449092e-07,4.1459973294490915e-06,4.1459973294490915e-06
4.034850403288826e-07,4.034850403288826e-07,4.034850403288825e-06,4.034850403288825e-06
3.9252075806562316e-07,3.9252075806562316e-07,3.925207580656231e-06,3.925207580656231e-06
3.817069194062939e-07,3.817069194062939e-07,3.817069194062939e-06,3.817069194062939e-06
3.71043557145806e-07,3.71043557145806e-07,3.7104355714580594e-06,3.7104355714580594e-06
3.6053070362271345e-07,3.6053070362271345e-07,3.6053070362271346e-06,3.6053070362271346e-06
3.5016839071914664e-07,3.5016839071914664e-07,3.5016839071914663e-06,3.5016839071914663e-06
3.399566498606732e-07,3.399566498606732e-07,3.399566498606732e-06,3.399566498606732e-06
3.2989551201624835e-07,3.2989551201624835e-07,3.2989551201624833e-06,3.2989551201624833e-06
3.199850076980704e-07,3.199850076980704e-07,3.199850076980704e-06,3.199850076980704e-06
3.1022516696152526e-07,3.1022516696152526e-07,3.1022516696152524e-06,3.1022516696152524e-06
3.0061601940509775e-07,3.0061601940509775e-07,3.0061601940509773e-06,3.0061601940509773e-06
2.911575941702438e-07,2.911575941702438e-07,2.9115759417024377e-06,2.9115759417024377e-06
2.81849919941346e-07,2.81849919941346e-07,2.81849919941346e-06,2.81849919941346e-06
2.7269302494559725e-07,2.7269302494559725e-07,2.7269302494559723e-06,2.7269302494559723e-06
2.636869369529338e-07,2.636869369529338e-07,2.636869369529338e-06,2.636869369529338e-06
2.548316832759301e-07,2.548316832759301e-07,2.548316832759301e-06,2.548316832759301e-06
2.4612729076974316e-07,2.4612729076974316e-07,2.461272907697432e-06,2.461272907697432e-06
2.3757378583200152e-07,2.3757378583200152e-07,2.3757378583200153e-06,2.3757378583200153e-06
2.2917119440275524e-07,2.2917119440275524e-07,2.2917119440275524e-06,2.2917119440275524e-06
2.2091954196436503e-07,2.2091954196436503e-07,2.20919541964365e-06,2.20919541964365e-06
2.1281885354146323e-07,2.1281885354146323e-07,2.1281885354146326e-06,2.1281885354146326e-06
2.048691537008318e-07,2.048691537008318e-07,2.048691537008318e-06,2.048691537008318e-06
1.970704665513745e-07,1.970704665513745e-07,1.970704665513745e-06,1.970704665513745e-06
1.8942281574401143e-07,1.8942281574401143e-07,1.8942281574401143e-06,1.8942281574401143e-06
1.81926224471618e-07,1.81926224471618e-07,1.81926224471618e-06,1.81926224471618e-06
1.7458071546895272e-07,1.7458071546895272e-07,1.7458071546895272e-06,1.7458071546895272e-06
1.6738631101259615e-07,1.6738631101259615e-07,1.6738631101259616e-06,1.6738631101259616e-06
1.6034303292087326e-07,1.6034303292087326e-07,1.6034303292087326e-06,1.6034303292087326e-06
1.5345090255379224e-07,1.5345090255379224e-07,1.5345090255379224e-06,1.5345090255379224e-06
1.4670994081297795e-07,1.4670994081297795e-07,1.4670994081297795e-06,1.4670994081297795e-06
1.4012016814160534e-07,1.4012016814160534e-07,1.4012016814160534e-06,1.4012016814160534e-06
1.3368160452435496e-07,1.3368160452435496e-07,1.3368160452435496e-06,1.3368160452435496e-06
1.2739426948732424e-07,1.2739426948732424e-07,1.2739426948732423e-06,1.2739426948732423e-06
1.21258182097983e-07,1.21258182097983e-07,1.21258182097983e-06,1.21258182097983e-06
1.1527336096512354e-07,1.1527336096512354e-07,1.1527336096512354e-06,1.1527336096512354e-06
1.094398242387995e-07,1.094398242387995e-07,1.094398242387995e-06,1.094398242387995e-06
1.0375758961024273e-07,1.0375758961024273e-07,1.0375758961024273e-06,1.0375758961024273e-06
9.822667431186872e-08,9.822667431186872e-08,9.822667431186872e-07,9.822667431186872e-07
9.28470951171656e-08,9.28470951171656e-08,9.284709511716561e-07,9.284709511716561e-07
8.761886834067756e-08,8.761886834067756e-08,8.761886834067756e-07,8.761886834067756e-07
8.254200983794369e-08,8.254200983794369e-08,8.254200983794369e-07,8.254200983794369e-07
7.761653500544252e-08,7.761653500544252e-08,7.761653500544252e-07,7.761653500544252e-07
7.284245878057538e-08,7.284245878057538e-08,7.284245878057538e-07,7.284245878057538e-07
6.8219795641572e-08,6.8219795641572e-08,6.8219795641572e-07,6.8219795641572e-07
6.374855960750158e-08,6.374855960750158e-08,6.374855960750159e-07,6.374855960750159e-07
5.942876423818966e-08,5.942876423818966e-08,5.942876423818966e-07,5.942876423818966e-07
5.526042263419018e-08,5.526042263419018e-08,5.526042263419018e-07,5.526042263419018e-07
5.1243547436746754e-08,5.1243547436746754e-08,5.124354743674676e-07,5.124354743674676e-07
4.7378150827764864e-08,4.7378150827764864e-08,4.7378150827764863e-07,4.7378150827764863e-07
4.366424452973972e-08,4.366424452973972e-08,4.366424452973972e-07,4.366424452973972e-07
4.010183980577842e-08,4.010183980577842e-08,4.0101839805778415e-07,4.0101839805778415e-07
3.669094745950008e-08,3.669094745950008e-08,3.669094745950008e-07,3.669094745950008e-07
3.3431577835052466e-08,3.3431577835052466e-08,3.343157783505246e-07,3.343157783505246e-07
3.032374081706757e-08,3.032374081706757e-08,3.032374081706757e-07,3.032374081706757e-07
2.736744583061168e-08,2.736744583061168e-08,2.736744583061168e-07,2.736744583061168e-07
2.4562701841185366e-08,2.4562701841185366e-08,2.456270184118536e-07,2.456270184118536e-07
2.1909517354679053e-08,2.1909517354679053e-08,2.1909517354679053e-07,2.1909517354679053e-07
1.9407900417345305e-08,1.9407900417345305e-08,1.9407900417345304e-07,1.9407900417345304e-07
1.7057858615798783e-08,1.7057858615798783e-08,1.7057858615798783e-07,1.7057858615798783e-07
1.4859399076955215e-08,1.4859399076955215e-08,1.4859399076955215e-07,1.4859399076955215e-07
1.2812528468042485e-08,1.2812528468042485e-08,1.2812528468042484e-07,1.2812528468042484e-07
1.0917252996567317e-08,1.0917252996567317e-08,1.0917252996567318e-07,1.0917252996567318e-07
9.17357841028199e-09,9.17357841028199e-09,9.17357841028199e-08,9.17357841028199e-08
7.581509997206526e-09,7.581509997206526e-09,7.581509997206526e-08,7.581509997206526e-08
6.14105258556763e-09,6.14105258556763e-09,6.14105258556763e-08,6.14105258556763e-08
4.852210543809798e-09,4.852210543809798e-09,4.852210543809799e-08,4.852210543809799e-08
3.7149877805786602e-09,3.7149877805786602e-09,3.71498778057866e-08,3.71498778057866e-08
2.729387744715428e-09,2.729387744715428e-09,2.729387744715428e-08,2.729387744715428e-08
1.895413425223591e-09,1.895413425223591e-09,1.8954134252235912e-08,1.8954134252235912e-08
1.2130673512744661e-09,1.2130673512744661e-09,1.2130673512744661e-08,1.2130673512744661e-08
6.823515922183e-10,6.823515922183e-10,6.823515922182999e-09,6.823515922182999e-09
3.0326775753430904e-10,3.0326775753430904e-10,3.03267757534309e-09,3.03267757534309e-09
7.581699686398658e-11,7.581699686398658e-11,7.581699686398657e-10,7.581699686398657e-10
