0,1,2,3
6.0975609756097564e-06,6.0975609756097564e-06,6.097560975609757e-05,6.097560975609757e-05
1.2195121951219513e-05,1.2195121951219513e-05,0.00012195121951219514,0.00012195121951219514
1.8292682926829268e-05,1.8292682926829268e-05,0.00018292682926829268,0.00018292682926829268
2.4390243902439026e-05,2.4390243902439026e-05,0.00024390243902439027,0.00024390243902439027
3.048780487804878e-05,3.048780487804878e-05,0.0003048780487804878,0.0003048780487804878
3.6585365853658535e-05,3.6585365853658535e-05,0.00036585365853658537,0.00036585365853658537
4.26829268292683e-05,4.26829268292683e-05,0.000426829268292683,0.000426829268292683
4.878048780487805e-05,4.878048780487805e-05,0.00048780487804878054,0.00048780487804878054
5.4878048780487806e-05,5.4878048780487806e-05,0.0005487804878048781,0.0005487804878048781
6.097560975609756e-05,6.097560975609756e-05,0.0006097560975609756,0.0006097560975609756
6.707317073170732e-05,6.707317073170732e-05,0.0006707317073170732,0.0006707317073170732
7.317073170731707e-05,7.317073170731707e-05,0.0007317073170731707,0.0007317073170731707
7.926829268292683e-05,7.926829268292683e-05,0.0007926829268292683,0.0007926829268292683
8.53658536585366e-05,8.53658536585366e-05,0.000853658536585366,0.000853658536585366
9.146341463414634e-05,9.146341463414634e-05,0.0009146341463414634,0.0009146341463414634
9.75609756097561e-05,9.75609756097561e-05,0.0009756097560975611,0.0009756097560975611
0.00010365853658536585,0.00010365853658536585,0.0010365853658536586,0.0010365853658536586
0.00010975609756097561,0.00010975609756097561,0.0010975609756097562,0.0010975609756097562
0.00011585365853658537,0.00011585365853658537,0.0011585365853658538,0.0011585365853658538
0.00012195121951219512,0.00012195121951219512,0.0012195121951219512,0.0012195121951219512
0.00012804878048780488,0.00012804878048780488,0.0012804878048780488,0.0012804878048780488
0.00013414634146341464,0.00013414634146341464,0.0013414634146341464,0.0013414634146341464
0.0001402439024390244,0.0001402439024390244,0.001402439024390244,0.001402439024390244
0.00014634146341463414,0.00014634146341463414,0.0014634146341463415,0.0014634146341463415
0.0001524390243902439,0.0001524390243902439,0.001524390243902439,0.001524390243902439
0.00015853658536585366,0.00015853658536585366,0.0015853658536585367,0.0015853658536585367
0.00016463414634146343,0.00016463414634146343,0.0016463414634146343,0.0016463414634146343
0.0001707317073170732,0.0001707317073170732,0.001707317073170732,0.001707317073170732
0.00017682926829268292,0.00017682926829268292,0.001768292682926829,0.001768292682926829
0.00018292682926829268,0.00018292682926829268,0.0018292682926829267,0.0018292682926829267
0.00018902439024390244,0.00018902439024390244,0.0018902439024390246,0.0018902439024390246
0.0001951219512195122,0.0001951219512195122,0.0019512195121951222,0.0019512195121951222
0.00020121951219512197,0.00020121951219512197,0.0020121951219512196,0.0020121951219512196
0.0002073170731707317,0.0002073170731707317,0.002073170731707317,0.002073170731707317
0.00021341463414634146,0.00021341463414634146,0.002134146341463415,0.002134146341463415
0.00021951219512195122,0.00021951219512195122,0.0021951219512195124,0.0021951219512195124
0.00022560975609756099,0.00022560975609756099,0.00225609756097561,0.00225609756097561
0.00023170731707317075,0.00023170731707317075,0.0023170731707317076,0.0023170731707317076
0.00023780487804878048,0.00023780487804878048,0.002378048780487805,0.002378048780487805
0.00024390243902439024,0.00024390243902439024,0.0024390243902439024,0.0024390243902439024
0.00025,0.00025,0.0025,0.0025
0.00025609756097560977,0.00025609756097560977,0.0025609756097560977,0.0025609756097560977
0.00026219512195121953,0.00026219512195121953,0.0026219512195121953,0.0026219512195121953
0.0002682926829268293,0.0002682926829268293,0.002682926829268293,0.002682926829268293
0.00027439024390243905,0.00027439024390243905,0.0027439024390243905,0.0027439024390243905
0.0002804878048780488,0.0002804878048780488,0.002804878048780488,0.002804878048780488
0.0002865853658536585,0.0002865853658536585,0.0028658536585365853,0.0028658536585365853
0.0002926829268292683,0.0002926829268292683,0.002926829268292683,0.002926829268292683
0.00029878048780487804,0.00029878048780487804,0.0029878048780487805,0.0029878048780487805
0.0003048780487804878,0.0003048780487804878,0.003048780487804878,0.003048780487804878
0.00031097560975609757,0.00031097560975609757,0.0031097560975609758,0.0031097560975609758
0.00031707317073170733,0.00031707317073170733,0.0031707317073170734,0.0031707317073170734
0.0003231707317073171,0.0003231707317073171,0.003231707317073171,0.003231707317073171
0.00032926829268292685,0.00032926829268292685,0.0032926829268292686,0.0032926829268292686
0.0003353658536585366,0.0003353658536585366,0.0033536585365853662,0.0033536585365853662
0.0003414634146341464,0.0003414634146341464,0.003414634146341464,0.003414634146341464
0.0003475609756097561,0.0003475609756097561,0.0034756097560975606,0.0034756097560975606
0.00035365853658536584,0.00035365853658536584,0.003536585365853658,0.003536585365853658
0.0003597560975609756,0.0003597560975609756,0.003597560975609756,0.003597560975609756
0.00036585365853658537,0.00036585365853658537,0.0036585365853658534,0.0036585365853658534
0.0003719512195121951,0.0003719512195121951,0.003719512195121951,0.003719512195121951
0.0003780487804878049,0.0003780487804878049,0.003780487804878049,0.003780487804878049
0.00038414634146341465,0.00038414634146341465,0.0038414634146341467,0.0038414634146341467
0.0003902439024390244,0.0003902439024390244,0.0039024390243902443,0.0039024390243902443
0.0003963414634146342,0.0003963414634146342,0.0039634146341463415,0.0039634146341463415
0.00040243902439024393,0.00040243902439024393,0.004024390243902439,0.004024390243902439
0.00040853658536585364,0.00040853658536585364,0.004085365853658537,0.004085365853658537
0.0004146341463414634,0.0004146341463414634,0.004146341463414634,0.004146341463414634
0.00042073170731707316,0.00042073170731707316,0.004207317073170732,0.004207317073170732
0.0004268292682926829,0.0004268292682926829,0.00426829268292683,0.00426829268292683
0.0004329268292682927,0.0004329268292682927,0.004329268292682927,0.004329268292682927
0.00043902439024390245,0.00043902439024390245,0.004390243902439025,0.004390243902439025
0.0004451219512195122,0.0004451219512195122,0.0044512195121951224,0.0044512195121951224
0.00045121951219512197,0.00045121951219512197,0.00451219512195122,0.00451219512195122
0.00045731707317073173,0.00045731707317073173,0.004573170731707318,0.004573170731707318
0.0004634146341463415,0.0004634146341463415,0.004634146341463415,0.004634146341463415
0.0004695121951219512,0.0004695121951219512,0.004695121951219512,0.004695121951219512
0.00047560975609756096,0.00047560975609756096,0.00475609756097561,0.00475609756097561
0.0004817073170731707,0.0004817073170731707,0.004817073170731707,0.004817073170731707
0.0004878048780487805,0.0004878048780487805,0.004878048780487805,0.004878048780487805
0.0004939024390243902,0.0004939024390243902,0.0049390243902439025,0.0049390243902439025
0.0005,0.0005,0.005,0.005
0.0005060975609756098,0.0005060975609756098,0.005060975609756098,0.005060975609756098
0.0005121951219512195,0.0005121951219512195,0.005121951219512195,0.005121951219512195
0.0005182926829268293,0.0005182926829268293,0.005182926829268293,0.005182926829268293
0.0005243902439024391,0.0005243902439024391,0.0052439024390243906,0.0052439024390243906
0.0005304878048780488,0.0005304878048780488,0.005304878048780488,0.005304878048780488
0.0005365853658536586,0.0005365853658536586,0.005365853658536586,0.005365853658536586
0.0005426829268292683,0.0005426829268292683,0.005426829268292683,0.005426829268292683
0.0005487804878048781,0.0005487804878048781,0.005487804878048781,0.005487804878048781
0.0005548780487804879,0.0005548780487804879,0.005548780487804879,0.005548780487804879
0.0005609756097560976,0.0005609756097560976,0.005609756097560976,0.005609756097560976
0.0005670731707317073,0.0005670731707317073,0.005670731707317073,0.005670731707317073
0.000573170731707317,0.000573170731707317,0.005731707317073171,0.005731707317073171
0.0005792682926829268,0.0005792682926829268,0.005792682926829268,0.005792682926829268
0.0005853658536585366,0.0005853658536585366,0.005853658536585366,0.005853658536585366
0.0005914634146341463,0.0005914634146341463,0.0059146341463414635,0.0059146341463414635
0.0005975609756097561,0.0005975609756097561,0.005975609756097561,0.005975609756097561
0.0006036585365853658,0.0006036585365853658,0.006036585365853659,0.006036585365853659
0.0006097560975609756,0.0006097560975609756,0.006097560975609756,0.006097560975609756
0.0006158536585365854,0.0006158536585365854,0.006158536585365854,0.006158536585365854
0.0006219512195121951,0.0006219512195121951,0.0062195121951219515,0.0062195121951219515
0.0006280487804878049,0.0006280487804878049,0.006280487804878049,0.006280487804878049
0.0006341463414634147,0.0006341463414634147,0.006341463414634147,0.006341463414634147
0.0006402439024390244,0.0006402439024390244,0.006402439024390244,0.006402439024390244
0.0006463414634146342,0.0006463414634146342,0.006463414634146342,0.006463414634146342
0.0006524390243902439,0.0006524390243902439,0.00652439024390244,0.00652439024390244
0.0006585365853658537,0.0006585365853658537,0.006585365853658537,0.006585365853658537
0.0006646341463414635,0.0006646341463414635,0.006646341463414635,0.006646341463414635
0.0006707317073170732,0.0006707317073170732,0.0067073170731707325,0.0067073170731707325
0.000676829268292683,0.000676829268292683,0.00676829268292683,0.00676829268292683
0.0006829268292682927,0.0006829268292682927,0.006829268292682928,0.006829268292682928
0.0006890243902439024,0.0006890243902439024,0.006890243902439024,0.006890243902439024
0.0006951219512195122,0.0006951219512195122,0.006951219512195121,0.006951219512195121
0.0007012195121951219,0.0007012195121951219,0.007012195121951219,0.007012195121951219
0.0007073170731707317,0.0007073170731707317,0.007073170731707316,0.007073170731707316
0.0007134146341463414,0.0007134146341463414,0.007134146341463414,0.007134146341463414
0.0007195121951219512,0.0007195121951219512,0.007195121951219512,0.007195121951219512
0.000725609756097561,0.000725609756097561,0.007256097560975609,0.007256097560975609
0.0007317073170731707,0.0007317073170731707,0.007317073170731707,0.007317073170731707
0.0007378048780487805,0.0007378048780487805,0.0073780487804878045,0.0073780487804878045
0.0007439024390243903,0.0007439024390243903,0.007439024390243902,0.007439024390243902
0.00075,0.00075,0.0075,0.0075
0.0007560975609756098,0.0007560975609756098,0.007560975609756098,0.007560975609756098
0.0007621951219512195,0.0007621951219512195,0.007621951219512196,0.007621951219512196
0.0007682926829268293,0.0007682926829268293,0.0076829268292682934,0.0076829268292682934
0.0007743902439024391,0.0007743902439024391,0.007743902439024391,0.007743902439024391
0.0007804878048780488,0.0007804878048780488,0.007804878048780489,0.007804878048780489
0.0007865853658536586,0.0007865853658536586,0.007865853658536585,0.007865853658536585
0.0007926829268292683,0.0007926829268292683,0.007926829268292683,0.007926829268292683
0.0007987804878048781,0.0007987804878048781,0.00798780487804878,0.00798780487804878
0.0008048780487804879,0.0008048780487804879,0.008048780487804878,0.008048780487804878
0.0008109756097560976,0.0008109756097560976,0.008109756097560976,0.008109756097560976
0.0008170731707317073,0.0008170731707317073,0.008170731707317073,0.008170731707317073
0.000823170731707317,0.000823170731707317,0.008231707317073171,0.008231707317073171
0.0008292682926829268,0.0008292682926829268,0.008292682926829269,0.008292682926829269
0.0008353658536585366,0.0008353658536585366,0.008353658536585366,0.008353658536585366
0.0008414634146341463,0.0008414634146341463,0.008414634146341464,0.008414634146341464
0.0008475609756097561,0.0008475609756097561,0.008475609756097562,0.008475609756097562
0.0008536585365853659,0.0008536585365853659,0.00853658536585366,0.00853658536585366
0.0008597560975609756,0.0008597560975609756,0.008597560975609757,0.008597560975609757
0.0008658536585365854,0.0008658536585365854,0.008658536585365854,0.008658536585365854
0.0008719512195121951,0.0008719512195121951,0.008719512195121952,0.008719512195121952
0.0008780487804878049,0.0008780487804878049,0.00878048780487805,0.00878048780487805
0.0008841463414634147,0.0008841463414634147,0.008841463414634147,0.008841463414634147
0.0008902439024390244,0.0008902439024390244,0.008902439024390245,0.008902439024390245
0.0008963414634146342,0.0008963414634146342,0.008963414634146342,0.008963414634146342
0.0009024390243902439,0.0009024390243902439,0.00902439024390244,0.00902439024390244
0.0009085365853658537,0.0009085365853658537,0.009085365853658538,0.009085365853658538
0.0009146341463414635,0.0009146341463414635,0.009146341463414635,0.009146341463414635
0.0009207317073170732,0.0009207317073170732,0.009207317073170733,0.009207317073170733
0.000926829268292683,0.000926829268292683,0.00926829268292683,0.00926829268292683
0.0009329268292682928,0.0009329268292682928,0.009329268292682928,0.009329268292682928
0.0009390243902439024,0.0009390243902439024,0.009390243902439024,0.009390243902439024
0.0009451219512195122,0.0009451219512195122,0.009451219512195122,0.009451219512195122
0.0009512195121951219,0.0009512195121951219,0.00951219512195122,0.00951219512195122
0.0009573170731707317,0.0009573170731707317,0.009573170731707317,0.009573170731707317
0.0009634146341463415,0.0009634146341463415,0.009634146341463415,0.009634146341463415
0.0009695121951219512,0.0009695121951219512,0.009695121951219512,0.009695121951219512
0.000975609756097561,0.000975609756097561,0.00975609756097561,0.00975609756097561
0.0009817073170731707,0.0009817073170731707,0.009817073170731707,0.009817073170731707
0.0009878048780487805,0.0009878048780487805,0.009878048780487805,0.009878048780487805
0.0009939024390243903,0.0009939024390243903,0.009939024390243903,0.009939024390243903
0.001,0.001,0.01,0.01
0.001,0.001,0.01,0.01
0.0009999992418300314,0.0009999992418300314,0.009999992418300314,0.009999992418300314
0.0009999969673224248,0.0009999969673224248,0.009999969673224248,0.009999969673224248
0.0009999931764840778,0.0009999931764840778,0.009999931764840778,0.009999931764840778
0.0009999878693264872,0.0009999878693264872,0.009999878693264873,0.009999878693264873
0.0009999810458657479,0.0009999810458657479,0.009999810458657478,0.009999810458657478
0.0009999727061225528,0.0009999727061225528,0.009999727061225528,0.009999727061225528
0.0009999628501221943,0.0009999628501221943,0.009999628501221942,0.009999628501221942
0.000999951477894562,0.000999951477894562,0.009999514778945619,0.009999514778945619
0.0009999385894741443,0.0009999385894741443,0.009999385894741444,0.009999385894741444
0.000999924184900028,0.000999924184900028,0.00999924184900028,0.00999924184900028
0.0009999082642158973,0.0009999082642158973,0.009999082642158971,0.009999082642158971
0.0009998908274700344,0.0009998908274700344,0.009998908274700343,0.009998908274700343
0.0009998718747153195,0.0009998718747153195,0.009998718747153195,0.009998718747153195
0.0009998514060092305,0.0009998514060092305,0.009998514060092304,0.009998514060092304
0.000999829421413842,0.000999829421413842,0.00999829421413842,0.00999829421413842
0.0009998059209958266,0.0009998059209958266,0.009998059209958266,0.009998059209958266
0.0009997809048264532,0.0009997809048264532,0.009997809048264533,0.009997809048264533
0.0009997543729815882,0.0009997543729815882,0.00999754372981588,0.00999754372981588
0.000999726325541694,0.000999726325541694,0.00999726325541694,0.00999726325541694
0.0009996967625918293,0.0009996967625918293,0.009996967625918294,0.009996967625918294
0.0009996656842216494,0.0009996656842216494,0.009996656842216496,0.009996656842216496
0.0009996330905254049,0.0009996330905254049,0.00999633090525405,0.00999633090525405
0.0009995989816019423,0.0009995989816019423,0.009995989816019422,0.009995989816019422
0.0009995633575547026,0.0009995633575547026,0.009995633575547027,0.009995633575547027
0.0009995262184917225,0.0009995262184917225,0.009995262184917223,0.009995262184917223
0.0009994875645256325,0.0009994875645256325,0.009994875645256324,0.009994875645256324
0.000999447395773658,0.000999447395773658,0.009994473957736581,0.009994473957736581
0.000999405712357618,0.000999405712357618,0.009994057123576181,0.009994057123576181
0.000999362514403925,0.000999362514403925,0.00999362514403925,0.00999362514403925
0.0009993178020435843,0.0009993178020435843,0.009993178020435842,0.009993178020435842
0.0009992715754121942,0.0009992715754121942,0.009992715754121943,0.009992715754121943
0.0009992238346499456,0.0009992238346499456,0.009992238346499456,0.009992238346499456
0.0009991745799016205,0.0009991745799016205,0.009991745799016205,0.009991745799016205
0.0009991238113165933,0.0009991238113165933,0.009991238113165933,0.009991238113165933
0.0009990715290488284,0.0009990715290488284,0.009990715290488283,0.009990715290488283
0.0009990177332568813,0.0009990177332568813,0.009990177332568812,0.009990177332568812
0.0009989624241038976,0.0009989624241038976,0.009989624241038976,0.009989624241038976
0.000998905601757612,0.000998905601757612,0.00998905601757612,0.00998905601757612
0.0009988472663903488,0.0009988472663903488,0.009988472663903488,0.009988472663903488
0.0009987874181790202,0.0009987874181790202,0.009987874181790202,0.009987874181790202
0.0009987260573051267,0.0009987260573051267,0.009987260573051267,0.009987260573051267
0.0009986631839547565,0.0009986631839547565,0.009986631839547564,0.009986631839547564
0.0009985987983185838,0.0009985987983185838,0.009985987983185838,0.009985987983185838
0.0009985329005918703,0.0009985329005918703,0.009985329005918702,0.009985329005918702
0.000998465490974462,0.000998465490974462,0.00998465490974462,0.00998465490974462
0.0009983965696707914,0.0009983965696707914,0.009983965696707913,0.009983965696707913
0.0009983261368898741,0.0009983261368898741,0.00998326136889874,0.00998326136889874
0.0009982541928453105,0.0009982541928453105,0.009982541928453105,0.009982541928453105
0.000998180737755284,0.000998180737755284,0.009981807377552838,0.009981807377552838
0.00099810577184256,0.00099810577184256,0.009981057718425598,0.009981057718425598
0.0009980292953344864,0.0009980292953344864,0.009980292953344863,0.009980292953344863
0.0009979513084629917,0.0009979513084629917,0.009979513084629917,0.009979513084629917
0.0009978718114645854,0.0009978718114645854,0.009978718114645855,0.009978718114645855
0.0009977908045803563,0.0009977908045803563,0.009977908045803563,0.009977908045803563
0.0009977082880559724,0.0009977082880559724,0.009977082880559724,0.009977082880559724
0.00099762426214168,0.00099762426214168,0.0099762426214168,0.0099762426214168
0.0009975387270923027,0.0009975387270923027,0.009975387270923026,0.009975387270923026
0.0009974516831672408,0.0009974516831672408,0.009974516831672407,0.009974516831672407
0.0009973631306304707,0.0009973631306304707,0.009973631306304707,0.009973631306304707
0.000997273069750544,0.000997273069750544,0.009972730697505441,0.009972730697505441
0.0009971815008005865,0.0009971815008005865,0.009971815008005865,0.009971815008005865
0.0009970884240582975,0.0009970884240582975,0.009970884240582976,0.009970884240582976
0.000996993839805949,0.000996993839805949,0.009969938398059491,0.009969938398059491
0.0009968977483303847,0.0009968977483303847,0.009968977483303847,0.009968977483303847
0.0009968001499230193,0.0009968001499230193,0.009968001499230193,0.009968001499230193
0.0009967010448798375,0.0009967010448798375,0.009967010448798375,0.009967010448798375
0.0009966004335013932,0.0009966004335013932,0.009966004335013932,0.009966004335013932
0.0009964983160928086,0.0009964983160928086,0.009964983160928085,0.009964983160928085
0.0009963946929637728,0.0009963946929637728,0.009963946929637727,0.009963946929637727
0.000996289564428542,0.000996289564428542,0.00996289564428542,0.00996289564428542
0.000996182930805937,0.000996182930805937,0.009961829308059372,0.009961829308059372
0.000996074792419344,0.000996074792419344,0.009960747924193438,0.009960747924193438
0.0009959651495967112,0.0009959651495967112,0.009959651495967113,0.009959651495967113
0.0009958540026705509,0.0009958540026705509,0.00995854002670551,0.00995854002670551
0.000995741351977936,0.000995741351977936,0.00995741351977936,0.00995741351977936
0.0009956271978605,0.0009956271978605,0.009956271978605,0.009956271978605
0.0009955115406644357,0.0009955115406644357,0.009955115406644356,0.009955115406644356
0.0009953943807404944,0.0009953943807404944,0.009953943807404943,0.009953943807404943
0.0009952757184439845,0.0009952757184439845,0.009952757184439845,0.009952757184439845
0.000995155554134771,0.000995155554134771,0.00995155554134771,0.00995155554134771
0.0009950338881772737,0.0009950338881772737,0.009950338881772736,0.009950338881772736
0.0009949107209404665,0.0009949107209404665,0.009949107209404664,0.009949107209404664
0.000994786052797876,0.000994786052797876,0.00994786052797876,0.00994786052797876
0.0009946598841275812,0.0009946598841275812,0.009946598841275812,0.009946598841275812
0.0009945322153122108,0.0009945322153122108,0.009945322153122107,0.009945322153122107
0.0009944030467389437,0.0009944030467389437,0.009944030467389437,0.009944030467389437
0.000994272378799507,0.000994272378799507,0.009942723787995069,0.009942723787995069
0.0009941402118901744,0.0009941402118901744,0.009941402118901743,0.009941402118901743
0.0009940065464117658,0.0009940065464117658,0.009940065464117657,0.009940065464117657
0.0009938713827696462,0.0009938713827696462,0.009938713827696462,0.009938713827696462
0.0009937347213737234,0.0009937347213737234,0.009937347213737234,0.009937347213737234
0.0009935965626384476,0.0009935965626384476,0.009935965626384477,0.009935965626384477
0.0009934569069828102,0.0009934569069828102,0.009934569069828102,0.009934569069828102
0.000993315754830342,0.000993315754830342,0.00993315754830342,0.00993315754830342
0.0009931731066091124,0.0009931731066091124,0.009931731066091123,0.009931731066091123
0.0009930289627517275,0.0009930289627517275,0.009930289627517274,0.009930289627517274
0.0009928833236953296,0.0009928833236953296,0.009928833236953297,0.009928833236953297
0.0009927361898815956,0.0009927361898815956,0.009927361898815957,0.009927361898815957
0.000992587561756735,0.000992587561756735,0.00992587561756735,0.00992587561756735
0.0009924374397714893,0.0009924374397714893,0.009924374397714894,0.009924374397714894
0.0009922858243811305,0.0009922858243811305,0.009922858243811306,0.009922858243811306
0.0009921327160454596,0.0009921327160454596,0.009921327160454598,0.009921327160454598
0.0009919781152288051,0.0009919781152288051,0.009919781152288053,0.009919781152288053
0.000991822022400022,0.000991822022400022,0.00991822022400022,0.00991822022400022
0.0009916644380324896,0.0009916644380324896,0.009916644380324895,0.009916644380324895
0.0009915053626041105,0.0009915053626041105,0.009915053626041106,0.009915053626041106
0.0009913447965973104,0.0009913447965973104,0.009913447965973104,0.009913447965973104
0.0009911827404990342,0.0009911827404990342,0.009911827404990341,0.009911827404990341
0.000991019194800746,0.000991019194800746,0.00991019194800746,0.00991019194800746
0.0009908541599984275,0.0009908541599984275,0.009908541599984276,0.009908541599984276
0.0009906876365925767,0.0009906876365925767,0.009906876365925767,0.009906876365925767
0.0009905196250882058,0.0009905196250882058,0.009905196250882058,0.009905196250882058
0.0009903501259948399,0.0009903501259948399,0.009903501259948398,0.009903501259948398
0.000990179139826515,0.000990179139826515,0.00990179139826515,0.00990179139826515
0.000990006667101778,0.000990006667101778,0.00990006667101778,0.00990006667101778
0.0009898327083436834,0.0009898327083436834,0.009898327083436834,0.009898327083436834
0.000989657264079792,0.000989657264079792,0.009896572640797921,0.009896572640797921
0.0009894803348421705,0.0009894803348421705,0.009894803348421705,0.009894803348421705
0.0009893019211673886,0.0009893019211673886,0.009893019211673886,0.009893019211673886
0.0009891220235965178,0.0009891220235965178,0.009891220235965177,0.009891220235965177
0.0009889406426751297,0.0009889406426751297,0.009889406426751296,0.009889406426751296
0.0009887577789532947,0.0009887577789532947,0.009887577789532946,0.009887577789532946
0.0009885734329855799,0.0009885734329855799,0.009885734329855797,0.009885734329855797
0.0009883876053310475,0.0009883876053310475,0.009883876053310474,0.009883876053310474
0.0009882002965532536,0.0009882002965532536,0.009882002965532535,0.009882002965532535
0.0009880115072202454,0.0009880115072202454,0.009880115072202454,0.009880115072202454
0.000987821237904561,0.000987821237904561,0.009878212379045608,0.009878212379045608
0.0009876294891832255,0.0009876294891832255,0.009876294891832255,0.009876294891832255
0.0009874362616377522,0.0009874362616377522,0.009874362616377521,0.009874362616377521
0.000987241555854138,0.000987241555854138,0.009872415558541379,0.009872415558541379
0.0009870453724228631,0.0009870453724228631,0.009870453724228631,0.009870453724228631
0.0009868477119388895,0.0009868477119388895,0.009868477119388895,0.009868477119388895
0.0009866485750016577,0.0009866485750016577,0.009866485750016578,0.009866485750016578
0.0009864479622150868,0.0009864479622150868,0.009864479622150868,0.009864479622150868
0.0009862458741875706,0.0009862458741875706,0.009862458741875706,0.009862458741875706
0.0009860423115319779,0.0009860423115319779,0.009860423115319778,0.009860423115319778
0.0009858372748656485,0.0009858372748656485,0.009858372748656485,0.009858372748656485
0.0009856307648103933,0.0009856307648103933,0.009856307648103933,0.009856307648103933
0.0009854227819924913,0.0009854227819924913,0.009854227819924913,0.009854227819924913
0.0009852133270426876,0.0009852133270426876,0.009852133270426876,0.009852133270426876
0.000985002400596192,0.000985002400596192,0.009850024005961923,0.009850024005961923
0.0009847900032926773,0.0009847900032926773,0.009847900032926774,0.009847900032926774
0.0009845761357762759,0.0009845761357762759,0.009845761357762758,0.009845761357762758
0.0009843607986955798,0.0009843607986955798,0.009843607986955799,0.009843607986955799
0.0009841439927036376,0.0009841439927036376,0.009841439927036377,0.009841439927036377
0.0009839257184579525,0.0009839257184579525,0.009839257184579524,0.009839257184579524
0.0009837059766204799,0.0009837059766204799,0.0098370597662048,0.0098370597662048
0.0009834847678576268,0.0009834847678576268,0.009834847678576269,0.009834847678576269
0.0009832620928402487,0.0009832620928402487,0.009832620928402487,0.009832620928402487
0.0009830379522436474,0.0009830379522436474,0.009830379522436473,0.009830379522436473
0.0009828123467475697,0.0009828123467475697,0.009828123467475696,0.009828123467475696
0.0009825852770362045,0.0009825852770362045,0.009825852770362046,0.009825852770362046
0.000982356743798182,0.000982356743798182,0.009823567437981821,0.009823567437981821
0.0009821267477265706,0.0009821267477265706,0.009821267477265706,0.009821267477265706
0.000981895289518874,0.000981895289518874,0.00981895289518874,0.00981895289518874
0.0009816623698770312,0.0009816623698770312,0.009816623698770312,0.009816623698770312
0.000981427989507413,0.000981427989507413,0.00981427989507413,0.00981427989507413
0.00098119214912082,0.00098119214912082,0.0098119214912082,0.0098119214912082
0.0009809548494324805,0.0009809548494324805,0.009809548494324805,0.009809548494324805
0.0009807160911620484,0.0009807160911620484,0.009807160911620484,0.009807160911620484
0.0009804758750336013,0.0009804758750336013,0.009804758750336014,0.009804758750336014
0.0009802342017756378,0.0009802342017756378,0.009802342017756378,0.009802342017756378
0.0009799910721210753,0.0009799910721210753,0.009799910721210755,0.009799910721210755
0.0009797464868072487,0.0009797464868072487,0.009797464868072488,0.009797464868072488
0.0009795004465759066,0.0009795004465759066,0.009795004465759065,0.009795004465759065
0.0009792529521732102,0.0009792529521732102,0.009792529521732101,0.009792529521732101
0.0009790040043497308,0.0009790040043497308,0.009790040043497308,0.009790040043497308
0.0009787536038604477,0.0009787536038604477,0.009787536038604477,0.009787536038604477
0.0009785017514647451,0.0009785017514647451,0.009785017514647451,0.009785017514647451
0.000978248447926411,0.000978248447926411,0.00978248447926411,0.00978248447926411
0.0009779936940136338,0.0009779936940136338,0.009779936940136338,0.009779936940136338
0.0009777374904990006,0.0009777374904990006,0.009777374904990007,0.009777374904990007
0.0009774798381594946,0.0009774798381594946,0.009774798381594944,0.009774798381594944
0.0009772207377764929,0.0009772207377764929,0.009772207377764928,0.009772207377764928
0.000976960190135764,0.000976960190135764,0.009769601901357639,0.009769601901357639
0.0009766981960274653,0.0009766981960274653,0.009766981960274652,0.009766981960274652
0.0009764347562461413,0.0009764347562461413,0.009764347562461414,0.009764347562461414
0.0009761698715907205,0.0009761698715907205,0.009761698715907206,0.009761698715907206
0.0009759035428645134,0.0009759035428645134,0.009759035428645134,0.009759035428645134
0.0009756357708752095,0.0009756357708752095,0.009756357708752095,0.009756357708752095
0.0009753665564348757,0.0009753665564348757,0.009753665564348757,0.009753665564348757
0.000975095900359953,0.000975095900359953,0.00975095900359953,0.00975095900359953
0.0009748238034712548,0.0009748238034712548,0.009748238034712548,0.009748238034712548
0.0009745502665939638,0.0009745502665939638,0.009745502665939638,0.009745502665939638
0.0009742752905576299,0.0009742752905576299,0.009742752905576298,0.009742752905576298
0.0009739988761961673,0.0009739988761961673,0.009739988761961672,0.009739988761961672
0.0009737210243478522,0.0009737210243478522,0.009737210243478522,0.009737210243478522
0.0009734417358553204,0.0009734417358553204,0.009734417358553203,0.009734417358553203
0.0009731610115655644,0.0009731610115655644,0.009731610115655645,0.009731610115655645
0.0009728788523299312,0.0009728788523299312,0.009728788523299312,0.009728788523299312
0.0009725952590041196,0.0009725952590041196,0.009725952590041196,0.009725952590041196
0.0009723102324481769,0.0009723102324481769,0.00972310232448177,0.00972310232448177
0.0009720237735264979,0.0009720237735264979,0.009720237735264979,0.009720237735264979
0.0009717358831078204,0.0009717358831078204,0.009717358831078205,0.009717358831078205
0.0009714465620652243,0.0009714465620652243,0.009714465620652243,0.009714465620652243
0.0009711558112761274,0.0009711558112761274,0.009711558112761275,0.009711558112761275
0.0009708636316222838,0.0009708636316222838,0.009708636316222838,0.009708636316222838
0.0009705700239897808,0.0009705700239897808,0.009705700239897808,0.009705700239897808
0.0009702749892690366,0.0009702749892690366,0.009702749892690366,0.009702749892690366
0.0009699785283547968,0.0009699785283547968,0.009699785283547969,0.009699785283547969
0.0009696806421461326,0.0009696806421461326,0.009696806421461326,0.009696806421461326
0.0009693813315464375,0.0009693813315464375,0.009693813315464374,0.009693813315464374
0.0009690805974634247,0.0009690805974634247,0.009690805974634247,0.009690805974634247
0.0009687784408091242,0.0009687784408091242,0.009687784408091243,0.009687784408091243
0.000968474862499881,0.000968474862499881,0.00968474862499881,0.00968474862499881
0.0009681698634563503,0.0009681698634563503,0.009681698634563503,0.009681698634563503
0.0009678634446034967,0.0009678634446034967,0.009678634446034968,0.009678634446034968
0.0009675556068705907,0.0009675556068705907,0.009675556068705907,0.009675556068705907
0.0009672463511912055,0.0009672463511912055,0.009672463511912055,0.009672463511912055
0.0009669356785032146,0.0009669356785032146,0.009669356785032146,0.009669356785032146
0.0009666235897487888,0.0009666235897487888,0.009666235897487887,0.009666235897487887
0.0009663100858743932,0.0009663100858743932,0.009663100858743931,0.009663100858743931
0.0009659951678307847,0.0009659951678307847,0.009659951678307847,0.009659951678307847
0.0009656788365730094,0.0009656788365730094,0.009656788365730093,0.009656788365730093
0.0009653610930603982,0.0009653610930603982,0.009653610930603983,0.009653610930603983
0.0009650419382565657,0.0009650419382565657,0.009650419382565657,0.009650419382565657
0.0009647213731294063,0.0009647213731294063,0.009647213731294062,0.009647213731294062
0.0009643993986510911,0.0009643993986510911,0.009643993986510911,0.009643993986510911
0.0009640760157980659,0.0009640760157980659,0.00964076015798066,0.00964076015798066
0.0009637512255510475,0.0009637512255510475,0.009637512255510475,0.009637512255510475
0.0009634250288950201,0.0009634250288950201,0.009634250288950201,0.009634250288950201
0.0009630974268192345,0.0009630974268192345,0.009630974268192346,0.009630974268192346
0.0009627684203172027,0.0009627684203172027,0.009627684203172027,0.009627684203172027
0.0009624380103866959,0.0009624380103866959,0.009624380103866959,0.009624380103866959
0.0009621061980297416,0.0009621061980297416,0.009621061980297416,0.009621061980297416
0.0009617729842526208,0.0009617729842526208,0.009617729842526207,0.009617729842526207
0.0009614383700658638,0.0009614383700658638,0.009614383700658638,0.009614383700658638
0.0009611023564842487,0.0009611023564842487,0.009611023564842487,0.009611023564842487
0.0009607649445267969,0.0009607649445267969,0.00960764944526797,0.00960764944526797
0.000960426135216771,0.000960426135216771,0.00960426135216771,0.00960426135216771
0.0009600859295816708,0.0009600859295816708,0.009600859295816708,0.009600859295816708
0.0009597443286532317,0.0009597443286532317,0.009597443286532318,0.009597443286532318
0.0009594013334674194,0.0009594013334674194,0.009594013334674195,0.009594013334674195
0.0009590569450644289,0.0009590569450644289,0.00959056945064429,0.00959056945064429
0.0009587111644886796,0.0009587111644886796,0.009587111644886797,0.009587111644886797
0.0009583639927888137,0.0009583639927888137,0.009583639927888138,0.009583639927888138
0.0009580154310176916,0.0009580154310176916,0.009580154310176916,0.009580154310176916
0.0009576654802323895,0.0009576654802323895,0.009576654802323894,0.009576654802323894
0.0009573141414941962,0.0009573141414941962,0.009573141414941961,0.009573141414941961
0.0009569614158686096,0.0009569614158686096,0.009569614158686096,0.009569614158686096
0.0009566073044253336,0.0009566073044253336,0.009566073044253337,0.009566073044253337
0.000956251808238275,0.000956251808238275,0.009562518082382749,0.009562518082382749
0.0009558949283855398,0.0009558949283855398,0.009558949283855398,0.009558949283855398
0.0009555366659494303,0.0009555366659494303,0.009555366659494302,0.009555366659494302
0.0009551770220164417,0.0009551770220164417,0.009551770220164417,0.009551770220164417
0.0009548159976772592,0.0009548159976772592,0.009548159976772592,0.009548159976772592
0.0009544535940267537,0.0009544535940267537,0.009544535940267537,0.009544535940267537
0.0009540898121639799,0.0009540898121639799,0.0095408981216398,0.0095408981216398
0.0009537246531921714,0.0009537246531921714,0.009537246531921714,0.009537246531921714
0.0009533581182187385,0.0009533581182187385,0.009533581182187386,0.009533581182187386
0.0009529902083552646,0.0009529902083552646,0.009529902083552646,0.009529902083552646
0.0009526209247175024,0.0009526209247175024,0.009526209247175024,0.009526209247175024
0.0009522502684253709,0.0009522502684253709,0.00952250268425371,0.00952250268425371
0.000951878240602952,0.000951878240602952,0.00951878240602952,0.00951878240602952
0.0009515048423784871,0.0009515048423784871,0.009515048423784872,0.009515048423784872
0.0009511300748843736,0.0009511300748843736,0.009511300748843736,0.009511300748843736
0.0009507539392571609,0.0009507539392571609,0.00950753939257161,0.00950753939257161
0.0009503764366375484,0.0009503764366375484,0.009503764366375485,0.009503764366375485
0.0009499975681703805,0.0009499975681703805,0.009499975681703805,0.009499975681703805
0.000949617335004644,0.000949617335004644,0.00949617335004644,0.00949617335004644
0.0009492357382934642,0.0009492357382934642,0.009492357382934642,0.009492357382934642
0.0009488527791941021,0.0009488527791941021,0.009488527791941022,0.009488527791941022
0.0009484684588679498,0.0009484684588679498,0.009484684588679498,0.009484684588679498
0.0009480827784805278,0.0009480827784805278,0.009480827784805279,0.009480827784805279
0.0009476957392014814,0.0009476957392014814,0.009476957392014814,0.009476957392014814
0.0009473073422045768,0.0009473073422045768,0.009473073422045768,0.009473073422045768
0.0009469175886676977,0.0009469175886676977,0.009469175886676976,0.009469175886676976
0.000946526479772842,0.000946526479772842,0.009465264797728419,0.009465264797728419
0.0009461340167061175,0.0009461340167061175,0.009461340167061174,0.009461340167061174
0.0009457402006577392,0.0009457402006577392,0.009457402006577392,0.009457402006577392
0.000945345032822025,0.000945345032822025,0.00945345032822025,0.00945345032822025
0.0009449485143973923,0.0009449485143973923,0.009449485143973924,0.009449485143973924
0.0009445506465863552,0.0009445506465863552,0.009445506465863552,0.009445506465863552
0.0009441514305955185,0.0009441514305955185,0.009441514305955186,0.009441514305955186
0.0009437508676355772,0.0009437508676355772,0.009437508676355772,0.009437508676355772
0.0009433489589213102,0.0009433489589213102,0.009433489589213102,0.009433489589213102
0.0009429457056715782,0.0009429457056715782,0.009429457056715782,0.009429457056715782
0.000942541109109319,0.000942541109109319,0.00942541109109319,0.00942541109109319
0.0009421351704615444,0.0009421351704615444,0.009421351704615444,0.009421351704615444
0.0009417278909593365,0.0009417278909593365,0.009417278909593365,0.009417278909593365
0.0009413192718378438,0.0009413192718378438,0.009413192718378439,0.009413192718378439
0.000940909314336277,0.000940909314336277,0.00940909314336277,0.00940909314336277
0.0009404980196979061,0.0009404980196979061,0.00940498019697906,0.00940498019697906
0.000940085389170056,0.000940085389170056,0.00940085389170056,0.00940085389170056
0.0009396714240041031,0.0009396714240041031,0.009396714240041031,0.009396714240041031
0.0009392561254554713,0.0009392561254554713,0.009392561254554713,0.009392561254554713
0.0009388394947836278,0.0009388394947836278,0.009388394947836278,0.009388394947836278
0.0009384215332520805,0.0009384215332520805,0.009384215332520804,0.009384215332520804
0.0009380022421283725,0.0009380022421283725,0.009380022421283725,0.009380022421283725
0.0009375816226840799,0.0009375816226840799,0.009375816226840798,0.009375816226840798
0.0009371596761948067,0.0009371596761948067,0.009371596761948067,0.009371596761948067
0.0009367364039401814,0.0009367364039401814,0.009367364039401815,0.009367364039401815
0.0009363118072038535,0.0009363118072038535,0.009363118072038535,0.009363118072038535
0.0009358858872734887,0.0009358858872734887,0.009358858872734887,0.009358858872734887
0.0009354586454407661,0.0009354586454407661,0.00935458645440766,0.00935458645440766
0.0009350300830013731,0.0009350300830013731,0.009350300830013732,0.009350300830013732
0.0009346002012550025,0.0009346002012550025,0.009346002012550026,0.009346002012550026
0.0009341690015053484,0.0009341690015053484,0.009341690015053484,0.009341690015053484
0.0009337364850601009,0.0009337364850601009,0.009337364850601009,0.009337364850601009
0.0009333026532309444,0.0009333026532309444,0.009333026532309444,0.009333026532309444
0.0009328675073335518,0.0009328675073335518,0.009328675073335518,0.009328675073335518
0.0009324310486875814,0.0009324310486875814,0.009324310486875813,0.009324310486875813
0.0009319932786166724,0.0009319932786166724,0.009319932786166723,0.009319932786166723
0.0009315541984484414,0.0009315541984484414,0.009315541984484414,0.009315541984484414
0.000931113809514478,0.000931113809514478,0.00931113809514478,0.00931113809514478
0.0009306721131503408,0.0009306721131503408,0.009306721131503408,0.009306721131503408
0.0009302291106955534,0.0009302291106955534,0.009302291106955534,0.009302291106955534
0.0009297848034936007,0.0009297848034936007,0.009297848034936006,0.009297848034936006
0.0009293391928919238,0.0009293391928919238,0.009293391928919238,0.009293391928919238
0.0009288922802419174,0.0009288922802419174,0.009288922802419174,0.009288922802419174
0.0009284440668989243,0.0009284440668989243,0.009284440668989242,0.009284440668989242
0.0009279945542222321,0.0009279945542222321,0.00927994554222232,0.00927994554222232
0.0009275437435750689,0.0009275437435750689,0.009275437435750688,0.009275437435750688
0.000927091636324599,0.000927091636324599,0.009270916363245991,0.009270916363245991
0.0009266382338419191,0.0009266382338419191,0.00926638233841919,0.00926638233841919
0.0009261835375020535,0.0009261835375020535,0.009261835375020535,0.009261835375020535
0.0009257275486839511,0.0009257275486839511,0.009257275486839512,0.009257275486839512
0.0009252702687704795,0.0009252702687704795,0.009252702687704796,0.009252702687704796
0.0009248116991484227,0.0009248116991484227,0.009248116991484227,0.009248116991484227
0.0009243518412084753,0.0009243518412084753,0.009243518412084753,0.009243518412084753
0.0009238906963452394,0.0009238906963452394,0.009238906963452394,0.009238906963452394
0.0009234282659572195,0.0009234282659572195,0.009234282659572195,0.009234282659572195
0.0009229645514468193,0.0009229645514468193,0.009229645514468192,0.009229645514468192
0.0009224995542203361,0.0009224995542203361,0.00922499554220336,0.00922499554220336
0.0009220332756879577,0.0009220332756879577,0.009220332756879578,0.009220332756879578
0.0009215657172637579,0.0009215657172637579,0.00921565717263758,0.00921565717263758
0.0009210968803656914,0.0009210968803656914,0.009210968803656914,0.009210968803656914
0.0009206267664155906,0.0009206267664155906,0.009206267664155906,0.009206267664155906
0.0009201553768391607,0.0009201553768391607,0.009201553768391607,0.009201553768391607
0.0009196827130659751,0.0009196827130659751,0.00919682713065975,0.00919682713065975
0.0009192087765294717,0.0009192087765294717,0.009192087765294718,0.009192087765294718
0.0009187335686669487,0.0009187335686669487,0.009187335686669486,0.009187335686669486
0.0009182570909195591,0.0009182570909195591,0.009182570909195591,0.009182570909195591
0.0009177793447323076,0.0009177793447323076,0.009177793447323074,0.009177793447323074
0.0009173003315540451,0.0009173003315540451,0.009173003315540452,0.009173003315540452
0.0009168200528374655,0.0009168200528374655,0.009168200528374654,0.009168200528374654
0.0009163385100391004,0.0009163385100391004,0.009163385100391004,0.009163385100391004
0.0009158557046193148,0.0009158557046193148,0.009158557046193148,0.009158557046193148
0.000915371638042303,0.000915371638042303,0.00915371638042303,0.00915371638042303
0.0009148863117760842,0.0009148863117760842,0.009148863117760841,0.009148863117760841
0.0009143997272924974,0.0009143997272924974,0.009143997272924973,0.009143997272924973
0.0009139118860671974,0.0009139118860671974,0.009139118860671973,0.009139118860671973
0.0009134227895796508,0.0009134227895796508,0.009134227895796508,0.009134227895796508
0.0009129324393131306,0.0009129324393131306,0.009129324393131305,0.009129324393131305
0.0009124408367547119,0.0009124408367547119,0.009124408367547118,0.009124408367547118
0.0009119479833952683,0.0009119479833952683,0.009119479833952683,0.009119479833952683
0.000911453880729466,0.000911453880729466,0.00911453880729466,0.00911453880729466
0.0009109585302557603,0.0009109585302557603,0.009109585302557604,0.009109585302557604
0.0009104619334763906,0.0009104619334763906,0.009104619334763905,0.009104619334763905
0.000909964091897376,0.000909964091897376,0.009099640918973759,0.009099640918973759
0.0009094650070285104,0.0009094650070285104,0.009094650070285105,0.009094650070285105
0.0009089646803833589,0.0009089646803833589,0.009089646803833588,0.009089646803833588
0.0009084631134792516,0.0009084631134792516,0.009084631134792517,0.009084631134792517
0.0009079603078372806,0.0009079603078372806,0.009079603078372805,0.009079603078372805
0.0009074562649822944,0.0009074562649822944,0.009074562649822943,0.009074562649822943
0.0009069509864428935,0.0009069509864428935,0.009069509864428935,0.009069509864428935
0.0009064444737514262,0.0009064444737514262,0.009064444737514261,0.009064444737514261
0.000905936728443983,0.000905936728443983,0.00905936728443983,0.00905936728443983
0.0009054277520603933,0.0009054277520603933,0.009054277520603933,0.009054277520603933
0.0009049175461442191,0.0009049175461442191,0.009049175461442191,0.009049175461442191
0.000904406112242752,0.000904406112242752,0.00904406112242752,0.00904406112242752
0.0009038934519070072,0.0009038934519070072,0.009038934519070072,0.009038934519070072
0.0009033795666917191,0.0009033795666917191,0.00903379566691719,0.00903379566691719
0.0009028644581553373,0.0009028644581553373,0.009028644581553374,0.009028644581553374
0.0009023481278600212,0.0009023481278600212,0.009023481278600212,0.009023481278600212
0.000901830577371635,0.000901830577371635,0.00901830577371635,0.00901830577371635
0.000901311808259744,0.000901311808259744,0.00901311808259744,0.00901311808259744
0.0009007918220976086,0.0009007918220976086,0.009007918220976087,0.009007918220976087
0.0009002706204621802,0.0009002706204621802,0.009002706204621803,0.009002706204621803
0.0008997482049340968,0.0008997482049340968,0.008997482049340968,0.008997482049340968
0.0008992245770976775,0.0008992245770976775,0.008992245770976775,0.008992245770976775
0.0008986997385409177,0.0008986997385409177,0.008986997385409179,0.008986997385409179
0.000898173690855485,0.000898173690855485,0.00898173690855485,0.00898173690855485
0.0008976464356367133,0.0008976464356367133,0.008976464356367134,0.008976464356367134
0.0008971179744835989,0.0008971179744835989,0.008971179744835989,0.008971179744835989
0.0008965883089987957,0.0008965883089987957,0.008965883089987955,0.008965883089987955
0.0008960574407886091,0.0008960574407886091,0.00896057440788609,0.00896057440788609
0.0008955253714629927,0.0008955253714629927,0.008955253714629928,0.008955253714629928
0.0008949921026355423,0.0008949921026355423,0.008949921026355423,0.008949921026355423
0.0008944576359234917,0.0008944576359234917,0.008944576359234917,0.008944576359234917
0.0008939219729477073,0.0008939219729477073,0.008939219729477072,0.008939219729477072
0.0008933851153326833,0.0008933851153326833,0.008933851153326833,0.008933851153326833
0.000892847064706537,0.000892847064706537,0.00892847064706537,0.00892847064706537
0.0008923078227010037,0.0008923078227010037,0.008923078227010037,0.008923078227010037
0.0008917673909514322,0.0008917673909514322,0.00891767390951432,0.00891767390951432
0.0008912257710967783,0.0008912257710967783,0.008912257710967783,0.008912257710967783
0.000890682964779602,0.000890682964779602,0.00890682964779602,0.00890682964779602
0.0008901389736460611,0.0008901389736460611,0.00890138973646061,0.00890138973646061
0.0008895937993459066,0.0008895937993459066,0.008895937993459066,0.008895937993459066
0.0008890474435324775,0.0008890474435324775,0.008890474435324775,0.008890474435324775
0.0008884999078626961,0.0008884999078626961,0.00888499907862696,0.00888499907862696
0.0008879511939970628,0.0008879511939970628,0.008879511939970629,0.008879511939970629
0.0008874013035996513,0.0008874013035996513,0.008874013035996513,0.008874013035996513
0.0008868502383381027,0.0008868502383381027,0.008868502383381027,0.008868502383381027
0.0008862979998836221,0.0008862979998836221,0.00886297999883622,0.00886297999883622
0.0008857445899109715,0.0008857445899109715,0.008857445899109716,0.008857445899109716
0.0008851900100984663,0.0008851900100984663,0.008851900100984663,0.008851900100984663
0.0008846342621279697,0.0008846342621279697,0.008846342621279698,0.008846342621279698
0.0008840773476848871,0.0008840773476848871,0.00884077347684887,0.00884077347684887
0.0008835192684581621,0.0008835192684581621,0.008835192684581621,0.008835192684581621
0.00088296002614027,0.00088296002614027,0.0088296002614027,0.0088296002614027
0.0008823996224272137,0.0008823996224272137,0.008823996224272138,0.008823996224272138
0.0008818380590185186,0.0008818380590185186,0.008818380590185186,0.008818380590185186
0.0008812753376172265,0.0008812753376172265,0.008812753376172265,0.008812753376172265
0.0008807114599298913,0.0008807114599298913,0.008807114599298914,0.008807114599298914
0.0008801464276665736,0.0008801464276665736,0.008801464276665736,0.008801464276665736
0.0008795802425408352,0.0008795802425408352,0.008795802425408353,0.008795802425408353
0.0008790129062697346,0.0008790129062697346,0.008790129062697346,0.008790129062697346
0.0008784444205738209,0.0008784444205738209,0.008784444205738208,0.008784444205738208
0.0008778747871771292,0.0008778747871771292,0.008778747871771292,0.008778747871771292
0.0008773040078071753,0.0008773040078071753,0.008773040078071753,0.008773040078071753
0.0008767320841949503,0.0008767320841949503,0.008767320841949503,0.008767320841949503
0.0008761590180749155,0.0008761590180749155,0.008761590180749155,0.008761590180749155
0.0008755848111849969,0.0008755848111849969,0.008755848111849969,0.008755848111849969
0.0008750094652665803,0.0008750094652665803,0.008750094652665803,0.008750094652665803
0.0008744329820645054,0.0008744329820645054,0.008744329820645054,0.008744329820645054
0.0008738553633270616,0.0008738553633270616,0.008738553633270616,0.008738553633270616
0.0008732766108059813,0.0008732766108059813,0.008732766108059812,0.008732766108059812
0.0008726967262564358,0.0008726967262564358,0.008726967262564358,0.008726967262564358
0.0008721157114370293,0.0008721157114370293,0.008721157114370293,0.008721157114370293
0.0008715335681097935,0.0008715335681097935,0.008715335681097936,0.008715335681097936
0.0008709502980401832,0.0008709502980401832,0.008709502980401832,0.008709502980401832
0.0008703659029970694,0.0008703659029970694,0.008703659029970693,0.008703659029970693
0.0008697803847527354,0.0008697803847527354,0.008697803847527354,0.008697803847527354
0.0008691937450828706,0.0008691937450828706,0.008691937450828706,0.008691937450828706
0.0008686059857665651,0.0008686059857665651,0.008686059857665651,0.008686059857665651
0.0008680171085863051,0.0008680171085863051,0.008680171085863051,0.008680171085863051
0.0008674271153279663,0.0008674271153279663,0.008674271153279662,0.008674271153279662
0.0008668360077808093,0.0008668360077808093,0.008668360077808093,0.008668360077808093
0.0008662437877374743,0.0008662437877374743,0.008662437877374743,0.008662437877374743
0.0008656504569939751,0.0008656504569939751,0.008656504569939752,0.008656504569939752
0.0008650560173496937,0.0008650560173496937,0.008650560173496937,0.008650560173496937
0.0008644604706073755,0.0008644604706073755,0.008644604706073755,0.008644604706073755
0.000863863818573123,0.000863863818573123,0.00863863818573123,0.00863863818573123
0.0008632660630563908,0.0008632660630563908,0.008632660630563909,0.008632660630563909
0.00086266720586998,0.00086266720586998,0.0086266720586998,0.0086266720586998
0.0008620672488300327,0.0008620672488300327,0.008620672488300327,0.008620672488300327
0.0008614661937560268,0.0008614661937560268,0.008614661937560268,0.008614661937560268
0.0008608640424707697,0.0008608640424707697,0.008608640424707697,0.008608640424707697
0.0008602607968003935,0.0008602607968003935,0.008602607968003936,0.008602607968003936
0.0008596564585743493,0.0008596564585743493,0.008596564585743493,0.008596564585743493
0.0008590510296254013,0.0008590510296254013,0.008590510296254013,0.008590510296254013
0.0008584445117896218,0.0008584445117896218,0.008584445117896218,0.008584445117896218
0.0008578369069063853,0.0008578369069063853,0.008578369069063854,0.008578369069063854
0.0008572282168183628,0.0008572282168183628,0.008572282168183627,0.008572282168183627
0.0008566184433715165,0.0008566184433715165,0.008566184433715165,0.008566184433715165
0.0008560075884150941,0.0008560075884150941,0.00856007588415094,0.00856007588415094
0.000855395653801623,0.000855395653801623,0.00855395653801623,0.00855395653801623
0.0008547826413869052,0.0008547826413869052,0.008547826413869052,0.008547826413869052
0.000854168553030011,0.000854168553030011,0.00854168553030011,0.00854168553030011
0.0008535533905932737,0.0008535533905932737,0.008535533905932738,0.008535533905932738
0.0008529371559422843,0.0008529371559422843,0.008529371559422842,0.008529371559422842
0.0008523198509458851,0.0008523198509458851,0.008523198509458851,0.008523198509458851
0.0008517014774761644,0.0008517014774761644,0.008517014774761644,0.008517014774761644
0.0008510820374084511,0.0008510820374084511,0.008510820374084512,0.008510820374084512
0.0008504615326213085,0.0008504615326213085,0.008504615326213086,0.008504615326213086
0.0008498399649965294,0.0008498399649965294,0.008498399649965294,0.008498399649965294
0.0008492173364191286,0.0008492173364191286,0.008492173364191287,0.008492173364191287
0.0008485936487773403,0.0008485936487773403,0.008485936487773403,0.008485936487773403
0.0008479689039626087,0.0008479689039626087,0.008479689039626087,0.008479689039626087
0.0008473431038695851,0.0008473431038695851,0.008473431038695852,0.008473431038695852
0.0008467162503961209,0.0008467162503961209,0.008467162503961208,0.008467162503961208
0.0008460883454432618,0.0008460883454432618,0.008460883454432619,0.008460883454432619
0.0008454593909152427,0.0008454593909152427,0.008454593909152427,0.008454593909152427
0.0008448293887194814,0.0008448293887194814,0.008448293887194813,0.008448293887194813
0.0008441983407665725,0.0008441983407665725,0.008441983407665726,0.008441983407665726
0.0008435662489702828,0.0008435662489702828,0.008435662489702829,0.008435662489702829
0.0008429331152475443,0.0008429331152475443,0.008429331152475442,0.008429331152475442
0.0008422989415184488,0.0008422989415184488,0.008422989415184488,0.008422989415184488
0.0008416637297062421,0.0008416637297062421,0.008416637297062421,0.008416637297062421
0.0008410274817373187,0.0008410274817373187,0.008410274817373187,0.008410274817373187
0.0008403901995412146,0.0008403901995412146,0.008403901995412147,0.008403901995412147
0.0008397518850506028,0.0008397518850506028,0.008397518850506028,0.008397518850506028
0.000839112540201287,0.000839112540201287,0.008391125402012868,0.008391125402012868
0.0008384721669321952,0.0008384721669321952,0.008384721669321952,0.008384721669321952
0.0008378307671853746,0.0008378307671853746,0.008378307671853746,0.008378307671853746
0.0008371883429059854,0.0008371883429059854,0.008371883429059854,0.008371883429059854
0.0008365448960422948,0.0008365448960422948,0.008365448960422947,0.008365448960422947
0.0008359004285456709,0.0008359004285456709,0.00835900428545671,0.00835900428545671
0.0008352549423705775,0.0008352549423705775,0.008352549423705776,0.008352549423705776
0.0008346084394745677,0.0008346084394745677,0.008346084394745677,0.008346084394745677
0.0008339609218182773,0.0008339609218182773,0.008339609218182773,0.008339609218182773
0.0008333123913654205,0.0008333123913654205,0.008333123913654206,0.008333123913654206
0.0008326628500827827,0.0008326628500827827,0.008326628500827826,0.008326628500827826
0.0008320122999402142,0.0008320122999402142,0.008320122999402142,0.008320122999402142
0.0008313607429106257,0.0008313607429106257,0.008313607429106256,0.008313607429106256
0.0008307081809699809,0.0008307081809699809,0.008307081809699808,0.008307081809699808
0.000830054616097291,0.000830054616097291,0.008300546160972911,0.008300546160972911
0.0008294000502746098,0.0008294000502746098,0.008294000502746098,0.008294000502746098
0.0008287444854870252,0.0008287444854870252,0.008287444854870252,0.008287444854870252
0.0008280879237226555,0.0008280879237226555,0.008280879237226556,0.008280879237226556
0.0008274303669726426,0.0008274303669726426,0.008274303669726426,0.008274303669726426
0.0008267718172311454,0.0008267718172311454,0.008267718172311454,0.008267718172311454
0.0008261122764953344,0.0008261122764953344,0.008261122764953343,0.008261122764953343
0.0008254517467653857,0.0008254517467653857,0.008254517467653858,0.008254517467653858
0.0008247902300444743,0.0008247902300444743,0.008247902300444743,0.008247902300444743
0.0008241277283387689,0.0008241277283387689,0.00824127728338769,0.00824127728338769
0.0008234642436574248,0.0008234642436574248,0.00823464243657425,0.00823464243657425
0.0008227997780125791,0.0008227997780125791,0.008227997780125791,0.008227997780125791
0.000822134333419343,0.000822134333419343,0.008221343334193429,0.008221343334193429
0.0008214679118957968,0.0008214679118957968,0.008214679118957968,0.008214679118957968
0.000820800515462984,0.000820800515462984,0.008208005154629841,0.008208005154629841
0.0008201321461449042,0.0008201321461449042,0.008201321461449043,0.008201321461449043
0.0008194628059685076,0.0008194628059685076,0.008194628059685077,0.008194628059685077
0.0008187924969636887,0.0008187924969636887,0.008187924969636886,0.008187924969636886
0.00081812122116328,0.00081812122116328,0.008181212211632798,0.008181212211632798
0.000817448980603046,0.000817448980603046,0.008174489806030461,0.008174489806030461
0.0008167757773216777,0.0008167757773216777,0.008167757773216777,0.008167757773216777
0.0008161016133607844,0.0008161016133607844,0.008161016133607845,0.008161016133607845
0.0008154264907648902,0.0008154264907648902,0.008154264907648902,0.008154264907648902
0.0008147504115814253,0.0008147504115814253,0.008147504115814254,0.008147504115814254
0.0008140733778607219,0.0008140733778607219,0.00814073377860722,0.00814073377860722
0.0008133953916560062,0.0008133953916560062,0.008133953916560062,0.008133953916560062
0.0008127164550233934,0.0008127164550233934,0.008127164550233934,0.008127164550233934
0.0008120365700218811,0.0008120365700218811,0.008120365700218811,0.008120365700218811
0.0008113557387133427,0.0008113557387133427,0.008113557387133426,0.008113557387133426
0.0008106739631625217,0.0008106739631625217,0.008106739631625216,0.008106739631625216
0.0008099912454370249,0.0008099912454370249,0.008099912454370249,0.008099912454370249
0.0008093075876073169,0.0008093075876073169,0.008093075876073169,0.008093075876073169
0.0008086229917467127,0.0008086229917467127,0.008086229917467127,0.008086229917467127
0.0008079374599313728,0.0008079374599313728,0.008079374599313727,0.008079374599313727
0.0008072509942402955,0.0008072509942402955,0.008072509942402955,0.008072509942402955
0.0008065635967553114,0.0008065635967553114,0.008065635967553114,0.008065635967553114
0.0008058752695610773,0.0008058752695610773,0.008058752695610773,0.008058752695610773
0.0008051860147450689,0.0008051860147450689,0.00805186014745069,0.00805186014745069
0.0008044958343975757,0.0008044958343975757,0.008044958343975757,0.008044958343975757
0.0008038047306116935,0.0008038047306116935,0.008038047306116935,0.008038047306116935
0.000803112705483319,0.000803112705483319,0.00803112705483319,0.00803112705483319
0.000802419761111143,0.000802419761111143,0.00802419761111143,0.00802419761111143
0.0008017258995966437,0.0008017258995966437,0.008017258995966437,0.008017258995966437
0.0008010311230440808,0.0008010311230440808,0.008010311230440808,0.008010311230440808
0.0008003354335604897,0.0008003354335604897,0.008003354335604897,0.008003354335604897
0.0007996388332556734,0.0007996388332556734,0.007996388332556734,0.007996388332556734
0.000798941324242198,0.000798941324242198,0.00798941324242198,0.00798941324242198
0.0007982429086353848,0.0007982429086353848,0.007982429086353849,0.007982429086353849
0.0007975435885533049,0.0007975435885533049,0.00797543588553305,0.00797543588553305
0.0007968433661167722,0.0007968433661167722,0.007968433661167722,0.007968433661167722
0.0007961422434493372,0.0007961422434493372,0.007961422434493371,0.007961422434493371
0.0007954402226772804,0.0007954402226772804,0.007954402226772803,0.007954402226772803
0.0007947373059296061,0.0007947373059296061,0.007947373059296062,0.007947373059296062
0.0007940334953380358,0.0007940334953380358,0.007940334953380358,0.007940334953380358
0.0007933287930370018,0.0007933287930370018,0.007933287930370018,0.007933287930370018
0.0007926232011636404,0.0007926232011636404,0.007926232011636404,0.007926232011636404
0.000791916721857786,0.000791916721857786,0.00791916721857786,0.00791916721857786
0.0007912093572619643,0.0007912093572619643,0.007912093572619643,0.007912093572619643
0.0007905011095213854,0.0007905011095213854,0.007905011095213854,0.007905011095213854
0.0007897919807839382,0.0007897919807839382,0.007897919807839382,0.007897919807839382
0.0007890819732001831,0.0007890819732001831,0.007890819732001831,0.007890819732001831
0.0007883710889233455,0.0007883710889233455,0.007883710889233455,0.007883710889233455
0.0007876593301093103,0.0007876593301093103,0.007876593301093103,0.007876593301093103
0.000786946698916614,0.000786946698916614,0.00786946698916614,0.00786946698916614
0.0007862331975064387,0.0007862331975064387,0.007862331975064387,0.007862331975064387
0.0007855188280426059,0.0007855188280426059,0.007855188280426058,0.007855188280426058
0.0007848035926915695,0.0007848035926915695,0.007848035926915695,0.007848035926915695
0.0007840874936224092,0.0007840874936224092,0.007840874936224092,0.007840874936224092
0.0007833705330068244,0.0007833705330068244,0.007833705330068243,0.007833705330068243
0.0007826527130191272,0.0007826527130191272,0.007826527130191272,0.007826527130191272
0.0007819340358362356,0.0007819340358362356,0.007819340358362356,0.007819340358362356
0.0007812145036376676,0.0007812145036376676,0.007812145036376676,0.007812145036376676
0.0007804941186055341,0.0007804941186055341,0.007804941186055341,0.007804941186055341
0.0007797728829245321,0.0007797728829245321,0.007797728829245321,0.007797728829245321
0.0007790507987819384,0.0007790507987819384,0.007790507987819384,0.007790507987819384
0.0007783278683676035,0.0007783278683676035,0.007783278683676035,0.007783278683676035
0.0007776040938739434,0.0007776040938739434,0.007776040938739435,0.007776040938739435
0.000776879477495935,0.000776879477495935,0.00776879477495935,0.00776879477495935
0.0007761540214311074,0.0007761540214311074,0.007761540214311074,0.007761540214311074
0.0007754277278795366,0.0007754277278795366,0.007754277278795366,0.007754277278795366
0.0007747005990438385,0.0007747005990438385,0.007747005990438385,0.007747005990438385
0.0007739726371291623,0.0007739726371291623,0.007739726371291623,0.007739726371291623
0.0007732438443431833,0.0007732438443431833,0.007732438443431833,0.007732438443431833
0.0007725142228960966,0.0007725142228960966,0.0077251422289609665,0.0077251422289609665
0.0007717837750006106,0.0007717837750006106,0.007717837750006106,0.007717837750006106
0.00077105250287194,0.00077105250287194,0.0077105250287193994,0.0077105250287193994
0.0007703204087277988,0.0007703204087277988,0.007703204087277989,0.007703204087277989
0.0007695874947883945,0.0007695874947883945,0.007695874947883945,0.007695874947883945
0.0007688537632764203,0.0007688537632764203,0.0076885376327642035,0.0076885376327642035
0.0007681192164170489,0.0007681192164170489,0.00768119216417049,0.00768119216417049
0.0007673838564379258,0.0007673838564379258,0.007673838564379258,0.007673838564379258
0.0007666476855691626,0.0007666476855691626,0.007666476855691626,0.007666476855691626
0.0007659107060433299,0.0007659107060433299,0.007659107060433299,0.007659107060433299
0.0007651729200954505,0.0007651729200954505,0.007651729200954505,0.007651729200954505
0.0007644343299629927,0.0007644343299629927,0.007644343299629928,0.007644343299629928
0.0007636949378858647,0.0007636949378858647,0.007636949378858646,0.007636949378858646
0.0007629547461064053,0.0007629547461064053,0.007629547461064054,0.007629547461064054
0.0007622137568693796,0.0007622137568693796,0.007622137568693796,0.007622137568693796
0.0007614719724219705,0.0007614719724219705,0.007614719724219705,0.007614719724219705
0.0007607293950137728,0.0007607293950137728,0.007607293950137728,0.007607293950137728
0.0007599860268967863,0.0007599860268967863,0.007599860268967863,0.007599860268967863
0.0007592418703254082,0.0007592418703254082,0.007592418703254083,0.007592418703254083
0.0007584969275564273,0.0007584969275564273,0.007584969275564273,0.007584969275564273
0.0007577512008490166,0.0007577512008490166,0.007577512008490166,0.007577512008490166
0.0007570046924647264,0.0007570046924647264,0.0075700469246472646,0.0075700469246472646
0.0007562574046674777,0.0007562574046674777,0.007562574046674778,0.007562574046674778
0.0007555093397235552,0.0007555093397235552,0.0075550933972355514,0.0075550933972355514
0.0007547604999016002,0.0007547604999016002,0.007547604999016002,0.007547604999016002
0.0007540108874726046,0.0007540108874726046,0.007540108874726046,0.007540108874726046
0.0007532605047099024,0.0007532605047099024,0.007532605047099024,0.007532605047099024
0.0007525093538891646,0.0007525093538891646,0.007525093538891645,0.007525093538891645
0.0007517574372883911,0.0007517574372883911,0.007517574372883911,0.007517574372883911
0.0007510047571879042,0.0007510047571879042,0.007510047571879042,0.007510047571879042
0.0007502513158703417,0.0007502513158703417,0.0075025131587034164,0.0075025131587034164
0.00074949711562065,0.00074949711562065,0.0074949711562065004,0.0074949711562065004
0.0007487421587260771,0.0007487421587260771,0.007487421587260771,0.007487421587260771
0.0007479864474761652,0.0007479864474761652,0.007479864474761653,0.007479864474761653
0.000747229984162745,0.000747229984162745,0.00747229984162745,0.00747229984162745
0.0007464727710799276,0.0007464727710799276,0.007464727710799276,0.007464727710799276
0.0007457148105240976,0.0007457148105240976,0.007457148105240976,0.007457148105240976
0.0007449561047939068,0.0007449561047939068,0.007449561047939069,0.007449561047939069
0.0007441966561902669,0.0007441966561902669,0.007441966561902669,0.007441966561902669
0.0007434364670163423,0.0007434364670163423,0.007434364670163423,0.007434364670163423
0.0007426755395775433,0.0007426755395775433,0.007426755395775433,0.007426755395775433
0.0007419138761815195,0.0007419138761815195,0.007419138761815194,0.007419138761815194
0.0007411514791381519,0.0007411514791381519,0.0074115147913815195,0.0074115147913815195
0.000740388350759547,0.000740388350759547,0.00740388350759547,0.00740388350759547
0.0007396244933600284,0.0007396244933600284,0.0073962449336002845,0.0073962449336002845
0.0007388599092561315,0.0007388599092561315,0.0073885990925613146,0.0073885990925613146
0.0007380946007665948,0.0007380946007665948,0.007380946007665949,0.007380946007665949
0.0007373285702123542,0.0007373285702123542,0.007373285702123542,0.007373285702123542
0.0007365618199165351,0.0007365618199165351,0.007365618199165352,0.007365618199165352
0.0007357943522044455,0.0007357943522044455,0.007357943522044456,0.007357943522044456
0.0007350261694035696,0.0007350261694035696,0.0073502616940356955,0.0073502616940356955
0.0007342572738435597,0.0007342572738435597,0.007342572738435597,0.007342572738435597
0.0007334876678562299,0.0007334876678562299,0.007334876678562299,0.007334876678562299
0.0007327173537755487,0.0007327173537755487,0.007327173537755487,0.007327173537755487
0.0007319463339376325,0.0007319463339376325,0.007319463339376324,0.007319463339376324
0.0007311746106807371,0.0007311746106807371,0.007311746106807371,0.007311746106807371
0.0007304021863452525,0.0007304021863452525,0.007304021863452525,0.007304021863452525
0.0007296290632736942,0.0007296290632736942,0.007296290632736941,0.007296290632736941
0.0007288552438106973,0.0007288552438106973,0.007288552438106972,0.007288552438106972
0.000728080730303008,0.000728080730303008,0.0072808073030300804,0.0072808073030300804
0.0007273055250994785,0.0007273055250994785,0.0072730552509947845,0.0072730552509947845
0.0007265296305510573,0.0007265296305510573,0.007265296305510573,0.007265296305510573
0.0007257530490107847,0.0007257530490107847,0.0072575304901078466,0.0072575304901078466
0.0007249757828337838,0.0007249757828337838,0.0072497578283378375,0.0072497578283378375
0.0007241978343772537,0.0007241978343772537,0.007241978343772537,0.007241978343772537
0.0007234192060004636,0.0007234192060004636,0.007234192060004636,0.007234192060004636
0.0007226399000647439,0.0007226399000647439,0.007226399000647439,0.007226399000647439
0.0007218599189334799,0.0007218599189334799,0.007218599189334799,0.007218599189334799
0.0007210792649721047,0.0007210792649721047,0.0072107926497210475,0.0072107926497210475
0.000720297940548092,0.000720297940548092,0.0072029794054809205,0.0072029794054809205
0.0007195159480309487,0.0007195159480309487,0.007195159480309486,0.007195159480309486
0.0007187332897922075,0.0007187332897922075,0.0071873328979220755,0.0071873328979220755
0.0007179499682054205,0.0007179499682054205,0.0071794996820542046,0.0071794996820542046
0.0007171659856461513,0.0007171659856461513,0.007171659856461512,0.007171659856461512
0.0007163813444919678,0.0007163813444919678,0.007163813444919678,0.007163813444919678
0.0007155960471224358,0.0007155960471224358,0.007155960471224358,0.007155960471224358
0.0007148100959191105,0.0007148100959191105,0.007148100959191105,0.007148100959191105
0.0007140234932655306,0.0007140234932655306,0.007140234932655306,0.007140234932655306
0.0007132362415472099,0.0007132362415472099,0.007132362415472099,0.007132362415472099
0.0007124483431516309,0.0007124483431516309,0.007124483431516309,0.007124483431516309
0.0007116598004682373,0.0007116598004682373,0.0071165980046823734,0.0071165980046823734
0.0007108706158884265,0.0007108706158884265,0.007108706158884265,0.007108706158884265
0.0007100807918055428,0.0007100807918055428,0.0071008079180554275,0.0071008079180554275
0.0007092903306148697,0.0007092903306148697,0.007092903306148697,0.007092903306148697
0.0007084992347136229,0.0007084992347136229,0.007084992347136229,0.007084992347136229
0.0007077075065009433,0.0007077075065009433,0.007077075065009433,0.007077075065009433
0.0007069151483778889,0.0007069151483778889,0.0070691514837788886,0.0070691514837788886
0.0007061221627474281,0.0007061221627474281,0.00706122162747428,0.00706122162747428
0.0007053285520144327,0.0007053285520144327,0.007053285520144327,0.007053285520144327
0.00070453431858567,0.00070453431858567,0.007045343185856701,0.007045343185856701
0.0007037394648697956,0.0007037394648697956,0.007037394648697957,0.007037394648697957
0.0007029439932773465,0.0007029439932773465,0.0070294399327734645,0.0070294399327734645
0.0007021479062207332,0.0007021479062207332,0.007021479062207332,0.007021479062207332
0.0007013512061142331,0.0007013512061142331,0.007013512061142331,0.007013512061142331
0.0007005538953739824,0.0007005538953739824,0.007005538953739824,0.007005538953739824
0.0006997559764179694,0.0006997559764179694,0.006997559764179694,0.006997559764179694
0.000698957451666027,0.000698957451666027,0.006989574516660269,0.006989574516660269
0.000698158323539825,0.000698158323539825,0.00698158323539825,0.00698158323539825
0.0006973585944628633,0.0006973585944628633,0.006973585944628633,0.006973585944628633
0.0006965582668604639,0.0006965582668604639,0.006965582668604638,0.006965582668604638
0.0006957573431597646,0.0006957573431597646,0.0069575734315976455,0.0069575734315976455
0.0006949558257897102,0.0006949558257897102,0.006949558257897102,0.006949558257897102
0.0006941537171810466,0.0006941537171810466,0.006941537171810466,0.006941537171810466
0.0006933510197663123,0.0006933510197663123,0.006933510197663123,0.006933510197663123
0.0006925477359798317,0.0006925477359798317,0.006925477359798316,0.006925477359798316
0.0006917438682577071,0.0006917438682577071,0.006917438682577072,0.006917438682577072
0.0006909394190378122,0.0006909394190378122,0.006909394190378122,0.006909394190378122
0.000690134390759784,0.000690134390759784,0.0069013439075978405,0.0069013439075978405
0.0006893287858650154,0.0006893287858650154,0.006893287858650155,0.006893287858650155
0.0006885226067966483,0.0006885226067966483,0.0068852260679664835,0.0068852260679664835
0.0006877158559995657,0.0006877158559995657,0.006877158559995656,0.006877158559995656
0.0006869085359203844,0.0006869085359203844,0.006869085359203844,0.006869085359203844
0.0006861006490074479,0.0006861006490074479,0.006861006490074479,0.006861006490074479
0.0006852921977108183,0.0006852921977108183,0.006852921977108183,0.006852921977108183
0.00068448318448227,0.00068448318448227,0.0068448318448227,0.0068448318448227
0.0006836736117752809,0.0006836736117752809,0.006836736117752809,0.006836736117752809
0.0006828634820450258,0.0006828634820450258,0.006828634820450258,0.006828634820450258
0.0006820527977483688,0.0006820527977483688,0.0068205279774836884,0.0068205279774836884
0.0006812415613438559,0.0006812415613438559,0.006812415613438559,0.006812415613438559
0.0006804297752917077,0.0006804297752917077,0.006804297752917077,0.006804297752917077
0.0006796174420538112,0.0006796174420538112,0.006796174420538112,0.006796174420538112
0.0006788045640937128,0.0006788045640937128,0.006788045640937128,0.006788045640937128
0.0006779911438766117,0.0006779911438766117,0.006779911438766117,0.006779911438766117
0.0006771771838693506,0.0006771771838693506,0.0067717718386935055,0.0067717718386935055
0.0006763626865404097,0.0006763626865404097,0.0067636268654040965,0.0067636268654040965
0.0006755476543598986,0.0006755476543598986,0.006755476543598986,0.006755476543598986
0.0006747320897995492,0.0006747320897995492,0.006747320897995492,0.006747320897995492
0.0006739159953327076,0.0006739159953327076,0.006739159953327077,0.006739159953327077
0.000673099373434327,0.000673099373434327,0.0067309937343432704,0.0067309937343432704
0.0006722822265809605,0.0006722822265809605,0.006722822265809605,0.006722822265809605
0.0006714645572507524,0.0006714645572507524,0.006714645572507524,0.006714645572507524
0.0006706463679234325,0.0006706463679234325,0.006706463679234324,0.006706463679234324
0.0006698276610803069,0.0006698276610803069,0.006698276610803069,0.006698276610803069
0.0006690084392042513,0.0006690084392042513,0.006690084392042514,0.006690084392042514
0.0006681887047797037,0.0006681887047797037,0.006681887047797037,0.006681887047797037
0.0006673684602926559,0.0006673684602926559,0.0066736846029265585,0.0066736846029265585
0.0006665477082306468,0.0006665477082306468,0.0066654770823064684,0.0066654770823064684
0.0006657264510827549,0.0006657264510827549,0.006657264510827549,0.006657264510827549
0.00066490469133959,0.00066490469133959,0.006649046913395899,0.006649046913395899
0.0006640824314932866,0.0006640824314932866,0.006640824314932866,0.006640824314932866
0.0006632596740374952,0.0006632596740374952,0.0066325967403749525,0.0066325967403749525
0.0006624364214673763,0.0006624364214673763,0.006624364214673763,0.006624364214673763
0.000661612676279591,0.000661612676279591,0.00661612676279591,0.00661612676279591
0.0006607884409722947,0.0006607884409722947,0.006607884409722947,0.006607884409722947
0.0006599637180451295,0.0006599637180451295,0.006599637180451295,0.006599637180451295
0.000659138509999216,0.000659138509999216,0.0065913850999921595,0.0065913850999921595
0.000658312819337146,0.000658312819337146,0.006583128193371459,0.006583128193371459
0.0006574866485629747,0.0006574866485629747,0.006574866485629747,0.006574866485629747
0.0006566600001822138,0.0006566600001822138,0.0065666000018221385,0.0065666000018221385
0.0006558328767018233,0.0006558328767018233,0.006558328767018233,0.006558328767018233
0.0006550052806302038,0.0006550052806302038,0.006550052806302038,0.006550052806302038
0.0006541772144771893,0.0006541772144771893,0.006541772144771893,0.006541772144771893
0.0006533486807540393,0.0006533486807540393,0.006533486807540393,0.006533486807540393
0.0006525196819734313,0.0006525196819734313,0.006525196819734314,0.006525196819734314
0.0006516902206494535,0.0006516902206494535,0.006516902206494535,0.006516902206494535
0.0006508602992975963,0.0006508602992975963,0.006508602992975962,0.006508602992975962
0.0006500299204347453,0.0006500299204347453,0.006500299204347453,0.006500299204347453
0.0006491990865791742,0.0006491990865791742,0.0064919908657917426,0.0064919908657917426
0.000648367800250536,0.000648367800250536,0.00648367800250536,0.00648367800250536
0.0006475360639698558,0.0006475360639698558,0.0064753606396985575,0.0064753606396985575
0.0006467038802595237,0.0006467038802595237,0.006467038802595236,0.006467038802595236
0.0006458712516432864,0.0006458712516432864,0.0064587125164328645,0.0064587125164328645
0.00064503818064624,0.00064503818064624,0.0064503818064624,0.0064503818064624
0.0006442046697948219,0.0006442046697948219,0.00644204669794822,0.00644204669794822
0.0006433707216168041,0.0006433707216168041,0.006433707216168041,0.006433707216168041
0.0006425363386412843,0.0006425363386412843,0.006425363386412843,0.006425363386412843
0.0006417015233986786,0.0006417015233986786,0.006417015233986786,0.006417015233986786
0.0006408662784207149,0.0006408662784207149,0.006408662784207149,0.006408662784207149
0.0006400306062404235,0.0006400306062404235,0.006400306062404235,0.006400306062404235
0.0006391945093921308,0.0006391945093921308,0.006391945093921309,0.006391945093921309
0.000638357990411451,0.000638357990411451,0.006383579904114509,0.006383579904114509
0.0006375210518352779,0.0006375210518352779,0.006375210518352778,0.006375210518352778
0.0006366836962017787,0.0006366836962017787,0.0063668369620177865,0.0063668369620177865
0.0006358459260503848,0.0006358459260503848,0.006358459260503848,0.006358459260503848
0.000635007743921785,0.000635007743921785,0.00635007743921785,0.00635007743921785
0.0006341691523579172,0.0006341691523579172,0.006341691523579171,0.006341691523579171
0.0006333301539019613,0.0006333301539019613,0.006333301539019612,0.006333301539019612
0.000632490751098331,0.000632490751098331,0.00632490751098331,0.00632490751098331
0.0006316509464926661,0.0006316509464926661,0.006316509464926661,0.006316509464926661
0.0006308107426318254,0.0006308107426318254,0.0063081074263182536,0.0063081074263182536
0.0006299701420638781,0.0006299701420638781,0.006299701420638781,0.006299701420638781
0.0006291291473380969,0.0006291291473380969,0.006291291473380969,0.006291291473380969
0.0006282877610049491,0.0006282877610049491,0.006282877610049491,0.006282877610049491
0.0006274459856160904,0.0006274459856160904,0.006274459856160903,0.006274459856160903
0.0006266038237243561,0.0006266038237243561,0.0062660382372435606,0.0062660382372435606
0.0006257612778837535,0.0006257612778837535,0.0062576127788375345,0.0062576127788375345
0.0006249183506494544,0.0006249183506494544,0.0062491835064945435,0.0062491835064945435
0.0006240750445777873,0.0006240750445777873,0.006240750445777873,0.006240750445777873
0.0006232313622262297,0.0006232313622262297,0.006232313622262297,0.006232313622262297
0.0006223873061533998,0.0006223873061533998,0.006223873061533998,0.006223873061533998
0.0006215428789190497,0.0006215428789190497,0.006215428789190497,0.006215428789190497
0.0006206980830840567,0.0006206980830840567,0.006206980830840567,0.006206980830840567
0.0006198529212104164,0.0006198529212104164,0.006198529212104164,0.006198529212104164
0.0006190073958612339,0.0006190073958612339,0.006190073958612339,0.006190073958612339
0.0006181615096007172,0.0006181615096007172,0.0061816150960071715,0.0061816150960071715
0.0006173152649941682,0.0006173152649941682,0.006173152649941682,0.006173152649941682
0.0006164686646079762,0.0006164686646079762,0.0061646866460797626,0.0061646866460797626
0.0006156217110096088,0.0006156217110096088,0.006156217110096089,0.006156217110096089
0.0006147744067676056,0.0006147744067676056,0.006147744067676057,0.006147744067676057
0.0006139267544515689,0.0006139267544515689,0.006139267544515689,0.006139267544515689
0.0006130787566321568,0.0006130787566321568,0.006130787566321567,0.006130787566321567
0.000612230415881075,0.000612230415881075,0.0061223041588107496,0.0061223041588107496
0.0006113817347710698,0.0006113817347710698,0.006113817347710698,0.006113817347710698
0.0006105327158759191,0.0006105327158759191,0.0061053271587591905,0.0061053271587591905
0.0006096833617704254,0.0006096833617704254,0.0060968336177042535,0.0060968336177042535
0.0006088336750304078,0.0006088336750304078,0.006088336750304077,0.006088336750304077
0.0006079836582326946,0.0006079836582326946,0.006079836582326945,0.006079836582326945
0.000607133313955114,0.000607133313955114,0.0060713331395511405,0.0060713331395511405
0.0006062826447764884,0.0006062826447764884,0.006062826447764883,0.006062826447764883
0.0006054316532766249,0.0006054316532766249,0.006054316532766248,0.006054316532766248
0.0006045803420363084,0.0006045803420363084,0.006045803420363084,0.006045803420363084
0.0006037287136372935,0.0006037287136372935,0.006037287136372934,0.006037287136372934
0.0006028767706622959,0.0006028767706622959,0.00602876770662296,0.00602876770662296
0.0006020245156949868,0.0006020245156949868,0.006020245156949868,0.006020245156949868
0.000601171951319982,0.000601171951319982,0.006011719513199821,0.006011719513199821
0.0006003190801228366,0.0006003190801228366,0.006003190801228367,0.006003190801228367
0.0005994659046900356,0.0005994659046900356,0.005994659046900357,0.005994659046900357
0.0005986124276089877,0.0005986124276089877,0.005986124276089877,0.005986124276089877
0.000597758651468015,0.000597758651468015,0.00597758651468015,0.00597758651468015
0.0005969045788563475,0.0005969045788563475,0.005969045788563475,0.005969045788563475
0.0005960502123641138,0.0005960502123641138,0.0059605021236411385,0.0059605021236411385
0.0005951955545823342,0.0005951955545823342,0.005951955545823342,0.005951955545823342
0.0005943406081029122,0.0005943406081029122,0.005943406081029121,0.005943406081029121
0.0005934853755186263,0.0005934853755186263,0.005934853755186264,0.005934853755186264
0.0005926298594231237,0.0005926298594231237,0.005926298594231237,0.005926298594231237
0.0005917740624109107,0.0005917740624109107,0.005917740624109107,0.005917740624109107
0.0005909179870773457,0.0005909179870773457,0.0059091798707734565,0.0059091798707734565
0.0005900616360186308,0.0005900616360186308,0.005900616360186309,0.005900616360186309
0.0005892050118318048,0.0005892050118318048,0.005892050118318048,0.005892050118318048
0.000588348117114735,0.000588348117114735,0.00588348117114735,0.00588348117114735
0.0005874909544661083,0.0005874909544661083,0.005874909544661084,0.005874909544661084
0.0005866335264854247,0.0005866335264854247,0.005866335264854248,0.005866335264854248
0.0005857758357729892,0.0005857758357729892,0.005857758357729892,0.005857758357729892
0.0005849178849299026,0.0005849178849299026,0.005849178849299026,0.005849178849299026
0.0005840596765580555,0.0005840596765580555,0.005840596765580555,0.005840596765580555
0.0005832012132601188,0.0005832012132601188,0.005832012132601188,0.005832012132601188
0.0005823424976395372,0.0005823424976395372,0.005823424976395373,0.005823424976395373
0.0005814835323005203,0.0005814835323005203,0.005814835323005203,0.005814835323005203
0.0005806243198480347,0.0005806243198480347,0.005806243198480348,0.005806243198480348
0.0005797648628877971,0.0005797648628877971,0.00579764862887797,0.00579764862887797
0.0005789051640262648,0.0005789051640262648,0.005789051640262648,0.005789051640262648
0.0005780452258706299,0.0005780452258706299,0.005780452258706299,0.005780452258706299
0.000577185051028809,0.000577185051028809,0.005771850510288091,0.005771850510288091
0.0005763246421094373,0.0005763246421094373,0.0057632464210943726,0.0057632464210943726
0.0005754640017218596,0.0005754640017218596,0.005754640017218596,0.005754640017218596
0.0005746031324761225,0.0005746031324761225,0.005746031324761225,0.005746031324761225
0.000573742036982967,0.000573742036982967,0.005737420369829669,0.005737420369829669
0.0005728807178538199,0.0005728807178538199,0.005728807178538199,0.005728807178538199
0.0005720191777007867,0.0005720191777007867,0.005720191777007867,0.005720191777007867
0.0005711574191366427,0.0005711574191366427,0.005711574191366427,0.005711574191366427
0.0005702954447748257,0.0005702954447748257,0.0057029544477482565,0.0057029544477482565
0.0005694332572294279,0.0005694332572294279,0.0056943325722942795,0.0056943325722942795
0.0005685708591151885,0.0005685708591151885,0.005685708591151885,0.005685708591151885
0.0005677082530474845,0.0005677082530474845,0.0056770825304748454,0.0056770825304748454
0.0005668454416423242,0.0005668454416423242,0.005668454416423242,0.005668454416423242
0.0005659824275163384,0.0005659824275163384,0.005659824275163384,0.005659824275163384
0.0005651192132867727,0.0005651192132867727,0.0056511921328677266,0.0056511921328677266
0.0005642558015714792,0.0005642558015714792,0.005642558015714791,0.005642558015714791
0.0005633921949889095,0.0005633921949889095,0.0056339219498890945,0.0056339219498890945
0.0005625283961581059,0.0005625283961581059,0.005625283961581058,0.005625283961581058
0.0005616644076986936,0.0005616644076986936,0.005616644076986936,0.005616644076986936
0.0005608002322308731,0.0005608002322308731,0.005608002322308731,0.005608002322308731
0.0005599358723754119,0.0005599358723754119,0.00559935872375412,0.00559935872375412
0.0005590713307536369,0.0005590713307536369,0.005590713307536369,0.005590713307536369
0.0005582066099874259,0.0005582066099874259,0.005582066099874259,0.005582066099874259
0.0005573417126992003,0.0005573417126992003,0.0055734171269920035,0.0055734171269920035
0.0005564766415119165,0.0005564766415119165,0.005564766415119164,0.005564766415119164
0.0005556113990490587,0.0005556113990490587,0.005556113990490587,0.005556113990490587
0.0005547459879346302,0.0005547459879346302,0.005547459879346302,0.005547459879346302
0.0005538804107931457,0.0005538804107931457,0.005538804107931457,0.005538804107931457
0.0005530146702496239,0.0005530146702496239,0.00553014670249624,0.00553014670249624
0.0005521487689295787,0.0005521487689295787,0.0055214876892957865,0.0055214876892957865
0.0005512827094590112,0.0005512827094590112,0.005512827094590112,0.005512827094590112
0.000550416494464403,0.000550416494464403,0.00550416494464403,0.00550416494464403
0.0005495501265727066,0.0005495501265727066,0.005495501265727066,0.005495501265727066
0.0005486836084113387,0.0005486836084113387,0.0054868360841133865,0.0054868360841133865
0.0005478169426081711,0.0005478169426081711,0.005478169426081711,0.005478169426081711
0.0005469501317915242,0.0005469501317915242,0.005469501317915242,0.005469501317915242
0.0005460831785901575,0.0005460831785901575,0.005460831785901574,0.005460831785901574
0.0005452160856332624,0.0005452160856332624,0.005452160856332624,0.005452160856332624
0.0005443488555504544,0.0005443488555504544,0.005443488555504544,0.005443488555504544
0.0005434814909717648,0.0005434814909717648,0.005434814909717648,0.005434814909717648
0.0005426139945276326,0.0005426139945276326,0.005426139945276326,0.005426139945276326
0.0005417463688488968,0.0005417463688488968,0.005417463688488968,0.005417463688488968
0.0005408786165667884,0.0005408786165667884,0.0054087861656678836,0.0054087861656678836
0.0005400107403129222,0.0005400107403129222,0.005400107403129222,0.005400107403129222
0.0005391427427192891,0.0005391427427192891,0.005391427427192891,0.005391427427192891
0.0005382746264182479,0.0005382746264182479,0.00538274626418248,0.00538274626418248
0.0005374063940425174,0.0005374063940425174,0.0053740639404251745,0.0053740639404251745
0.0005365380482251685,0.0005365380482251685,0.005365380482251685,0.005365380482251685
0.0005356695915996161,0.0005356695915996161,0.005356695915996162,0.005356695915996162
0.0005348010267996113,0.0005348010267996113,0.0053480102679961125,0.0053480102679961125
0.0005339323564592327,0.0005339323564592327,0.005339323564592327,0.005339323564592327
0.0005330635832128796,0.0005330635832128796,0.005330635832128796,0.005330635832128796
0.0005321947096952633,0.0005321947096952633,0.005321947096952633,0.005321947096952633
0.0005313257385413985,0.0005313257385413985,0.0053132573854139855,0.0053132573854139855
0.0005304566723865971,0.0005304566723865971,0.005304566723865971,0.005304566723865971
0.0005295875138664583,0.0005295875138664583,0.0052958751386645835,0.0052958751386645835
0.0005287182656168618,0.0005287182656168618,0.005287182656168617,0.005287182656168617
0.0005278489302739587,0.0005278489302739587,0.005278489302739588,0.005278489302739588
0.0005269795104741656,0.0005269795104741656,0.005269795104741656,0.005269795104741656
0.0005261100088541538,0.0005261100088541538,0.005261100088541538,0.005261100088541538
0.0005252404280508439,0.0005252404280508439,0.005252404280508438,0.005252404280508438
0.0005243707707013956,0.0005243707707013956,0.005243707707013956,0.005243707707013956
0.0005235010394432016,0.0005235010394432016,0.005235010394432016,0.005235010394432016
0.0005226312369138781,0.0005226312369138781,0.0052263123691387815,0.0052263123691387815
0.0005217613657512581,0.0005217613657512581,0.005217613657512581,0.005217613657512581
0.0005208914285933819,0.0005208914285933819,0.005208914285933819,0.005208914285933819
0.0005200214280784908,0.0005200214280784908,0.005200214280784908,0.005200214280784908
0.0005191513668450177,0.0005191513668450177,0.005191513668450177,0.005191513668450177
0.0005182812475315798,0.0005182812475315798,0.005182812475315798,0.005182812475315798
0.0005174110727769704,0.0005174110727769704,0.005174110727769704,0.005174110727769704
0.000516540845220151,0.000516540845220151,0.0051654084522015095,0.0051654084522015095
0.0005156705675002431,0.0005156705675002431,0.005156705675002431,0.005156705675002431
0.0005148002422565207,0.0005148002422565207,0.005148002422565206,0.005148002422565206
0.0005139298721284013,0.0005139298721284013,0.005139298721284012,0.005139298721284012
0.0005130594597554391,0.0005130594597554391,0.005130594597554391,0.005130594597554391
0.0005121890077773161,0.0005121890077773161,0.005121890077773162,0.005121890077773162
0.0005113185188338345,0.0005113185188338345,0.005113185188338345,0.005113185188338345
0.0005104479955649088,0.0005104479955649088,0.005104479955649087,0.005104479955649087
0.0005095774406105571,0.0005095774406105571,0.005095774406105571,0.005095774406105571
0.0005087068566108941,0.0005087068566108941,0.005087068566108941,0.005087068566108941
0.0005078362462061221,0.0005078362462061221,0.005078362462061221,0.005078362462061221
0.0005069656120365241,0.0005069656120365241,0.00506965612036524,0.00506965612036524
0.0005060949567424546,0.0005060949567424546,0.005060949567424545,0.005060949567424545
0.0005052242829643323,0.0005052242829643323,0.005052242829643323,0.005052242829643323
0.0005043535933426323,0.0005043535933426323,0.005043535933426323,0.005043535933426323
0.0005034828905178775,0.0005034828905178775,0.0050348289051787756,0.0050348289051787756
0.0005026121771306306,0.0005026121771306306,0.005026121771306307,0.005026121771306307
0.0005017414558214869,0.0005017414558214869,0.005017414558214869,0.005017414558214869
0.0005008707292310649,0.0005008707292310649,0.005008707292310649,0.005008707292310649
0.0005,0.0005,0.005,0.005
0.000499129270768935,0.000499129270768935,0.00499129270768935,0.00499129270768935
0.0004982585441785132,0.0004982585441785132,0.004982585441785132,0.004982585441785132
0.0004973878228693693,0.0004973878228693693,0.004973878228693693,0.004973878228693693
0.0004965171094821226,0.0004965171094821226,0.0049651710948212255,0.0049651710948212255
0.0004956464066573677,0.0004956464066573677,0.004956464066573677,0.004956464066573677
0.0004947757170356677,0.0004947757170356677,0.004947757170356677,0.004947757170356677
0.0004939050432575454,0.0004939050432575454,0.004939050432575455,0.004939050432575455
0.0004930343879634762,0.0004930343879634762,0.004930343879634762,0.004930343879634762
0.000492163753793878,0.000492163753793878,0.00492163753793878,0.00492163753793878
0.0004912931433891061,0.0004912931433891061,0.004912931433891062,0.004912931433891062
0.000490422559389443,0.000490422559389443,0.00490422559389443,0.00490422559389443
0.0004895520044350914,0.0004895520044350914,0.004895520044350914,0.004895520044350914
0.0004886814811661655,0.0004886814811661655,0.004886814811661655,0.004886814811661655
0.00048781099222268377,0.00048781099222268377,0.004878109922226838,0.004878109922226838
0.00048694054024456094,0.00048694054024456094,0.00486940540244561,0.00486940540244561
0.0004860701278715987,0.0004860701278715987,0.004860701278715987,0.004860701278715987
0.0004851997577434794,0.0004851997577434794,0.004851997577434794,0.004851997577434794
0.00048432943249975685,0.00048432943249975685,0.0048432943249975685,0.0048432943249975685
0.0004834591547798492,0.0004834591547798492,0.004834591547798492,0.004834591547798492
0.00048258892722302974,0.00048258892722302974,0.004825889272230297,0.004825889272230297
0.0004817187524684203,0.0004817187524684203,0.004817187524684204,0.004817187524684204
0.00048084863315498236,0.00048084863315498236,0.004808486331549823,0.004808486331549823
0.00047997857192150933,0.00047997857192150933,0.004799785719215094,0.004799785719215094
0.0004791085714066181,0.0004791085714066181,0.004791085714066181,0.004791085714066181
0.000478238634248742,0.000478238634248742,0.00478238634248742,0.00478238634248742
0.0004773687630861219,0.0004773687630861219,0.004773687630861219,0.004773687630861219
0.00047649896055679844,0.00047649896055679844,0.0047649896055679845,0.0047649896055679845
0.00047562922929860445,0.00047562922929860445,0.004756292292986045,0.004756292292986045
0.0004747595719491561,0.0004747595719491561,0.004747595719491561,0.004747595719491561
0.0004738899911458462,0.0004738899911458462,0.004738899911458462,0.004738899911458462
0.00047302048952583447,0.00047302048952583447,0.004730204895258345,0.004730204895258345
0.00047215106972604127,0.00047215106972604127,0.0047215106972604125,0.0047215106972604125
0.0004712817343831384,0.0004712817343831384,0.004712817343831384,0.004712817343831384
0.0004704124861335418,0.0004704124861335418,0.004704124861335418,0.004704124861335418
0.0004695433276134029,0.0004695433276134029,0.004695433276134029,0.004695433276134029
0.0004686742614586015,0.0004686742614586015,0.004686742614586015,0.004686742614586015
0.00046780529030473686,0.00046780529030473686,0.004678052903047368,0.004678052903047368
0.00046693641678712027,0.00046693641678712027,0.004669364167871203,0.004669364167871203
0.00046606764354076736,0.00046606764354076736,0.004660676435407673,0.004660676435407673
0.00046519897320038877,0.00046519897320038877,0.004651989732003888,0.004651989732003888
0.00046433040840038387,0.00046433040840038387,0.004643304084003839,0.004643304084003839
0.00046346195177483145,0.00046346195177483145,0.004634619517748315,0.004634619517748315
0.0004625936059574828,0.0004625936059574828,0.0046259360595748275,0.0046259360595748275
0.00046172537358175214,0.00046172537358175214,0.0046172537358175215,0.0046172537358175215
0.0004608572572807111,0.0004608572572807111,0.004608572572807111,0.004608572572807111
0.0004599892596870779,0.0004599892596870779,0.004599892596870779,0.004599892596870779
0.00045912138343321167,0.00045912138343321167,0.004591213834332117,0.004591213834332117
0.0004582536311511032,0.0004582536311511032,0.004582536311511032,0.004582536311511032
0.0004573860054723673,0.0004573860054723673,0.004573860054723673,0.004573860054723673
0.00045651850902823525,0.00045651850902823525,0.004565185090282353,0.004565185090282353
0.0004556511444495456,0.0004556511444495456,0.004556511444495456,0.004556511444495456
0.00045478391436673765,0.00045478391436673765,0.004547839143667376,0.004547839143667376
0.0004539168214098426,0.0004539168214098426,0.004539168214098426,0.004539168214098426
0.00045304986820847594,0.00045304986820847594,0.004530498682084759,0.004530498682084759
0.0004521830573918289,0.0004521830573918289,0.004521830573918289,0.004521830573918289
0.0004513163915886615,0.0004513163915886615,0.004513163915886615,0.004513163915886615
0.00045044987342729345,0.00045044987342729345,0.004504498734272934,0.004504498734272934
0.0004495835055355972,0.0004495835055355972,0.004495835055355972,0.004495835055355972
0.00044871729054098874,0.00044871729054098874,0.004487172905409888,0.004487172905409888
0.00044785123107042156,0.00044785123107042156,0.004478512310704215,0.004478512310704215
0.00044698532975037615,0.00044698532975037615,0.004469853297503761,0.004469853297503761
0.00044611958920685423,0.00044611958920685423,0.0044611958920685426,0.0044611958920685426
0.00044525401206536993,0.00044525401206536993,0.004452540120653699,0.004452540120653699
0.0004443886009509413,0.0004443886009509413,0.004443886009509413,0.004443886009509413
0.0004435233584880836,0.0004435233584880836,0.004435233584880836,0.004435233584880836
0.0004426582873007998,0.0004426582873007998,0.0044265828730079984,0.0044265828730079984
0.00044179339001257416,0.00044179339001257416,0.004417933900125742,0.004417933900125742
0.0004409286692463631,0.0004409286692463631,0.004409286692463631,0.004409286692463631
0.0004400641276245882,0.0004400641276245882,0.004400641276245882,0.004400641276245882
0.000439199767769127,0.000439199767769127,0.00439199767769127,0.00439199767769127
0.0004383355923013066,0.0004383355923013066,0.004383355923013066,0.004383355923013066
0.0004374716038418942,0.0004374716038418942,0.004374716038418942,0.004374716038418942
0.00043660780501109076,0.00043660780501109076,0.004366078050110907,0.004366078050110907
0.00043574419842852086,0.00043574419842852086,0.004357441984285209,0.004357441984285209
0.0004348807867132274,0.0004348807867132274,0.004348807867132274,0.004348807867132274
0.0004340175724836617,0.0004340175724836617,0.004340175724836617,0.004340175724836617
0.00043315455835767574,0.00043315455835767574,0.004331545583576757,0.004331545583576757
0.0004322917469525155,0.0004322917469525155,0.004322917469525155,0.004322917469525155
0.00043142914088481157,0.00043142914088481157,0.0043142914088481156,0.0043142914088481156
0.0004305667427705722,0.0004305667427705722,0.004305667427705722,0.004305667427705722
0.0004297045552251745,0.0004297045552251745,0.0042970455522517445,0.0042970455522517445
0.0004288425808633575,0.0004288425808633575,0.004288425808633574,0.004288425808633574
0.00042798082229921337,0.00042798082229921337,0.004279808222992134,0.004279808222992134
0.0004271192821461802,0.0004271192821461802,0.004271192821461802,0.004271192821461802
0.00042625796301703323,0.00042625796301703323,0.004262579630170332,0.004262579630170332
0.00042539686752387764,0.00042539686752387764,0.004253968675238777,0.004253968675238777
0.0004245359982781406,0.0004245359982781406,0.004245359982781406,0.004245359982781406
0.0004236753578905627,0.0004236753578905627,0.004236753578905627,0.004236753578905627
0.00042281494897119105,0.00042281494897119105,0.00422814948971191,0.00422814948971191
0.00042195477412937014,0.00042195477412937014,0.0042195477412937015,0.0042195477412937015
0.0004210948359737352,0.0004210948359737352,0.004210948359737352,0.004210948359737352
0.0004202351371122031,0.0004202351371122031,0.004202351371122031,0.004202351371122031
0.0004193756801519654,0.0004193756801519654,0.0041937568015196535,0.0041937568015196535
0.0004185164676994798,0.0004185164676994798,0.004185164676994798,0.004185164676994798
0.00041765750236046295,0.00041765750236046295,0.00417657502360463,0.00417657502360463
0.0004167987867398813,0.0004167987867398813,0.004167987867398813,0.004167987867398813
0.0004159403234419448,0.0004159403234419448,0.004159403234419447,0.004159403234419447
0.0004150821150700975,0.0004150821150700975,0.004150821150700975,0.004150821150700975
0.0004142241642270108,0.0004142241642270108,0.004142241642270108,0.004142241642270108
0.00041336647351457523,0.00041336647351457523,0.004133664735145752,0.004133664735145752
0.0004125090455338917,0.0004125090455338917,0.004125090455338916,0.004125090455338916
0.00041165188288526513,0.00041165188288526513,0.004116518828852651,0.004116518828852651
0.0004107949881681951,0.0004107949881681951,0.004107949881681951,0.004107949881681951
0.0004099383639813693,0.0004099383639813693,0.004099383639813693,0.004099383639813693
0.00040908201292265444,0.00040908201292265444,0.004090820129226545,0.004090820129226545
0.00040822593758908944,0.00040822593758908944,0.004082259375890894,0.004082259375890894
0.00040737014057687626,0.00040737014057687626,0.004073701405768763,0.004073701405768763
0.0004065146244813737,0.0004065146244813737,0.004065146244813737,0.004065146244813737
0.000405659391897088,0.000405659391897088,0.00405659391897088,0.00405659391897088
0.00040480444541766573,0.00040480444541766573,0.004048044454176658,0.004048044454176658
0.0004039497876358863,0.0004039497876358863,0.004039497876358863,0.004039497876358863
0.00040309542114365263,0.00040309542114365263,0.004030954211436526,0.004030954211436526
0.0004022413485319851,0.0004022413485319851,0.004022413485319851,0.004022413485319851
0.0004013875723910123,0.0004013875723910123,0.004013875723910123,0.004013875723910123
0.00040053409530996437,0.00040053409530996437,0.004005340953099644,0.004005340953099644
0.00039968091987716345,0.00039968091987716345,0.003996809198771634,0.003996809198771634
0.0003988280486800182,0.0003988280486800182,0.003988280486800182,0.003988280486800182
0.00039797548430501337,0.00039797548430501337,0.0039797548430501335,0.0039797548430501335
0.00039712322933770414,0.00039712322933770414,0.003971232293377041,0.003971232293377041
0.00039627128636270673,0.00039627128636270673,0.003962712863627067,0.003962712863627067
0.00039541965796369177,0.00039541965796369177,0.0039541965796369176,0.0039541965796369176
0.00039456834672337514,0.00039456834672337514,0.003945683467233752,0.003945683467233752
0.00039371735522351166,0.00039371735522351166,0.0039371735522351166,0.0039371735522351166
0.00039286668604488606,0.00039286668604488606,0.0039286668604488605,0.0039286668604488605
0.0003920163417673055,0.0003920163417673055,0.003920163417673055,0.003920163417673055
0.0003911663249695923,0.0003911663249695923,0.003911663249695923,0.003911663249695923
0.00039031663822957475,0.00039031663822957475,0.0039031663822957476,0.0039031663822957476
0.00038946728412408115,0.00038946728412408115,0.003894672841240812,0.003894672841240812
0.0003886182652289304,0.0003886182652289304,0.003886182652289304,0.003886182652289304
0.00038776958411892526,0.00038776958411892526,0.003877695841189253,0.003877695841189253
0.0003869212433678434,0.0003869212433678434,0.0038692124336784342,0.0038692124336784342
0.0003860732455484313,0.0003860732455484313,0.003860732455484313,0.003860732455484313
0.00038522559323239447,0.00038522559323239447,0.003852255932323945,0.003852255932323945
0.0003843782889903912,0.0003843782889903912,0.003843782889903912,0.003843782889903912
0.0003835313353920239,0.0003835313353920239,0.003835313353920239,0.003835313353920239
0.0003826847350058318,0.0003826847350058318,0.003826847350058318,0.003826847350058318
0.000381838490399283,0.000381838490399283,0.00381838490399283,0.00381838490399283
0.0003809926041387661,0.0003809926041387661,0.0038099260413876615,0.0038099260413876615
0.0003801470787895837,0.0003801470787895837,0.003801470787895837,0.003801470787895837
0.00037930191691594326,0.00037930191691594326,0.0037930191691594325,0.0037930191691594325
0.0003784571210809505,0.0003784571210809505,0.003784571210809505,0.003784571210809505
0.0003776126938466003,0.0003776126938466003,0.003776126938466003,0.003776126938466003
0.0003767686377737705,0.0003767686377737705,0.0037676863777377054,0.0037676863777377054
0.0003759249554222128,0.0003759249554222128,0.003759249554222128,0.003759249554222128
0.00037508164935054586,0.00037508164935054586,0.0037508164935054584,0.0037508164935054584
0.0003742387221162466,0.0003742387221162466,0.003742387221162466,0.003742387221162466
0.00037339617627564394,0.00037339617627564394,0.0037339617627564392,0.0037339617627564392
0.0003725540143839097,0.0003725540143839097,0.0037255401438390967,0.0037255401438390967
0.0003717122389950509,0.0003717122389950509,0.003717122389950509,0.003717122389950509
0.00037087085266190325,0.00037087085266190325,0.0037087085266190325,0.0037087085266190325
0.00037002985793612174,0.00037002985793612174,0.0037002985793612177,0.0037002985793612177
0.0003691892573681747,0.0003691892573681747,0.003691892573681747,0.003691892573681747
0.00036834905350733395,0.00036834905350733395,0.0036834905350733396,0.0036834905350733396
0.00036750924890166926,0.00036750924890166926,0.0036750924890166926,0.0036750924890166926
0.0003666698460980388,0.0003666698460980388,0.0036666984609803883,0.0036666984609803883
0.0003658308476420831,0.0003658308476420831,0.0036583084764208306,0.0036583084764208306
0.0003649922560782152,0.0003649922560782152,0.003649922560782152,0.003649922560782152
0.00036415407394961536,0.00036415407394961536,0.0036415407394961535,0.0036415407394961535
0.0003633163037982214,0.0003633163037982214,0.0036331630379822137,0.0036331630379822137
0.0003624789481647221,0.0003624789481647221,0.003624789481647221,0.003624789481647221
0.00036164200958854916,0.00036164200958854916,0.0036164200958854914,0.0036164200958854914
0.0003608054906078691,0.0003608054906078691,0.003608054906078691,0.003608054906078691
0.00035996939375957656,0.00035996939375957656,0.0035996939375957655,0.0035996939375957655
0.0003591337215792851,0.0003591337215792851,0.0035913372157928515,0.0035913372157928515
0.00035829847660132146,0.00035829847660132146,0.0035829847660132147,0.0035829847660132147
0.00035746366135871587,0.00035746366135871587,0.003574636613587159,0.003574636613587159
0.00035662927838319607,0.00035662927838319607,0.0035662927838319607,0.0035662927838319607
0.0003557953302051782,0.0003557953302051782,0.003557953302051782,0.003557953302051782
0.00035496181935376023,0.00035496181935376023,0.0035496181935376022,0.0035496181935376022
0.0003541287483567137,0.0003541287483567137,0.003541287483567137,0.003541287483567137
0.0003532961197404763,0.0003532961197404763,0.0035329611974047625,0.0035329611974047625
0.0003524639360301443,0.0003524639360301443,0.003524639360301443,0.003524639360301443
0.0003516321997494641,0.0003516321997494641,0.003516321997494641,0.003516321997494641
0.00035080091342082586,0.00035080091342082586,0.0035080091342082585,0.0035080091342082585
0.0003499700795652546,0.0003499700795652546,0.003499700795652546,0.003499700795652546
0.00034913970070240386,0.00034913970070240386,0.0034913970070240387,0.0034913970070240387
0.00034830977935054654,0.00034830977935054654,0.0034830977935054654,0.0034830977935054654
0.0003474803180265688,0.0003474803180265688,0.0034748031802656876,0.0034748031802656876
0.0003466513192459608,0.0003466513192459608,0.0034665131924596078,0.0034665131924596078
0.0003458227855228108,0.0003458227855228108,0.003458227855228108,0.003458227855228108
0.0003449947193697962,0.0003449947193697962,0.0034499471936979623,0.0034499471936979623
0.00034416712329817683,0.00034416712329817683,0.0034416712329817683,0.0034416712329817683
0.00034333999981778625,0.00034333999981778625,0.0034333999981778626,0.0034333999981778626
0.00034251335143702533,0.00034251335143702533,0.0034251335143702533,0.0034251335143702533
0.0003416871806628542,0.0003416871806628542,0.003416871806628542,0.003416871806628542
0.000340861490000784,0.000340861490000784,0.0034086149000078403,0.0034086149000078403
0.0003400362819548706,0.0003400362819548706,0.003400362819548706,0.003400362819548706
0.00033921155902770533,0.00033921155902770533,0.0033921155902770536,0.0033921155902770536
0.00033838732372040925,0.00033838732372040925,0.0033838732372040927,0.0033838732372040927
0.0003375635785326238,0.0003375635785326238,0.003375635785326238,0.003375635785326238
0.0003367403259625048,0.0003367403259625048,0.003367403259625048,0.003367403259625048
0.0003359175685067135,0.0003359175685067135,0.0033591756850671352,0.0033591756850671352
0.00033509530866041015,0.00033509530866041015,0.0033509530866041018,0.0033509530866041018
0.00033427354891724527,0.00033427354891724527,0.0033427354891724524,0.0033427354891724524
0.00033345229176935334,0.00033345229176935334,0.003334522917693533,0.003334522917693533
0.0003326315397073442,0.0003326315397073442,0.003326315397073442,0.003326315397073442
0.0003318112952202963,0.0003318112952202963,0.003318112952202963,0.003318112952202963
0.0003309915607957487,0.0003309915607957487,0.003309915607957487,0.003309915607957487
0.00033017233891969314,0.00033017233891969314,0.003301723389196931,0.003301723389196931
0.0003293536320765675,0.0003293536320765675,0.0032935363207656754,0.0032935363207656754
0.0003285354427492475,0.0003285354427492475,0.0032853544274924753,0.0032853544274924753
0.00032771777341903974,0.00032771777341903974,0.0032771777341903973,0.0032771777341903973
0.00032690062656567297,0.00032690062656567297,0.0032690062656567298,0.0032690062656567298
0.00032608400466729257,0.00032608400466729257,0.0032608400466729256,0.0032608400466729256
0.0003252679102004509,0.0003252679102004509,0.0032526791020045086,0.0032526791020045086
0.00032445234564010153,0.00032445234564010153,0.003244523456401015,0.003244523456401015
0.0003236373134595904,0.0003236373134595904,0.003236373134595904,0.003236373134595904
0.00032282281613064945,0.00032282281613064945,0.0032282281613064947,0.0032282281613064947
0.0003220088561233884,0.0003220088561233884,0.0032200885612338843,0.0032200885612338843
0.00032119543590628706,0.00032119543590628706,0.003211954359062871,0.003211954359062871
0.0003203825579461889,0.0003203825579461889,0.0032038255794618886,0.0032038255794618886
0.0003195702247082922,0.0003195702247082922,0.003195702247082922,0.003195702247082922
0.00031875843865614406,0.00031875843865614406,0.0031875843865614407,0.0031875843865614407
0.0003179472022516313,0.0003179472022516313,0.003179472022516313,0.003179472022516313
0.00031713651795497446,0.00031713651795497446,0.0031713651795497446,0.0031713651795497446
0.00031632638822471927,0.00031632638822471927,0.0031632638822471928,0.0031632638822471928
0.00031551681551773023,0.00031551681551773023,0.003155168155177302,0.003155168155177302
0.0003147078022891817,0.0003147078022891817,0.003147078022891817,0.003147078022891817
0.00031389935099255227,0.00031389935099255227,0.003138993509925523,0.003138993509925523
0.00031309146407961565,0.00031309146407961565,0.0031309146407961564,0.0031309146407961564
0.00031228414400043426,0.00031228414400043426,0.0031228414400043428,0.0031228414400043428
0.00031147739320335166,0.00031147739320335166,0.0031147739320335167,0.0031147739320335167
0.0003106712141349844,0.0003106712141349844,0.0031067121413498443,0.0031067121413498443
0.00030986560924021604,0.00030986560924021604,0.0030986560924021606,0.0030986560924021606
0.0003090605809621878,0.0003090605809621878,0.003090605809621878,0.003090605809621878
0.000308256131742293,0.000308256131742293,0.00308256131742293,0.00308256131742293
0.00030745226402016846,0.00030745226402016846,0.0030745226402016847,0.0030745226402016847
0.0003066489802336879,0.0003066489802336879,0.003066489802336879,0.003066489802336879
0.00030584628281895356,0.00030584628281895356,0.0030584628281895357,0.0030584628281895357
0.00030504417421028994,0.00030504417421028994,0.0030504417421028996,0.0030504417421028996
0.00030424265684023555,0.00030424265684023555,0.0030424265684023555,0.0030424265684023555
0.0003034417331395361,0.0003034417331395361,0.003034417331395361,0.003034417331395361
0.00030264140553713684,0.00030264140553713684,0.0030264140553713684,0.0030264140553713684
0.00030184167646017494,0.00030184167646017494,0.0030184167646017494,0.0030184167646017494
0.000301042548333973,0.000301042548333973,0.0030104254833397304,0.0030104254833397304
0.00030024402358203055,0.00030024402358203055,0.003002440235820306,0.003002440235820306
0.0002994461046260177,0.0002994461046260177,0.0029944610462601766,0.0029944610462601766
0.00029864879388576696,0.00029864879388576696,0.0029864879388576695,0.0029864879388576695
0.000297852093779267,0.000297852093779267,0.0029785209377926696,0.0029785209377926696
0.00029705600672265365,0.00029705600672265365,0.0029705600672265365,0.0029705600672265365
0.0002962605351302045,0.0002962605351302045,0.0029626053513020453,0.0029626053513020453
0.00029546568141433004,0.00029546568141433004,0.0029546568141433005,0.0029546568141433005
0.00029467144798556746,0.00029467144798556746,0.0029467144798556743,0.0029467144798556743
0.000293877837252572,0.000293877837252572,0.00293877837252572,0.00293877837252572
0.0002930848516221113,0.0002930848516221113,0.002930848516221113,0.002930848516221113
0.0002922924934990568,0.0002922924934990568,0.0029229249349905684,0.0029229249349905684
0.0002915007652863771,0.0002915007652863771,0.0029150076528637707,0.0029150076528637707
0.00029070966938513044,0.00029070966938513044,0.002907096693851304,0.002907096693851304
0.00028991920819445736,0.00028991920819445736,0.002899192081944574,0.002899192081944574
0.00028912938411157366,0.00028912938411157366,0.002891293841115736,0.002891293841115736
0.0002883401995317627,0.0002883401995317627,0.002883401995317627,0.002883401995317627
0.00028755165684836925,0.00028755165684836925,0.0028755165684836927,0.0028755165684836927
0.00028676375845279015,0.00028676375845279015,0.002867637584527901,0.002867637584527901
0.0002859765067344695,0.0002859765067344695,0.002859765067344695,0.002859765067344695
0.0002851899040808895,0.0002851899040808895,0.002851899040808895,0.002851899040808895
0.00028440395287756415,0.00028440395287756415,0.0028440395287756414,0.0028440395287756414
0.0002836186555080323,0.0002836186555080323,0.0028361865550803234,0.0028361865550803234
0.0002828340143538488,0.0002828340143538488,0.0028283401435384883,0.0028283401435384883
0.00028205003179457955,0.00028205003179457955,0.0028205003179457956,0.0028205003179457956
0.0002812667102077926,0.0002812667102077926,0.002812667102077926,0.002812667102077926
0.00028048405196905146,0.00028048405196905146,0.002804840519690515,0.002804840519690515
0.00027970205945190786,0.00027970205945190786,0.0027970205945190784,0.0027970205945190784
0.00027892073502789537,0.00027892073502789537,0.002789207350278954,0.002789207350278954
0.0002781400810665201,0.0002781400810665201,0.002781400810665201,0.002781400810665201
0.0002773600999352562,0.0002773600999352562,0.002773600999352562,0.002773600999352562
0.00027658079399953643,0.00027658079399953643,0.0027658079399953644,0.0027658079399953644
0.0002758021656227463,0.0002758021656227463,0.0027580216562274637,0.0027580216562274637
0.0002750242171662165,0.0002750242171662165,0.002750242171662165,0.002750242171662165
0.0002742469509892153,0.0002742469509892153,0.0027424695098921532,0.0027424695098921532
0.00027347036944894273,0.00027347036944894273,0.002734703694489427,0.002734703694489427
0.00027269447490052166,0.00027269447490052166,0.002726944749005217,0.002726944749005217
0.000271919269696992,0.000271919269696992,0.0027191926969699198,0.0027191926969699198
0.0002711447561893029,0.0002711447561893029,0.002711447561893029,0.002711447561893029
0.0002703709367263059,0.0002703709367263059,0.0027037093672630593,0.0027037093672630593
0.0002695978136547476,0.0002695978136547476,0.0026959781365474755,0.0026959781365474755
0.0002688253893192631,0.0002688253893192631,0.0026882538931926317,0.0026882538931926317
0.00026805366606236767,0.00026805366606236767,0.002680536660623677,0.002680536660623677
0.00026728264622445137,0.00026728264622445137,0.0026728264622445136,0.0026728264622445136
0.0002665123321437703,0.0002665123321437703,0.002665123321437703,0.002665123321437703
0.0002657427261564405,0.0002657427261564405,0.002657427261564405,0.002657427261564405
0.0002649738305964304,0.0002649738305964304,0.002649738305964304,0.002649738305964304
0.00026420564779555444,0.00026420564779555444,0.0026420564779555443,0.0026420564779555443
0.0002634381800834649,0.0002634381800834649,0.0026343818008346493,0.0026343818008346493
0.0002626714297876458,0.0002626714297876458,0.002626714297876458,0.002626714297876458
0.0002619053992334053,0.0002619053992334053,0.0026190539923340527,0.0026190539923340527
0.00026114009074386846,0.00026114009074386846,0.002611400907438685,0.002611400907438685
0.00026037550663997176,0.00026037550663997176,0.002603755066399718,0.002603755066399718
0.0002596116492404531,0.0002596116492404531,0.002596116492404531,0.002596116492404531
0.00025884852086184806,0.00025884852086184806,0.0025884852086184807,0.0025884852086184807
0.0002580861238184806,0.0002580861238184806,0.0025808612381848063,0.0025808612381848063
0.00025732446042245685,0.00025732446042245685,0.002573244604224568,0.002573244604224568
0.00025656353298365777,0.00025656353298365777,0.0025656353298365775,0.0025656353298365775
0.00025580334380973316,0.00025580334380973316,0.0025580334380973313,0.0025580334380973313
0.0002550438952060932,0.0002550438952060932,0.002550438952060932,0.002550438952060932
0.00025428518947590245,0.00025428518947590245,0.0025428518947590247,0.0025428518947590247
0.00025352722892007254,0.00025352722892007254,0.0025352722892007253,0.0025352722892007253
0.0002527700158372548,0.0002527700158372548,0.002527700158372548,0.002527700158372548
0.00025201355252383483,0.00025201355252383483,0.0025201355252383486,0.0025201355252383486
0.000251257841273923,0.000251257841273923,0.0025125784127392296,0.0025125784127392296
0.00025050288437935,0.00025050288437935,0.0025050288437935,0.0025050288437935
0.0002497486841296584,0.0002497486841296584,0.002497486841296584,0.002497486841296584
0.000248995242812096,0.000248995242812096,0.0024899524281209603,0.0024899524281209603
0.00024824256271160916,0.00024824256271160916,0.0024824256271160916,0.0024824256271160916
0.0002474906461108357,0.0002474906461108357,0.0024749064611083566,0.0024749064611083566
0.0002467394952900977,0.0002467394952900977,0.0024673949529009772,0.0024673949529009772
0.00024598911252739556,0.00024598911252739556,0.0024598911252739553,0.0024598911252739553
0.00024523950009839977,0.00024523950009839977,0.002452395000983998,0.002452395000983998
0.0002444906602764447,0.0002444906602764447,0.0024449066027644475,0.0024449066027644475
0.0002437425953325224,0.0002437425953325224,0.002437425953325224,0.002437425953325224
0.00024299530753527353,0.00024299530753527353,0.0024299530753527357,0.0024299530753527357
0.0002422487991509834,0.0002422487991509834,0.002422487991509834,0.002422487991509834
0.00024150307244357271,0.00024150307244357271,0.0024150307244357274,0.0024150307244357274
0.00024075812967459193,0.00024075812967459193,0.0024075812967459193,0.0024075812967459193
0.0002400139731032139,0.0002400139731032139,0.002400139731032139,0.002400139731032139
0.00023927060498622733,0.00023927060498622733,0.0023927060498622733,0.0023927060498622733
0.0002385280275780295,0.0002385280275780295,0.002385280275780295,0.002385280275780295
0.00023778624313062048,0.00023778624313062048,0.002377862431306205,0.002377862431306205
0.00023704525389359472,0.00023704525389359472,0.002370452538935947,0.002370452538935947
0.0002363050621141354,0.0002363050621141354,0.002363050621141354,0.002363050621141354
0.00023556567003700724,0.00023556567003700724,0.0023556567003700725,0.0023556567003700725
0.00023482707990454954,0.00023482707990454954,0.0023482707990454955,0.0023482707990454955
0.0002340892939566701,0.0002340892939566701,0.002340892939566701,0.002340892939566701
0.0002333523144308373,0.0002333523144308373,0.002333523144308373,0.002333523144308373
0.00023261614356207417,0.00023261614356207417,0.0023261614356207415,0.0023261614356207415
0.00023188078358295122,0.00023188078358295122,0.0023188078358295124,0.0023188078358295124
0.00023114623672357992,0.00023114623672357992,0.0023114623672357993,0.0023114623672357993
0.0002304125052116055,0.0002304125052116055,0.002304125052116055,0.002304125052116055
0.0002296795912722014,0.0002296795912722014,0.0022967959127220138,0.0022967959127220138
0.00022894749712806011,0.00022894749712806011,0.002289474971280601,0.002289474971280601
0.00022821622499938948,0.00022821622499938948,0.002282162249993895,0.002282162249993895
0.0002274857771039035,0.0002274857771039035,0.002274857771039035,0.002274857771039035
0.00022675615565681667,0.00022675615565681667,0.002267561556568167,0.002267561556568167
0.00022602736287083785,0.00022602736287083785,0.0022602736287083785,0.0022602736287083785
0.0002252994009561614,0.0002252994009561614,0.002252994009561614,0.002252994009561614
0.00022457227212046348,0.00022457227212046348,0.002245722721204635,0.002245722721204635
0.00022384597856889277,0.00022384597856889277,0.002238459785688928,0.002238459785688928
0.00022312052250406518,0.00022312052250406518,0.002231205225040652,0.002231205225040652
0.00022239590612605642,0.00022239590612605642,0.002223959061260564,0.002223959061260564
0.0002216721316323967,0.0002216721316323967,0.002216721316323967,0.002216721316323967
0.00022094920121806157,0.00022094920121806157,0.0022094920121806154,0.0022094920121806154
0.000220227117075468,0.000220227117075468,0.00220227117075468,0.00220227117075468
0.00021950588139446598,0.00021950588139446598,0.0021950588139446597,0.0021950588139446597
0.00021878549636233224,0.00021878549636233224,0.0021878549636233226,0.0021878549636233226
0.00021806596416376446,0.00021806596416376446,0.0021806596416376446,0.0021806596416376446
0.0002173472869808728,0.0002173472869808728,0.002173472869808728,0.002173472869808728
0.0002166294669931756,0.0002166294669931756,0.002166294669931756,0.002166294669931756
0.00021591250637759086,0.00021591250637759086,0.0021591250637759086,0.0021591250637759086
0.0002151964073084307,0.0002151964073084307,0.002151964073084307,0.002151964073084307
0.00021448117195739413,0.00021448117195739413,0.0021448117195739416,0.0021448117195739416
0.0002137668024935615,0.0002137668024935615,0.002137668024935615,0.002137668024935615
0.00021305330108338605,0.00021305330108338605,0.0021305330108338607,0.0021305330108338607
0.00021234066989068973,0.00021234066989068973,0.002123406698906897,0.002123406698906897
0.0002116289110766545,0.0002116289110766545,0.002116289110766545,0.002116289110766545
0.0002109180267998169,0.0002109180267998169,0.0021091802679981692,0.0021091802679981692
0.000210208019216062,0.000210208019216062,0.0021020801921606195,0.0021020801921606195
0.00020949889047861458,0.00020949889047861458,0.002094988904786146,0.002094988904786146
0.00020879064273803577,0.00020879064273803577,0.0020879064273803577,0.0020879064273803577
0.000208083278142214,0.000208083278142214,0.00208083278142214,0.00208083278142214
0.0002073767988363597,0.0002073767988363597,0.002073767988363597,0.002073767988363597
0.0002066712069629984,0.0002066712069629984,0.002066712069629984,0.002066712069629984
0.00020596650466196437,0.00020596650466196437,0.0020596650466196435,0.0020596650466196435
0.00020526269407039393,0.00020526269407039393,0.0020526269407039393,0.0020526269407039393
0.0002045597773227199,0.0002045597773227199,0.002045597773227199,0.002045597773227199
0.0002038577565506629,0.0002038577565506629,0.002038577565506629,0.002038577565506629
0.00020315663388322785,0.00020315663388322785,0.0020315663388322785,0.0020315663388322785
0.00020245641144669513,0.00020245641144669513,0.0020245641144669515,0.0020245641144669515
0.00020175709136461506,0.00020175709136461506,0.0020175709136461507,0.0020175709136461507
0.00020105867575780195,0.00020105867575780195,0.0020105867575780194,0.0020105867575780194
0.00020036116674432652,0.00020036116674432652,0.0020036116674432653,0.0020036116674432653
0.00019966456643951043,0.00019966456643951043,0.001996645664395104,0.001996645664395104
0.00019896887695591926,0.00019896887695591926,0.0019896887695591927,0.0019896887695591927
0.00019827410040335657,0.00019827410040335657,0.0019827410040335657,0.0019827410040335657
0.00019758023888885706,0.00019758023888885706,0.0019758023888885707,0.0019758023888885707
0.00019688729451668114,0.00019688729451668114,0.0019688729451668116,0.0019688729451668116
0.0001961952693883065,0.0001961952693883065,0.001961952693883065,0.001961952693883065
0.0001955041656024244,0.0001955041656024244,0.001955041656024244,0.001955041656024244
0.00019481398525493117,0.00019481398525493117,0.0019481398525493115,0.0019481398525493115
0.0001941247304389227,0.0001941247304389227,0.001941247304389227,0.001941247304389227
0.00019343640324468852,0.00019343640324468852,0.0019343640324468853,0.0019343640324468853
0.00019274900575970454,0.00019274900575970454,0.0019274900575970456,0.0019274900575970456
0.00019206254006862722,0.00019206254006862722,0.0019206254006862722,0.0019206254006862722
0.0001913770082532873,0.0001913770082532873,0.001913770082532873,0.001913770082532873
0.00019069241239268324,0.00019069241239268324,0.0019069241239268325,0.0019069241239268325
0.00019000875456297506,0.00019000875456297506,0.0019000875456297505,0.0019000875456297505
0.00018932603683747857,0.00018932603683747857,0.0018932603683747857,0.0018932603683747857
0.00018864426128665734,0.00018864426128665734,0.0018864426128665736,0.0018864426128665736
0.000187963429978119,0.000187963429978119,0.00187963429978119,0.00187963429978119
0.00018728354497660665,0.00018728354497660665,0.0018728354497660666,0.0018728354497660666
0.0001866046083439939,0.0001866046083439939,0.0018660460834399389,0.0018660460834399389
0.00018592662213927824,0.00018592662213927824,0.0018592662213927824,0.0018592662213927824
0.0001852495884185746,0.0001852495884185746,0.001852495884185746,0.001852495884185746
0.00018457350923510986,0.00018457350923510986,0.0018457350923510984,0.0018457350923510984
0.00018389838663921554,0.00018389838663921554,0.0018389838663921555,0.0018389838663921555
0.00018322422267832246,0.00018322422267832246,0.0018322422267832246,0.0018322422267832246
0.00018255101939695378,0.00018255101939695378,0.001825510193969538,0.001825510193969538
0.00018187877883672022,0.00018187877883672022,0.0018187877883672021,0.0018187877883672021
0.0001812075030363114,0.0001812075030363114,0.001812075030363114,0.001812075030363114
0.00018053719403149243,0.00018053719403149243,0.0018053719403149243,0.0018053719403149243
0.0001798678538550958,0.0001798678538550958,0.001798678538550958,0.001798678538550958
0.00017919948453701606,0.00017919948453701606,0.0017919948453701607,0.0017919948453701607
0.00017853208810420329,0.00017853208810420329,0.001785320881042033,0.001785320881042033
0.0001778656665806573,0.0001778656665806573,0.0017786566658065728,0.0017786566658065728
0.00017720022198742093,0.00017720022198742093,0.001772002219874209,0.001772002219874209
0.00017653575634257512,0.00017653575634257512,0.0017653575634257513,0.0017653575634257513
0.00017587227166123115,0.00017587227166123115,0.0017587227166123115,0.0017587227166123115
0.00017520976995552578,0.00017520976995552578,0.0017520976995552579,0.0017520976995552579
0.0001745482532346145,0.0001745482532346145,0.0017454825323461448,0.0017454825323461448
0.00017388772350466564,0.00017388772350466564,0.0017388772350466564,0.0017388772350466564
0.00017322818276885473,0.00017322818276885473,0.001732281827688547,0.001732281827688547
0.0001725696330273575,0.0001725696330273575,0.001725696330273575,0.001725696330273575
0.00017191207627734455,0.00017191207627734455,0.0017191207627734457,0.0017191207627734457
0.00017125551451297494,0.00017125551451297494,0.0017125551451297495,0.0017125551451297495
0.00017059994972539038,0.00017059994972539038,0.001705999497253904,0.001705999497253904
0.00016994538390270887,0.00016994538390270887,0.0016994538390270885,0.0016994538390270885
0.00016929181903001922,0.00016929181903001922,0.0016929181903001921,0.0016929181903001921
0.0001686392570893744,0.0001686392570893744,0.0016863925708937438,0.0016863925708937438
0.0001679877000597858,0.0001679877000597858,0.0016798770005978581,0.0016798770005978581
0.00016733714991721738,0.00016733714991721738,0.0016733714991721738,0.0016733714991721738
0.0001666876086345793,0.0001666876086345793,0.0016668760863457932,0.0016668760863457932
0.00016603907818172275,0.00016603907818172275,0.0016603907818172276,0.0016603907818172276
0.00016539156052543241,0.00016539156052543241,0.0016539156052543242,0.0016539156052543242
0.0001647450576294225,0.0001647450576294225,0.001647450576294225,0.001647450576294225
0.00016409957145432919,0.00016409957145432919,0.0016409957145432919,0.0016409957145432919
0.00016345510395770536,0.00016345510395770536,0.0016345510395770536,0.0016345510395770536
0.00016281165709401457,0.00016281165709401457,0.0016281165709401458,0.0016281165709401458
0.00016216923281462553,0.00016216923281462553,0.0016216923281462553,0.0016216923281462553
0.00016152783306780483,0.00016152783306780483,0.0016152783306780483,0.0016152783306780483
0.00016088745979871312,0.00016088745979871312,0.001608874597987131,0.001608874597987131
0.00016024811494939724,0.00016024811494939724,0.0016024811494939723,0.0016024811494939723
0.00015960980045878536,0.00015960980045878536,0.0015960980045878538,0.0015960980045878538
0.0001589725182626815,0.0001589725182626815,0.0015897251826268149,0.0015897251826268149
0.00015833627029375786,0.00015833627029375786,0.0015833627029375786,0.0015833627029375786
0.00015770105848155136,0.00015770105848155136,0.0015770105848155137,0.0015770105848155137
0.0001570668847524559,0.0001570668847524559,0.0015706688475245589,0.0015706688475245589
0.00015643375102971735,0.00015643375102971735,0.0015643375102971735,0.0015643375102971735
0.00015580165923342765,0.00015580165923342765,0.0015580165923342764,0.0015580165923342764
0.0001551706112805189,0.0001551706112805189,0.001551706112805189,0.001551706112805189
0.00015454060908475732,0.00015454060908475732,0.0015454060908475732,0.0015454060908475732
0.00015391165455673822,0.00015391165455673822,0.0015391165455673822,0.0015391165455673822
0.0001532837496038792,0.0001532837496038792,0.001532837496038792,0.001532837496038792
0.00015265689613041478,0.00015265689613041478,0.001526568961304148,0.001526568961304148
0.0001520310960373914,0.0001520310960373914,0.001520310960373914,0.001520310960373914
0.00015140635122265966,0.00015140635122265966,0.0015140635122265966,0.0015140635122265966
0.00015078266358087124,0.00015078266358087124,0.0015078266358087122,0.0015078266358087122
0.0001501600350034708,0.0001501600350034708,0.001501600350034708,0.001501600350034708
0.00014953846737869153,0.00014953846737869153,0.0014953846737869154,0.0014953846737869154
0.00014891796259154904,0.00014891796259154904,0.0014891796259154904,0.0014891796259154904
0.0001482985225238358,0.0001482985225238358,0.001482985225238358,0.001482985225238358
0.00014768014905411497,0.00014768014905411497,0.0014768014905411498,0.0014768014905411498
0.00014706284405771586,0.00014706284405771586,0.0014706284405771586,0.0014706284405771586
0.00014644660940672628,0.00014644660940672628,0.0014644660940672626,0.0014644660940672626
0.00014583144696998895,0.00014583144696998895,0.0014583144696998895,0.0014583144696998895
0.00014521735861309487,0.00014521735861309487,0.0014521735861309486,0.0014521735861309486
0.00014460434619837693,0.00014460434619837693,0.0014460434619837693,0.0014460434619837693
0.00014399241158490595,0.00014399241158490595,0.0014399241158490595,0.0014399241158490595
0.00014338155662848356,0.00014338155662848356,0.0014338155662848356,0.0014338155662848356
0.0001427717831816373,0.0001427717831816373,0.001427717831816373,0.001427717831816373
0.0001421630930936148,0.0001421630930936148,0.001421630930936148,0.001421630930936148
0.0001415554882103783,0.0001415554882103783,0.0014155548821037829,0.0014155548821037829
0.0001409489703745987,0.0001409489703745987,0.001409489703745987,0.001409489703745987
0.00014034354142565092,0.00014034354142565092,0.0014034354142565093,0.0014034354142565093
0.00013973920319960653,0.00013973920319960653,0.0013973920319960654,0.0013973920319960654
0.0001391359575292303,0.0001391359575292303,0.0013913595752923032,0.0013913595752923032
0.0001385338062439732,0.0001385338062439732,0.001385338062439732,0.001385338062439732
0.0001379327511699671,0.0001379327511699671,0.0013793275116996712,0.0013793275116996712
0.00013733279413001993,0.00013733279413001993,0.0013733279413001992,0.0013733279413001992
0.0001367339369436092,0.0001367339369436092,0.001367339369436092,0.001367339369436092
0.000136136181426877,0.000136136181426877,0.00136136181426877,0.00136136181426877
0.0001355395293926245,0.0001355395293926245,0.0013553952939262448,0.0013553952939262448
0.00013494398265030634,0.00013494398265030634,0.0013494398265030633,0.0013494398265030633
0.00013434954300602485,0.00013434954300602485,0.0013434954300602486,0.0013434954300602486
0.00013375621226252582,0.00013375621226252582,0.0013375621226252583,0.0013375621226252583
0.00013316399221919073,0.00013316399221919073,0.0013316399221919074,0.0013316399221919074
0.0001325728846720339,0.0001325728846720339,0.0013257288467203388,0.0013257288467203388
0.00013198289141369508,0.00013198289141369508,0.0013198289141369507,0.0013198289141369507
0.00013139401423343483,0.00013139401423343483,0.0013139401423343483,0.0013139401423343483
0.00013080625491712955,0.00013080625491712955,0.0013080625491712955,0.0013080625491712955
0.00013021961524726456,0.00013021961524726456,0.0013021961524726457,0.0013021961524726457
0.00012963409700293056,0.00012963409700293056,0.0012963409700293056,0.0012963409700293056
0.00012904970195981686,0.00012904970195981686,0.0012904970195981686,0.0012904970195981686
0.00012846643189020645,0.00012846643189020645,0.0012846643189020645,0.0012846643189020645
0.00012788428856297068,0.00012788428856297068,0.0012788428856297068,0.0012788428856297068
0.00012730327374356433,0.00012730327374356433,0.0012730327374356433,0.0012730327374356433
0.00012672338919401865,0.00012672338919401865,0.0012672338919401866,0.0012672338919401866
0.00012614463667293845,0.00012614463667293845,0.0012614463667293845,0.0012614463667293845
0.00012556701793549457,0.00012556701793549457,0.0012556701793549458,0.0012556701793549458
0.00012499053473341982,0.00012499053473341982,0.0012499053473341982,0.0012499053473341982
0.0001244151888150032,0.0001244151888150032,0.0012441518881500318,0.0012441518881500318
0.00012384098192508446,0.00012384098192508446,0.0012384098192508447,0.0012384098192508447
0.0001232679158050497,0.0001232679158050497,0.001232679158050497,0.001232679158050497
0.00012269599219282473,0.00012269599219282473,0.0012269599219282474,0.0012269599219282474
0.00012212521282287093,0.00012212521282287093,0.0012212521282287093,0.0012212521282287093
0.00012155557942617923,0.00012155557942617923,0.0012155557942617923,0.0012155557942617923
0.00012098709373026556,0.00012098709373026556,0.0012098709373026557,0.0012098709373026557
0.00012041975745916473,0.00012041975745916473,0.0012041975745916472,0.0012041975745916472
0.00011985357233342643,0.00011985357233342643,0.0011985357233342642,0.0011985357233342642
0.0001192885400701087,0.0001192885400701087,0.001192885400701087,0.001192885400701087
0.00011872466238277357,0.00011872466238277357,0.0011872466238277357,0.0011872466238277357
0.00011816194098148148,0.00011816194098148148,0.0011816194098148148,0.0011816194098148148
0.00011760037757278619,0.00011760037757278619,0.0011760037757278618,0.0011760037757278618
0.00011703997385973008,0.00011703997385973008,0.0011703997385973009,0.0011703997385973009
0.00011648073154183797,0.00011648073154183797,0.0011648073154183797,0.0011648073154183797
0.0001159226523151129,0.0001159226523151129,0.001159226523151129,0.001159226523151129
0.00011536573787203042,0.00011536573787203042,0.0011536573787203042,0.0011536573787203042
0.00011480998990153374,0.00011480998990153374,0.0011480998990153373,0.0011480998990153373
0.00011425541008902851,0.00011425541008902851,0.0011425541008902851,0.0011425541008902851
0.0001137020001163781,0.0001137020001163781,0.001137020001163781,0.001137020001163781
0.00011314976166189722,0.00011314976166189722,0.0011314976166189722,0.0011314976166189722
0.00011259869640034881,0.00011259869640034881,0.0011259869640034882,0.0011259869640034882
0.00011204880600293727,0.00011204880600293727,0.0011204880600293727,0.0011204880600293727
0.00011150009213730405,0.00011150009213730405,0.0011150009213730405,0.0011150009213730405
0.00011095255646752256,0.00011095255646752256,0.0011095255646752255,0.0011095255646752255
0.00011040620065409345,0.00011040620065409345,0.0011040620065409345,0.0011040620065409345
0.00010986102635393891,0.00010986102635393891,0.0010986102635393892,0.0010986102635393892
0.00010931703522039805,0.00010931703522039805,0.0010931703522039805,0.0010931703522039805
0.00010877422890322186,0.00010877422890322186,0.0010877422890322186,0.0010877422890322186
0.0001082326090485679,0.0001082326090485679,0.001082326090485679,0.001082326090485679
0.00010769217729899632,0.00010769217729899632,0.0010769217729899633,0.0010769217729899633
0.00010715293529346303,0.00010715293529346303,0.0010715293529346304,0.0010715293529346304
0.00010661488466731679,0.00010661488466731679,0.0010661488466731678,0.0010661488466731678
0.0001060780270522928,0.0001060780270522928,0.001060780270522928,0.001060780270522928
0.00010554236407650836,0.00010554236407650836,0.0010554236407650836,0.0010554236407650836
0.00010500789736445776,0.00010500789736445776,0.0010500789736445776,0.0010500789736445776
0.00010447462853700745,0.00010447462853700745,0.0010447462853700746,0.0010447462853700746
0.0001039425592113909,0.0001039425592113909,0.001039425592113909,0.001039425592113909
0.0001034116910012044,0.0001034116910012044,0.001034116910012044,0.001034116910012044
0.00010288202551640108,0.00010288202551640108,0.0010288202551640107,0.0010288202551640107
0.00010235356436328675,0.00010235356436328675,0.0010235356436328674,0.0010235356436328674
0.00010182630914451519,0.00010182630914451519,0.0010182630914451517,0.0010182630914451517
0.00010130026145908222,0.00010130026145908222,0.0010130026145908223,0.0010130026145908223
0.0001007754229023225,0.0001007754229023225,0.001007754229023225,0.001007754229023225
0.00010025179506590316,0.00010025179506590316,0.0010025179506590316,0.0010025179506590316
9.972937953781985e-05,9.972937953781985e-05,0.0009972937953781984,0.0009972937953781984
9.920817790239162e-05,9.920817790239162e-05,0.0009920817790239162,0.0009920817790239162
9.868819174025617e-05,9.868819174025617e-05,0.0009868819174025617,0.0009868819174025617
9.816942262836492e-05,9.816942262836492e-05,0.0009816942262836493,0.0009816942262836493
9.765187213997884e-05,9.765187213997884e-05,0.0009765187213997883,0.0009765187213997883
9.713554184466267e-05,9.713554184466267e-05,0.0009713554184466267,0.0009713554184466267
9.662043330828085e-05,9.662043330828085e-05,0.0009662043330828085,0.0009662043330828085
9.610654809299302e-05,9.610654809299302e-05,0.0009610654809299302,0.0009610654809299302
9.559388775724798e-05,9.559388775724798e-05,0.0009559388775724798,0.0009559388775724798
9.508245385578085e-05,9.508245385578085e-05,0.0009508245385578084,0.0009508245385578084
9.457224793960684e-05,9.457224793960684e-05,0.0009457224793960684,0.0009457224793960684
9.406327155601708e-05,9.406327155601708e-05,0.0009406327155601707,0.0009406327155601707
9.3555526248574e-05,9.3555526248574e-05,0.00093555526248574,0.00093555526248574
9.304901355710666e-05,9.304901355710666e-05,0.0009304901355710665,0.0009304901355710665
9.254373501770569e-05,9.254373501770569e-05,0.0009254373501770569,0.0009254373501770569
9.203969216271957e-05,9.203969216271957e-05,0.0009203969216271957,0.0009203969216271957
9.153688652074843e-05,9.153688652074843e-05,0.0009153688652074843,0.0009153688652074843
9.103531961664119e-05,9.103531961664119e-05,0.0009103531961664119,0.0009103531961664119
9.053499297148959e-05,9.053499297148959e-05,0.000905349929714896,0.000905349929714896
9.003590810262402e-05,9.003590810262402e-05,0.0009003590810262402,0.0009003590810262402
8.953806652360952e-05,8.953806652360952e-05,0.0008953806652360951,0.0008953806652360951
8.904146974423971e-05,8.904146974423971e-05,0.0008904146974423971,0.0008904146974423971
8.854611927053402e-05,8.854611927053402e-05,0.0008854611927053402,0.0008854611927053402
8.805201660473178e-05,8.805201660473178e-05,0.0008805201660473178,0.0008805201660473178
8.755916324528812e-05,8.755916324528812e-05,0.0008755916324528812,0.0008755916324528812
8.706756068686949e-05,8.706756068686949e-05,0.000870675606868695,0.000870675606868695
8.657721042034933e-05,8.657721042034933e-05,0.0008657721042034933,0.0008657721042034933
8.608811393280264e-05,8.608811393280264e-05,0.0008608811393280264,0.0008608811393280264
8.560027270750276e-05,8.560027270750276e-05,0.0008560027270750276,0.0008560027270750276
8.511368822391591e-05,8.511368822391591e-05,0.0008511368822391591,0.0008511368822391591
8.46283619576969e-05,8.46283619576969e-05,0.0008462836195769691,0.0008462836195769691
8.414429538068535e-05,8.414429538068535e-05,0.0008414429538068536,0.0008414429538068536
8.366148996089968e-05,8.366148996089968e-05,0.0008366148996089967,0.0008366148996089967
8.317994716253452e-05,8.317994716253452e-05,0.0008317994716253452,0.0008317994716253452
8.269966844595495e-05,8.269966844595495e-05,0.0008269966844595495,0.0008269966844595495
8.222065526769257e-05,8.222065526769257e-05,0.0008222065526769257,0.0008222065526769257
8.17429090804408e-05,8.17429090804408e-05,0.000817429090804408,0.000817429090804408
8.126643133305139e-05,8.126643133305139e-05,0.0008126643133305139,0.0008126643133305139
8.079122347052825e-05,8.079122347052825e-05,0.0008079122347052825,0.0008079122347052825
8.031728693402501e-05,8.031728693402501e-05,0.0008031728693402502,0.0008031728693402502
7.984462316083946e-05,7.984462316083946e-05,0.0007984462316083945,0.0007984462316083945
7.937323358440934e-05,7.937323358440934e-05,0.0007937323358440934,0.0007937323358440934
7.890311963430869e-05,7.890311963430869e-05,0.0007890311963430868,0.0007890311963430868
7.843428273624215e-05,7.843428273624215e-05,0.0007843428273624215,0.0007843428273624215
7.796672431204227e-05,7.796672431204227e-05,0.0007796672431204227,0.0007796672431204227
7.750044577966404e-05,7.750044577966404e-05,0.0007750044577966403,0.0007750044577966403
7.70354485531809e-05,7.70354485531809e-05,0.000770354485531809,0.000770354485531809
7.657173404278056e-05,7.657173404278056e-05,0.0007657173404278056,0.0007657173404278056
7.610930365476076e-05,7.610930365476076e-05,0.0007610930365476076,0.0007610930365476076
7.56481587915247e-05,7.56481587915247e-05,0.000756481587915247,0.000756481587915247
7.518830085157735e-05,7.518830085157735e-05,0.0007518830085157735,0.0007518830085157735
7.472973122952048e-05,7.472973122952048e-05,0.0007472973122952048,0.0007472973122952048
7.427245131604898e-05,7.427245131604898e-05,0.0007427245131604898,0.0007427245131604898
7.381646249794649e-05,7.381646249794649e-05,0.0007381646249794649,0.0007381646249794649
7.336176615808094e-05,7.336176615808094e-05,0.0007336176615808093,0.0007336176615808093
7.290836367540099e-05,7.290836367540099e-05,0.0007290836367540099,0.0007290836367540099
7.245625642493115e-05,7.245625642493115e-05,0.0007245625642493114,0.0007245625642493114
7.20054457777679e-05,7.20054457777679e-05,0.0007200544577776791,0.0007200544577776791
7.155593310107578e-05,7.155593310107578e-05,0.0007155593310107578,0.0007155593310107578
7.110771975808272e-05,7.110771975808272e-05,0.0007110771975808272,0.0007110771975808272
7.066080710807615e-05,7.066080710807615e-05,0.0007066080710807616,0.0007066080710807616
7.021519650639951e-05,7.021519650639951e-05,0.0007021519650639951,0.0007021519650639951
6.977088930444664e-05,6.977088930444664e-05,0.0006977088930444664,0.0006977088930444664
6.932788684965935e-05,6.932788684965935e-05,0.0006932788684965935,0.0006932788684965935
6.888619048552214e-05,6.888619048552214e-05,0.0006888619048552214,0.0006888619048552214
6.84458015515586e-05,6.84458015515586e-05,0.0006844580155155861,0.0006844580155155861
6.800672138332764e-05,6.800672138332764e-05,0.0006800672138332764,0.0006800672138332764
6.756895131241869e-05,6.756895131241869e-05,0.000675689513124187,0.000675689513124187
6.713249266644828e-05,6.713249266644828e-05,0.0006713249266644827,0.0006713249266644827
6.66973467690557e-05,6.66973467690557e-05,0.000666973467690557,0.000666973467690557
6.626351493989918e-05,6.626351493989918e-05,0.0006626351493989918,0.0006626351493989918
6.583099849465168e-05,6.583099849465168e-05,0.0006583099849465169,0.0006583099849465169
6.539979874499746e-05,6.539979874499746e-05,0.0006539979874499747,0.0006539979874499747
6.496991699862686e-05,6.496991699862686e-05,0.0006496991699862687,0.0006496991699862687
6.454135455923393e-05,6.454135455923393e-05,0.0006454135455923394,0.0006454135455923394
6.41141127265113e-05,6.41141127265113e-05,0.000641141127265113,0.000641141127265113
6.368819279614656e-05,6.368819279614656e-05,0.0006368819279614658,0.0006368819279614658
6.326359605981863e-05,6.326359605981863e-05,0.0006326359605981863,0.0006326359605981863
6.284032380519334e-05,6.284032380519334e-05,0.0006284032380519333,0.0006284032380519333
6.24183773159201e-05,6.24183773159201e-05,0.000624183773159201,0.000624183773159201
6.199775787162748e-05,6.199775787162748e-05,0.0006199775787162748,0.0006199775787162748
6.157846674791961e-05,6.157846674791961e-05,0.0006157846674791961,0.0006157846674791961
6.116050521637217e-05,6.116050521637217e-05,0.0006116050521637218,0.0006116050521637218
6.07438745445289e-05,6.07438745445289e-05,0.000607438745445289,0.000607438745445289
6.0328575995896916e-05,6.0328575995896916e-05,0.0006032857599589692,0.0006032857599589692
5.9914610829944035e-05,5.9914610829944035e-05,0.0005991461082994404,0.0005991461082994404
5.9501980302093975e-05,5.9501980302093975e-05,0.0005950198030209397,0.0005950198030209397
5.909068566372311e-05,5.909068566372311e-05,0.0005909068566372311,0.0005909068566372311
5.8680728162156305e-05,5.8680728162156305e-05,0.000586807281621563,0.000586807281621563
5.8272109040663435e-05,5.8272109040663435e-05,0.0005827210904066343,0.0005827210904066343
5.786482953845562e-05,5.786482953845562e-05,0.0005786482953845562,0.0005786482953845562
5.745889089068112e-05,5.745889089068112e-05,0.0005745889089068113,0.0005745889089068113
5.7054294328421905e-05,5.7054294328421905e-05,0.0005705429432842191,0.0005705429432842191
5.665104107868968e-05,5.665104107868968e-05,0.0005665104107868968,0.0005665104107868968
5.624913236442286e-05,5.624913236442286e-05,0.0005624913236442286,0.0005624913236442286
5.584856940448141e-05,5.584856940448141e-05,0.0005584856940448141,0.0005584856940448141
5.544935341364493e-05,5.544935341364493e-05,0.0005544935341364493,0.0005544935341364493
5.5051485602607643e-05,5.5051485602607643e-05,0.0005505148560260764,0.0005505148560260764
5.4654967177975135e-05,5.4654967177975135e-05,0.0005465496717797513,0.0005465496717797513
5.4259799342261e-05,5.4259799342261e-05,0.0005425979934226099,0.0005425979934226099
5.386598329388265e-05,5.386598329388265e-05,0.0005386598329388265,0.0005386598329388265
5.347352022715801e-05,5.347352022715801e-05,0.0005347352022715802,0.0005347352022715802
5.3082411332302235e-05,5.3082411332302235e-05,0.0005308241133230224,0.0005308241133230224
5.26926577954232e-05,5.26926577954232e-05,0.000526926577954232,0.000526926577954232
5.230426079851858e-05,5.230426079851858e-05,0.0005230426079851858,0.0005230426079851858
5.191722151947226e-05,5.191722151947226e-05,0.0005191722151947225,0.0005191722151947225
5.153154113205027e-05,5.153154113205027e-05,0.0005153154113205027,0.0005153154113205027
5.1147220805898065e-05,5.1147220805898065e-05,0.0005114722080589806,0.0005114722080589806
5.076426170653581e-05,5.076426170653581e-05,0.0005076426170653581,0.0005076426170653581
5.03826649953561e-05,5.03826649953561e-05,0.000503826649953561,0.000503826649953561
5.000243182961961e-05,5.000243182961961e-05,0.0005000243182961961,0.0005000243182961961
4.962356336245166e-05,4.962356336245166e-05,0.0004962356336245166,0.0004962356336245166
4.924606074283899e-05,4.924606074283899e-05,0.0004924606074283899,0.0004924606074283899
4.886992511562654e-05,4.886992511562654e-05,0.0004886992511562655,0.0004886992511562655
4.8495157621512856e-05,4.8495157621512856e-05,0.0004849515762151285,0.0004849515762151285
4.8121759397047994e-05,4.8121759397047994e-05,0.00048121759397047994,0.00048121759397047994
4.77497315746292e-05,4.77497315746292e-05,0.00047749731574629197,0.00047749731574629197
4.737907528249763e-05,4.737907528249763e-05,0.0004737907528249763,0.0004737907528249763
4.700979164473551e-05,4.700979164473551e-05,0.0004700979164473551,0.0004700979164473551
4.664188178126144e-05,4.664188178126144e-05,0.0004664188178126144,0.0004664188178126144
4.6275346807828576e-05,4.6275346807828576e-05,0.00046275346807828576,0.00046275346807828576
4.591018783602008e-05,4.591018783602008e-05,0.00045910187836020077,0.00045910187836020077
4.554640597324622e-05,4.554640597324622e-05,0.0004554640597324622,0.0004554640597324622
4.518400232274078e-05,4.518400232274078e-05,0.0004518400232274078,0.0004518400232274078
4.482297798355833e-05,4.482297798355833e-05,0.00044822977983558334,0.00044822977983558334
4.446333405056979e-05,4.446333405056979e-05,0.0004446333405056979,0.0004446333405056979
4.410507161446026e-05,4.410507161446026e-05,0.00044105071614460256,0.00044105071614460256
4.374819176172501e-05,4.374819176172501e-05,0.00043748191761725007,0.00043748191761725007
4.33926955746663e-05,4.33926955746663e-05,0.00043392695574666297,0.00043392695574666297
4.3038584131390444e-05,4.3038584131390444e-05,0.0004303858413139045,0.0004303858413139045
4.268585850580381e-05,4.268585850580381e-05,0.0004268585850580381,0.0004268585850580381
4.233451976761055e-05,4.233451976761055e-05,0.00042334519767610546,0.00042334519767610546
4.198456898230851e-05,4.198456898230851e-05,0.0004198456898230851,0.0004198456898230851
4.163600721118638e-05,4.163600721118638e-05,0.0004163600721118638,0.0004163600721118638
4.12888355113204e-05,4.12888355113204e-05,0.000412888355113204,0.000412888355113204
4.094305493557121e-05,4.094305493557121e-05,0.0004094305493557121,0.0004094305493557121
4.059866653258054e-05,4.059866653258054e-05,0.0004059866653258054,0.0004059866653258054
4.025567134676844e-05,4.025567134676844e-05,0.0004025567134676844,0.0004025567134676844
3.991407041832912e-05,3.991407041832912e-05,0.0003991407041832912,0.0003991407041832912
3.957386478322905e-05,3.957386478322905e-05,0.0003957386478322905,0.0003957386478322905
3.9235055473203165e-05,3.9235055473203165e-05,0.00039235055473203165,0.00039235055473203165
3.889764351575131e-05,3.889764351575131e-05,0.00038897643515751313,0.00038897643515751313
3.85616299341362e-05,3.85616299341362e-05,0.000385616299341362,0.000385616299341362
3.8227015747379304e-05,3.8227015747379304e-05,0.000382270157473793,0.000382270157473793
3.7893801970258435e-05,3.7893801970258435e-05,0.00037893801970258434,0.00037893801970258434
3.756198961330426e-05,3.756198961330426e-05,0.0003756198961330426,0.0003756198961330426
3.723157968279745e-05,3.723157968279745e-05,0.00037231579682797444,0.00037231579682797444
3.69025731807654e-05,3.69025731807654e-05,0.00036902573180765396,0.00036902573180765396
3.657497110497987e-05,3.657497110497987e-05,0.0003657497110497987,0.0003657497110497987
3.624877444895269e-05,3.624877444895269e-05,0.0003624877444895269,0.0003624877444895269
3.5923984201934044e-05,3.5923984201934044e-05,0.00035923984201934045,0.00035923984201934045
3.560060134890897e-05,3.560060134890897e-05,0.0003560060134890897,0.0003560060134890897
3.52786268705938e-05,3.52786268705938e-05,0.000352786268705938,0.000352786268705938
3.49580617434343e-05,3.49580617434343e-05,0.000349580617434343,0.000349580617434343
3.463890693960181e-05,3.463890693960181e-05,0.00034638906939601813,0.00034638906939601813
3.432116342699071e-05,3.432116342699071e-05,0.0003432116342699071,0.0003432116342699071
3.400483216921524e-05,3.400483216921524e-05,0.0003400483216921524,0.0003400483216921524
3.368991412560696e-05,3.368991412560696e-05,0.0003368991412560696,0.0003368991412560696
3.337641025121135e-05,3.337641025121135e-05,0.00033376410251211356,0.00033376410251211356
3.306432149678557e-05,3.306432149678557e-05,0.0003306432149678557,0.0003306432149678557
3.27536488087945e-05,3.27536488087945e-05,0.000327536488087945,0.000327536488087945
3.244439312940933e-05,3.244439312940933e-05,0.0003244439312940933,0.0003244439312940933
3.213655539650334e-05,3.213655539650334e-05,0.0003213655539650334,0.0003213655539650334
3.18301365436498e-05,3.18301365436498e-05,0.000318301365436498,0.000318301365436498
3.152513750011921e-05,3.152513750011921e-05,0.00031525137500119205,0.00031525137500119205
3.122155919087572e-05,3.122155919087572e-05,0.00031221559190875716,0.00031221559190875716
3.091940253657538e-05,3.091940253657538e-05,0.0003091940253657538,0.0003091940253657538
3.0618668453562594e-05,3.0618668453562594e-05,0.00030618668453562595,0.00030618668453562595
3.031935785386747e-05,3.031935785386747e-05,0.0003031935785386747,0.0003031935785386747
3.002147164520319e-05,3.002147164520319e-05,0.0003002147164520319,0.0003002147164520319
2.9725010730963563e-05,2.9725010730963563e-05,0.00029725010730963567,0.00029725010730963567
2.9429976010219238e-05,2.9429976010219238e-05,0.0002942997601021924,0.0002942997601021924
2.913636837771633e-05,2.913636837771633e-05,0.00029136368377716325,0.00029136368377716325
2.884418872387273e-05,2.884418872387273e-05,0.0002884418872387273,0.0002884418872387273
2.8553437934775716e-05,2.8553437934775716e-05,0.0002855343793477572,0.0002855343793477572
2.826411689217956e-05,2.826411689217956e-05,0.0002826411689217956,0.0002826411689217956
2.797622647350212e-05,2.797622647350212e-05,0.0002797622647350212,0.0002797622647350212
2.7689767551823063e-05,2.7689767551823063e-05,0.0002768976755182306,0.0002768976755182306
2.7404740995880527e-05,2.7404740995880527e-05,0.00027404740995880527,0.00027404740995880527
2.712114767006879e-05,2.712114767006879e-05,0.0002712114767006879,0.0002712114767006879
2.683898843443555e-05,2.683898843443555e-05,0.0002683898843443555,0.0002683898843443555
2.655826414467971e-05,2.655826414467971e-05,0.0002655826414467971,0.0002655826414467971
2.6278975652147873e-05,2.6278975652147873e-05,0.00026278975652147874,0.00026278975652147874
2.6001123803832793e-05,2.6001123803832793e-05,0.0002600112380383279,0.0002600112380383279
2.5724709442370152e-05,2.5724709442370152e-05,0.00025724709442370155,0.00025724709442370155
2.5449733406036236e-05,2.5449733406036236e-05,0.00025449733406036234,0.00025449733406036234
2.5176196528745308e-05,2.5176196528745308e-05,0.0002517619652874531,0.0002517619652874531
2.4904099640047028e-05,2.4904099640047028e-05,0.0002490409964004703,0.0002490409964004703
2.4633443565124426e-05,2.4633443565124426e-05,0.00024633443565124426,0.00024633443565124426
2.4364229124790527e-05,2.4364229124790527e-05,0.00024364229124790526,0.00024364229124790526
2.4096457135486638e-05,2.4096457135486638e-05,0.0002409645713548664,0.0002409645713548664
2.3830128409279395e-05,2.3830128409279395e-05,0.00023830128409279395,0.00023830128409279395
2.3565243753858656e-05,2.3565243753858656e-05,0.00023565243753858657,0.00023565243753858657
2.330180397253473e-05,2.330180397253473e-05,0.0002330180397253473,0.0002330180397253473
2.303980986423626e-05,2.303980986423626e-05,0.0002303980986423626,0.0002303980986423626
2.2779262223507234e-05,2.2779262223507234e-05,0.00022779262223507235,0.00022779262223507235
2.2520161840505537e-05,2.2520161840505537e-05,0.00022520161840505537,0.00022520161840505537
2.2262509500999507e-05,2.2262509500999507e-05,0.00022262509500999505,0.00022262509500999505
2.2006305986366272e-05,2.2006305986366272e-05,0.00022006305986366272,0.00022006305986366272
2.1751552073589032e-05,2.1751552073589032e-05,0.00021751552073589033,0.00021751552073589033
2.1498248535254893e-05,2.1498248535254893e-05,0.00021498248535254893,0.00021498248535254893
2.1246396139552425e-05,2.1246396139552425e-05,0.00021246396139552425,0.00021246396139552425
2.0995995650269274e-05,2.0995995650269274e-05,0.00020995995650269274,0.00020995995650269274
2.074704782678999e-05,2.074704782678999e-05,0.00020747047826789988,0.00020747047826789988
2.0499553424093487e-05,2.0499553424093487e-05,0.00020499553424093485,0.00020499553424093485
2.025351319275137e-05,2.025351319275137e-05,0.00020253513192751372,0.00020253513192751372
2.0008927878924556e-05,2.0008927878924556e-05,0.00020008927878924554,0.00020008927878924554
1.9765798224362196e-05,1.9765798224362196e-05,0.00019765798224362198,0.00019765798224362198
1.9524124966398715e-05,1.9524124966398715e-05,0.00019524124966398715,0.00019524124966398715
1.928390883795167e-05,1.928390883795167e-05,0.0001928390883795167,0.0001928390883795167
1.9045150567519598e-05,1.9045150567519598e-05,0.00019045150567519598,0.00019045150567519598
1.8807850879180077e-05,1.8807850879180077e-05,0.00018807850879180076,0.00018807850879180076
1.8572010492586998e-05,1.8572010492586998e-05,0.00018572010492587,0.00018572010492587
1.8337630122968795e-05,1.8337630122968795e-05,0.00018337630122968796,0.00018337630122968796
1.810471048112605e-05,1.810471048112605e-05,0.00018104710481126052,0.00018104710481126052
1.787325227342951e-05,1.787325227342951e-05,0.00017873252273429508,0.00017873252273429508
1.7643256201817838e-05,1.7643256201817838e-05,0.00017643256201817836,0.00017643256201817836
1.7414722963795427e-05,1.7414722963795427e-05,0.00017414722963795425,0.00017414722963795425
1.7187653252430434e-05,1.7187653252430434e-05,0.00017187653252430436,0.00017187653252430436
1.6962047756352737e-05,1.6962047756352737e-05,0.0001696204775635274,0.0001696204775635274
1.673790715975143e-05,1.673790715975143e-05,0.00016737907159751432,0.00016737907159751432
1.6515232142373216e-05,1.6515232142373216e-05,0.00016515232142373215,0.00016515232142373215
1.6294023379520183e-05,1.6294023379520183e-05,0.00016294023379520185,0.00016294023379520185
1.6074281542047653e-05,1.6074281542047653e-05,0.00016074281542047652,0.00016074281542047652
1.5856007296362328e-05,1.5856007296362328e-05,0.0001585600729636233,0.0001585600729636233
1.563920130442009e-05,1.563920130442009e-05,0.0001563920130442009,0.0001563920130442009
1.542386422372405e-05,1.542386422372405e-05,0.00015423864223724048,0.00015423864223724048
1.5209996707322815e-05,1.5209996707322815e-05,0.00015209996707322816,0.00015209996707322816
1.4997599403807849e-05,1.4997599403807849e-05,0.0001499759940380785,0.0001499759940380785
1.4786672957312397e-05,1.4786672957312397e-05,0.00014786672957312397,0.00014786672957312397
1.457721800750872e-05,1.457721800750872e-05,0.00014577218007508718,0.00014577218007508718
1.43692351896067e-05,1.43692351896067e-05,0.000143692351896067,0.000143692351896067
1.4162725134351573e-05,1.4162725134351573e-05,0.00014162725134351573,0.00014162725134351573
1.3957688468022311e-05,1.3957688468022311e-05,0.00013957688468022313,0.00013957688468022313
1.3754125812429352e-05,1.3754125812429352e-05,0.00013754125812429354,0.00013754125812429354
1.3552037784913207e-05,1.3552037784913207e-05,0.00013552037784913206,0.00013552037784913206
1.3351424998342132e-05,1.3351424998342132e-05,0.00013351424998342133,0.00013351424998342133
1.3152288061110518e-05,1.3152288061110518e-05,0.0001315228806111052,0.0001315228806111052
1.2954627577136836e-05,1.2954627577136836e-05,0.00012954627577136836,0.00012954627577136836
1.275844414586208e-05,1.275844414586208e-05,0.0001275844414586208,0.0001275844414586208
1.2563738362247889e-05,1.2563738362247889e-05,0.0001256373836224789,0.0001256373836224789
1.2370510816774539e-05,1.2370510816774539e-05,0.00012370510816774537,0.00012370510816774537
1.2178762095439333e-05,1.2178762095439333e-05,0.00012178762095439332,0.00012178762095439332
1.1988492779754667e-05,1.1988492779754667e-05,0.00011988492779754667,0.00011988492779754667
1.1799703446746579e-05,1.1799703446746579e-05,0.00011799703446746579,0.00011799703446746579
1.1612394668952531e-05,1.1612394668952531e-05,0.0001161239466895253,0.0001161239466895253
1.1426567014420297e-05,1.1426567014420297e-05,0.00011426567014420297,0.00011426567014420297
1.1242221046705415e-05,1.1242221046705415e-05,0.00011242221046705415,0.00011242221046705415
1.1059357324870456e-05,1.1059357324870456e-05,0.00011059357324870456,0.00011059357324870456
1.0877976403482314e-05,1.0877976403482314e-05,0.00010877976403482314,0.00010877976403482314
1.069807883261137e-05,1.069807883261137e-05,0.00010698078832611369,0.00010698078832611369
1.0519665157829483e-05,1.0519665157829483e-05,0.00010519665157829483,0.00010519665157829483
1.0342735920207957e-05,1.0342735920207957e-05,0.00010342735920207958,0.00010342735920207958
1.016729165631669e-05,1.016729165631669e-05,0.0001016729165631669,0.0001016729165631669
9.993332898221963e-06,9.993332898221963e-06,9.993332898221963e-05,9.993332898221963e-05
9.82086017348499e-06,9.82086017348499e-06,9.820860173484991e-05,9.820860173484991e-05
9.649874005160265e-06,9.649874005160265e-06,9.649874005160264e-05,9.649874005160264e-05
9.480374911794265e-06,9.480374911794265e-06,9.480374911794265e-05,9.480374911794265e-05
9.312363407423252e-06,9.312363407423252e-06,9.312363407423253e-05,9.312363407423253e-05
9.145840001572536e-06,9.145840001572536e-06,9.145840001572537e-05,9.145840001572537e-05
8.980805199254205e-06,8.980805199254205e-06,8.980805199254204e-05,8.980805199254204e-05
8.817259500965957e-06,8.817259500965957e-06,8.817259500965957e-05,8.817259500965957e-05
8.655203402689605e-06,8.655203402689605e-06,8.655203402689604e-05,8.655203402689604e-05
8.494637395889348e-06,8.494637395889348e-06,8.494637395889348e-05,8.494637395889348e-05
8.335561967510564e-06,8.335561967510564e-06,8.335561967510563e-05,8.335561967510563e-05
8.17797759997807e-06,8.17797759997807e-06,8.17797759997807e-05,8.17797759997807e-05
8.02188477119481e-06,8.02188477119481e-06,8.021884771194809e-05,8.021884771194809e-05
7.867283954540283e-06,7.867283954540283e-06,7.867283954540282e-05,7.867283954540282e-05
7.714175618869445e-06,7.714175618869445e-06,7.714175618869445e-05,7.714175618869445e-05
7.562560228510651e-06,7.562560228510651e-06,7.562560228510651e-05,7.562560228510651e-05
7.41243824326504e-06,7.41243824326504e-06,7.41243824326504e-05,7.41243824326504e-05
7.263810118404435e-06,7.263810118404435e-06,7.263810118404434e-05,7.263810118404434e-05
7.116676304670333e-06,7.116676304670333e-06,7.116676304670333e-05,7.116676304670333e-05
6.971037248272582e-06,6.971037248272582e-06,6.971037248272582e-05,6.971037248272582e-05
6.8268933908877115e-06,6.8268933908877115e-06,6.826893390887712e-05,6.826893390887712e-05
6.684245169657987e-06,6.684245169657987e-06,6.684245169657987e-05,6.684245169657987e-05
6.543093017189805e-06,6.543093017189805e-06,6.543093017189804e-05,6.543093017189804e-05
6.403437361552411e-06,6.403437361552411e-06,6.403437361552412e-05,6.403437361552412e-05
6.265278626276683e-06,6.265278626276683e-06,6.265278626276683e-05,6.265278626276683e-05
6.12861723035385e-06,6.12861723035385e-06,6.12861723035385e-05,6.12861723035385e-05
5.993453588234166e-06,5.993453588234166e-06,5.9934535882341654e-05,5.9934535882341654e-05
5.859788109825792e-06,5.859788109825792e-06,5.859788109825792e-05,5.859788109825792e-05
5.727621200493138e-06,5.727621200493138e-06,5.7276212004931384e-05,5.7276212004931384e-05
5.596953261056304e-06,5.596953261056304e-06,5.596953261056303e-05,5.596953261056303e-05
5.467784687789301e-06,5.467784687789301e-06,5.467784687789301e-05,5.467784687789301e-05
5.340115872418949e-06,5.340115872418949e-06,5.340115872418949e-05,5.340115872418949e-05
5.213947202124036e-06,5.213947202124036e-06,5.213947202124036e-05,5.213947202124036e-05
5.089279059533658e-06,5.089279059533658e-06,5.089279059533658e-05,5.089279059533658e-05
4.966111822726382e-06,4.966111822726382e-06,4.9661118227263826e-05,4.9661118227263826e-05
4.8444458652290305e-06,4.8444458652290305e-06,4.84444586522903e-05,4.84444586522903e-05
4.724281556015564e-06,4.724281556015564e-06,4.7242815560155636e-05,4.7242815560155636e-05
4.6056192595057e-06,4.6056192595057e-06,4.6056192595057e-05,4.6056192595057e-05
4.48845933556441e-06,4.48845933556441e-06,4.48845933556441e-05,4.48845933556441e-05
4.3728021395000875e-06,4.3728021395000875e-06,4.3728021395000875e-05,4.3728021395000875e-05
4.2586480220639935e-06,4.2586480220639935e-06,4.2586480220639935e-05,4.2586480220639935e-05
4.1459973294490915e-06,4.1459973294490915e-06,4.145997329449092e-05,4.145997329449092e-05
4.034850403288825e-06,4.034850403288825e-06,4.0348504032888256e-05,4.0348504032888256e-05
3.925207580656231e-06,3.925207580656231e-06,3.925207580656232e-05,3.925207580656232e-05
3.817069194062939e-06,3.817069194062939e-06,3.817069194062939e-05,3.817069194062939e-05
3.7104355714580594e-06,3.7104355714580594e-06,3.7104355714580596e-05,3.7104355714580596e-05
3.6053070362271346e-06,3.6053070362271346e-06,3.605307036227134e-05,3.605307036227134e-05
3.5016839071914663e-06,3.5016839071914663e-06,3.501683907191466e-05,3.501683907191466e-05
3.399566498606732e-06,3.399566498606732e-06,3.399566498606732e-05,3.399566498606732e-05
3.2989551201624833e-06,3.2989551201624833e-06,3.2989551201624835e-05,3.2989551201624835e-05
3.199850076980704e-06,3.199850076980704e-06,3.199850076980704e-05,3.199850076980704e-05
3.1022516696152524e-06,3.1022516696152524e-06,3.102251669615253e-05,3.102251669615253e-05
3.0061601940509773e-06,3.0061601940509773e-06,3.0061601940509775e-05,3.0061601940509775e-05
2.9115759417024377e-06,2.9115759417024377e-06,2.9115759417024377e-05,2.9115759417024377e-05
2.81849919941346e-06,2.81849919941346e-06,2.8184991994134602e-05,2.8184991994134602e-05
2.7269302494559723e-06,2.7269302494559723e-06,2.726930249455972e-05,2.726930249455972e-05
2.636869369529338e-06,2.636869369529338e-06,2.6368693695293376e-05,2.6368693695293376e-05
2.548316832759301e-06,2.548316832759301e-06,2.548316832759301e-05,2.548316832759301e-05
2.461272907697432e-06,2.461272907697432e-06,2.4612729076974317e-05,2.4612729076974317e-05
2.3757378583200153e-06,2.3757378583200153e-06,2.3757378583200152e-05,2.3757378583200152e-05
2.2917119440275524e-06,2.2917119440275524e-06,2.2917119440275525e-05,2.2917119440275525e-05
2.20919541964365e-06,2.20919541964365e-06,2.2091954196436504e-05,2.2091954196436504e-05
2.1281885354146326e-06,2.1281885354146326e-06,2.1281885354146324e-05,2.1281885354146324e-05
2.048691537008318e-06,2.048691537008318e-06,2.0486915370083182e-05,2.0486915370083182e-05
1.970704665513745e-06,1.970704665513745e-06,1.9707046655137452e-05,1.9707046655137452e-05
1.8942281574401143e-06,1.8942281574401143e-06,1.8942281574401144e-05,1.8942281574401144e-05
1.81926224471618e-06,1.81926224471618e-06,1.81926224471618e-05,1.81926224471618e-05
1.7458071546895272e-06,1.7458071546895272e-06,1.745807154689527e-05,1.745807154689527e-05
1.6738631101259616e-06,1.6738631101259616e-06,1.6738631101259615e-05,1.6738631101259615e-05
1.6034303292087326e-06,1.6034303292087326e-06,1.6034303292087326e-05,1.6034303292087326e-05
1.5345090255379224e-06,1.5345090255379224e-06,1.5345090255379223e-05,1.5345090255379223e-05
1.4670994081297795e-06,1.4670994081297795e-06,1.4670994081297795e-05,1.4670994081297795e-05
1.4012016814160534e-06,1.4012016814160534e-06,1.4012016814160533e-05,1.4012016814160533e-05
1.3368160452435496e-06,1.3368160452435496e-06,1.3368160452435496e-05,1.3368160452435496e-05
1.2739426948732423e-06,1.2739426948732423e-06,1.2739426948732424e-05,1.2739426948732424e-05
1.21258182097983e-06,1.21258182097983e-06,1.21258182097983e-05,1.21258182097983e-05
1.1527336096512354e-06,1.1527336096512354e-06,1.1527336096512353e-05,1.1527336096512353e-05
1.094398242387995e-06,1.094398242387995e-06,1.094398242387995e-05,1.094398242387995e-05
1.0375758961024273e-06,1.0375758961024273e-06,1.0375758961024273e-05,1.0375758961024273e-05
9.822667431186872e-07,9.822667431186872e-07,9.822667431186872e-06,9.822667431186872e-06
9.284709511716561e-07,9.284709511716561e-07,9.28470951171656e-06,9.28470951171656e-06
8.761886834067756e-07,8.761886834067756e-07,8.761886834067756e-06,8.761886834067756e-06
8.254200983794369e-07,8.254200983794369e-07,8.254200983794368e-06,8.254200983794368e-06
7.761653500544252e-07,7.761653500544252e-07,7.761653500544253e-06,7.761653500544253e-06
7.284245878057538e-07,7.284245878057538e-07,7.284245878057538e-06,7.284245878057538e-06
6.8219795641572e-07,6.8219795641572e-07,6.821979564157199e-06,6.821979564157199e-06
6.374855960750159e-07,6.374855960750159e-07,6.374855960750159e-06,6.374855960750159e-06
5.942876423818966e-07,5.942876423818966e-07,5.942876423818966e-06,5.942876423818966e-06
5.526042263419018e-07,5.526042263419018e-07,5.526042263419018e-06,5.526042263419018e-06
5.124354743674676e-07,5.124354743674676e-07,5.124354743674675e-06,5.124354743674675e-06
4.7378150827764863e-07,4.7378150827764863e-07,4.737815082776486e-06,4.737815082776486e-06
4.366424452973972e-07,4.366424452973972e-07,4.3664244529739714e-06,4.3664244529739714e-06
4.0101839805778415e-07,4.0101839805778415e-07,4.010183980577842e-06,4.010183980577842e-06
3.669094745950008e-07,3.669094745950008e-07,3.669094745950008e-06,3.669094745950008e-06
3.343157783505246e-07,3.343157783505246e-07,3.343157783505246e-06,3.343157783505246e-06
3.032374081706757e-07,3.032374081706757e-07,3.032374081706757e-06,3.032374081706757e-06
2.736744583061168e-07,2.736744583061168e-07,2.736744583061168e-06,2.736744583061168e-06
2.456270184118536e-07,2.456270184118536e-07,2.4562701841185363e-06,2.4562701841185363e-06
2.1909517354679053e-07,2.1909517354679053e-07,2.1909517354679055e-06,2.1909517354679055e-06
1.9407900417345304e-07,1.9407900417345304e-07,1.9407900417345303e-06,1.9407900417345303e-06
1.7057858615798783e-07,1.7057858615798783e-07,1.7057858615798782e-06,1.7057858615798782e-06
1.4859399076955215e-07,1.4859399076955215e-07,1.4859399076955215e-06,1.4859399076955215e-06
1.2812528468042484e-07,1.2812528468042484e-07,1.2812528468042484e-06,1.2812528468042484e-06
1.0917252996567318e-07,1.0917252996567318e-07,1.0917252996567318e-06,1.0917252996567318e-06
9.17357841028199e-08,9.17357841028199e-08,9.173578410281991e-07,9.173578410281991e-07
7.581509997206526e-08,7.581509997206526e-08,7.581509997206526e-07,7.581509997206526e-07
6.14105258556763e-08,6.14105258556763e-08,6.14105258556763e-07,6.14105258556763e-07
4.852210543809799e-08,4.852210543809799e-08,4.852210543809798e-07,4.852210543809798e-07
3.71498778057866e-08,3.71498778057866e-08,3.7149877805786603e-07,3.7149877805786603e-07
2.729387744715428e-08,2.729387744715428e-08,2.729387744715428e-07,2.729387744715428e-07
1.8954134252235912e-08,1.8954134252235912e-08,1.8954134252235912e-07,1.8954134252235912e-07
1.2130673512744661e-08,1.2130673512744661e-08,1.2130673512744662e-07,1.2130673512744662e-07
6.823515922182999e-09,6.823515922182999e-09,6.823515922182998e-08,6.823515922182998e-08
3.03267757534309e-09,3.03267757534309e-09,3.0326775753430905e-08,3.0326775753430905e-08
7.581699686398657e-10,7.581699686398657e-10,7.581699686398658e-09,7.581699686398658e-09
